Recipient,State,Municipality,Type,Address,School offering early childhood education,Cação or anjo?
10º Batalhão de Polícia Militar,Rio de Janeiro,Barra do Piraí,Military,"Rod.Lúcia Meira, Km 47",,cação
11º Batalhão de Polícia Militar,Rio de Janeiro,Nova Friburgo,Military,"Praça da Bandeira, s/nº ",,cação
12º Batalhão de Polícia Militar,Rio de Janeiro,Niterói,Military,"Av. Janssem de Melo, s/nº",,cação
12º Batalhão de Polícia Militar CRECHE,Rio de Janeiro,Niterói,School,"Av. Janssem de Melo, s/nº",YES,cação
13º Batalhão de Polícia Militar,Rio de Janeiro,Rio de Janeiro,Military,"Praça Tiradentes, nº 55 ",,cação
14º Batalhão de Polícia Militar,Rio de Janeiro,Rio de Janeiro,Military,"Estrada Guandu do Sena, nº 1954",,cação
15º Batalhão de Polícia Militar,Rio de Janeiro,Duque de Caxias,Military,"Rua Pedro Corrêa, nº 273        ",,cação
16º Military Police Battalion and Centro de Fisiatria e Reabilitação da Polícia Militar,Rio de Janeiro,Rio de Janeiro,Military,"Rua Paranapanema, nº 769",,cação
17º Batalhão de Polícia Militar,Rio de Janeiro,Rio de Janeiro,Military,"Estrada Rio Jequiá, nº 518 ",,cação
18º Batalhão de Polícia Militar,Rio de Janeiro,Rio de Janeiro,Military,"Estrada Pau de Ferro, nº 435",,cação
19º Batalhão de Polícia Militar,Rio de Janeiro,Rio de Janeiro,Military,"Figueiredo Magalhães, nº 550",,cação
1ª Companhia Independente de Polícia Militar ,Rio de Janeiro,Rio de Janeiro,Military,"Rua Cardoso Junior, nº479",,cação
20º Batalhão de Polícia Militar,Rio de Janeiro,Mesquita,Military,"Tenente Aldir, nº 345 ",,cação
21º Batalhão de Polícia Militar,Rio de Janeiro,São João de Meriti,Military,"Av. Automóvel Clube, s/nº ",,cação
22º Batalhão de Polícia Militar/Grupamento de Policiamento em Áreas Especiais,Rio de Janeiro,Rio de Janeiro,Military,"Av. Tancredo Neves, s/nº ",,cação
23º Batalhão de Polícia Militar,Rio de Janeiro,Rio de Janeiro,Military,"Rua Inglaterra, s/nº",,cação
24º Batalhão de Polícia Militar,Rio de Janeiro,Queimados,Military,"Rua Tenente Jerônimo, s/nº ",,cação
25º Batalhão de Polícia Militar,Rio de Janeiro,Cabo Frio,Military,"Rua Inglaterra, s/nº ",,cação
26º Batalhão de Polícia Militar,Rio de Janeiro,Petrópolis,Military,"Rua Domingos Silvério, s/nº ",,cação
27º Batalhão de Polícia Militar,Rio de Janeiro,Santa Cruz,Military,"Rua Guarantãn, s/nº ",,cação
28º Batalhão de Polícia Militar,Rio de Janeiro,Volta Redonda,Military,"Av. NS do Amparo, s/nº ",,cação
29º Batalhão de Polícia Militar,Rio de Janeiro,Itaperuna,Military,BR 356 Km 04 ,,cação
2º Batalhão de Polícia Militar,Rio de Janeiro,Rio de Janeiro,Military,"Rua São Clemente, n.º 345",,cação
3° BATALHÃO DE BOMBEIROS MILITAR,Santa Catarina,Blumenau,Military,"Rua 7 de Setembro, 2880, Blumenau/SC",,anjo
30º Batalhão de Polícia Militar,Rio de Janeiro,Teresópolis,Military,"Rua Guandu, nº 680 ",,cação
31º Batalhão de Polícia Militar,Rio de Janeiro,Rio de Janeiro,Military,"Av Sen Rui Carneiro, s/nº, Km 18,5 ",,cação
32º Batalhão de Polícia Militar,Rio de Janeiro,Macaé,Military,"Estrada do Imburo, n.º s/n ",,cação
34º Batalhão de Polícia Militar,Rio de Janeiro,Magé,Military,"Praça Getúlio Vargas, nº 71",,cação
35º Batalhão de Polícia Militar,Rio de Janeiro,Itaboraí,Military,"Ver. Hermínio de Moraes, nº 280 ",,cação
36º Batalhão de Polícia Militar,Rio de Janeiro,Santo Antônio de Pádua,Military,RJ116 c/ RJ186 ,,cação
39º Batalhão de Polícia Militar,Rio de Janeiro,Belford Roxo,Military,"Joaquim da Costa Lima, s/nº ",,cação
3º Batalhão de Polícia Militar,Rio de Janeiro,Rio de Janeiro,Military,"Rua Lucídio Lago, nº 181",,cação
41º Batalhão de Polícia Militar,Rio de Janeiro,Rio de Janeiro,Military,"Av. Pastor Martin Luther King Jr, no 8848",,cação
49º BATALHÃO DE POLÍCIA MILITAR DO INTERIOR,São Paulo,Jundiaí,Military,"R. Barão do Rio Branco, 318 - Vila Santa Rosa, Jundiaí - SP",,cação
4º Batalhão de Polícia Militar,Rio de Janeiro,Rio de Janeiro,Military,"Rua Francisco Eugênio, s/nº ",,cação
5º Batalhão de Polícia Militar,Rio de Janeiro,Rio de Janeiro,Military,"Praça Cel. Assunção, s/nº",,cação
6º Batalhão de Polícia Militar,Rio de Janeiro,Rio de Janeiro,Military,"Rua Barão de mesquita, n.º 625",,cação
7º Batalhão de Polícia Militar,Rio de Janeiro,São Gonçalo,Military,"Rua Alfredo Becker, n.º 367",,cação
8º Batalhão de Polícia Militar,Rio de Janeiro,Campos de Goytacazes,Military,"R. Ten Cel Cardoso,s/nº ",,cação
9º Batalhão de Polícia Militar,Rio de Janeiro,Rio de Janeiro,Military,"Rua Tacaratu, nº 94 ",,cação
ABDON BATISTA (DR.),Santa Catarina,Joinville,School,"R.: Petrópolis, 1.618",,cação
ABDON DA SILVEIRA,Santa Catarina,Joinville,School,"R.: Das Azaléias, s/nº",,cação
ABRIGO FEMININO,Rio Grande do Sul,Santa Cruz do Sul,Social Services,"Rua Carlos Trein Filho, 1286",,anjo
ABRIGO INSTITUCIONAL FEMININO “CASA LAR”,Espírito Santo,Vila Velha,Social Services,Rua do Amor Perfeito s/nº Novo México – Vila Velha/ES,,cação
ABRIGO INSTITUCIONAL “LAR FELIZ”,Rio de Janeiro,Armação dos Búzios,Social Services,"Avenida Geribá, nº 132, Geribá",,cação
ABRIGO MASCULINO,Rio Grande do Sul,Santa Cruz do Sul,Social Services,"Rua Carlos Trein Filho, 709",,anjo
ABRIGO RESIDENCIAL ADULTO,Rio Grande do Sul,Gravataí,Social Services,Rua Coronel Fonseca – Bairro Centro – Tel: 3484-3782,,anjo
ABRIGO RESIDENCIAL ADULTO,Rio Grande do Sul,Gravataí,Social Services,"Rua Quintino Bocaiúva, 183 – Parada 74 – em frente ao Big de Gravataí",,anjo
ABRIGO RESIDENCIAL CENTRO 1,Rio Grande do Sul,Gravataí,Social Services,"Rua Major João Batista Lessa, 67 – Bairro Centro – Tel: 3423-3435",,anjo
ABRIGO RESIDENCIAL CENTRO 2,Rio Grande do Sul,Gravataí,Social Services,"Rua Antônio Donga, 144 – Bairro Centro – Tel: 3490-3890",,anjo
ABRIGO RESIDENCIAL FLOR DE LARANJEIRA,Rio Grande do Sul,Gravataí,Social Services,"Rua Salvador Canellas Sobrinho, 39 – Bairro Centro – Gravataí",,anjo
ABRIGO RESIDENCIAL FLOR DE LIS,Rio Grande do Sul,Gravataí,Social Services,"Rua Adolfo Inácio de Barcelos, 75 – Bairro Centro – Gravataí",,anjo
ABRIGO RESIDENCIAL GIRASSOL,Rio Grande do Sul,Gravataí,Social Services,"Rua Engenheiro José Marques Viana, 328 – Gravataí",,anjo
ABRIGO RESIDENCIAL MORADA DO VALE,Rio Grande do Sul,Gravataí,Social Services,"Rua Ponta Porã, 175 – Bairro Jansen – Tel: 3496-3919",,anjo
ABRIGO RESIDENCIAL ORQUÍDEA,Rio Grande do Sul,Gravataí,Social Services,"Rua Pompílio Gomes, 163 – Bairro Centro – Gravataí",,anjo
ABRIGO RESIDENCIAL PARQUE DOS ANJOS,Rio Grande do Sul,Gravataí,Social Services,"Rua Prefeito Ary Tubs, 885 – Bairro Centro – Tel: 3431-4623",,anjo
ABRIGO RESIDENCIAL SÃO GERALDO,Rio Grande do Sul,Gravataí,Social Services,"Avenida Brasil, 202 – Bairro São Geraldo – Tel: 3421-1930",,anjo
ABRIGO RESIDENCIAL VIOLETA,Rio Grande do Sul,Gravataí,Social Services,"Rua Adão Marcelino da Silva, 125 – Bairro Centro – Gravataí",,anjo
ABRIVIVÊNCIA - ABRIGO MUNICIPAL MARLENE E CASA DE CONVIVÊNCIA - ABORDAGEM SOCIAL DE RUA,Rio Grande do Sul,Porto Alegre,Social Services,"Av. Getúlio Vargas, 40",,anjo
ACHILLES ALMEIDA BARRETO,Rio de Janeiro,Cabo Frio,School,"Avenida Wilson Mendes, s/nº - Porto do Carro",,cação
ACOMPAR -NÚCLEO,Rio Grande do Sul,Porto Alegre,School,"Rua Jacy Barcelos de Oliveira, 53",YES,anjo
ACOMPAR -NÚCLEO -,Rio Grande do Sul,Porto Alegre,School,"Av. Bernardino de Oliveira Paim, 82",YES,anjo
ACOMUR,Rio Grande do Sul,Porto Alegre,School,"R. Vidal de Negreiros,996 - Partenon",YES,anjo
ADÃO BENEZARTH,Espírito Santo,Vitória,School,"R. Prof. Clara Lima,63 - Conj. Antônio Honório (Goiabeiras) 29070-860",,cação
ADA SANT´ANNA DA SILVEIRA (PROFª),Santa Catarina,Joinville,School,"R.: Monsenhor Gercino, 6.674",,cação
ADEVALNI S. FERREIRA DE AZEVEDO,Espírito Santo,Vitória,School,"R. Victorino Cardoso, 140 - Jardim Camburi - 29090-820",,cação
ADHEMAR GARCIA,Santa Catarina,Joinville,School,"R.: Alvino Hansen, 1.226",,cação
ADILSON DA SILVA CASTRO,Espírito Santo,Vitória,School,"R. João Vieira, 50 - Ilha de Monte Belo 29053-220",,cação
ADOLFO ARTMANN,Santa Catarina,Joinville,School,"R.: Caçapava, 95",,cação
ADOLPHO BARTSCH,Santa Catarina,Joinville,School,"R.: Arno Krelling, s/nº",,cação
AÉCIO BISPO DOS SANTOS,Espírito Santo,Vitória,School,"R. Maria da Paixão dos Santos, 530 Gurigica - 29046-060",,cação
AELCA,Rio Grande do Sul,Porto Alegre,School,"R. Gen. salvador Pinheiro, 799 Vila Jardim",YES,anjo
AGRISA,Rio de Janeiro,Cabo Frio,School,"Estrado do Araçá, s/nº - Agrisa - 2º Distrito",,cação
AJUDÂNCIA GERAL,Rio de Janeiro,Rio de Janeiro,Military,"Rua Cardoso Junior, nº479",,cação
AJUDÂNCIA GERAL II,Rio de Janeiro,Rio de Janeiro,Military,"Rua Evaristo da Veiga, nº 78 ",,cação
ALAN,Rio Grande do Sul,Porto Alegre,School,"R. Panamá, 324 - Vila N. S. Fátima",YES,anjo
ALBERGUE MUNICIPAL,Rio Grande do Sul,Santa Cruz do Sul,Social Services,"Rua São José, 2381",,anjo
ALBERGUE MUNICIPAL CASA DO BEM,Rio Grande do Sul,Gravataí,Social Services,"ERS 118, nº 3155 – Bairro Cohab C – Gravataí",,anjo
ALBERGUE MUNICIPAL E CENTRO POP,Rio Grande do Sul,Gravataí,Social Services,"Rua Alfredo Emílio Allen, 144 – Bairro Santa Luzia – Tel: 3488-5880",,anjo
ALBERTO DE ALMEIDA,Espírito Santo,Vitória,School,"Rod. Serafim Derenzi, 60 Santo Antônio - 29026-470",,cação
ALBERTO PASQUALINI,Rio Grande do Sul,Gravataí,School,"Rua Evaristo da Veiga, nº 440 - Pda. 67 – Morada do Vale II",,anjo
ALBINO DIAS DE MELO,Rio Grande do Sul,Gravataí,School,"Travessa João Schmitt, nº 90 – Pda. 79/A - Morro Agudo",,anjo
ALDEIA DA FRATERNIDADE,Rio Grande do Sul,Porto Alegre,School,"R. Dona Paulina, 700",YES,anjo
ALEGRIA DE VIVER,Santa Catarina,Joinville,School,"R.: Monsenhor Gercino, 6.793",,cação
ALFONSO FIEDLER,Santa Catarina,Joinville,School,"Estr. Alvino Souza do Nascimento, s/n",,cação
ALFREDINA OLIVEIRA FRANCESCONI,Rio de Janeiro,Cabo Frio,School,"Rua Paraná, 13 - Jardim Esperança",,cação
ALFREDO CASTRO,Rio de Janeiro,Cabo Frio,School,"Rua Roma, s/nº - Jardim Excelsior",,cação
ALFREDO GERMANO HENRIQUE HARDT,Santa Catarina,Joinville,School,"Estrada D´Oeste, 5.319",,cação
ALGER RIBEIRO BOSSOIS,Espírito Santo,Vila Velha,School,Rua Mário de Andrade s/n,,cação
ALGODÃO DOCE,Rio Grande do Sul,Porto Alegre,School,"R. São Marcos, 150 Vila Bom Sucesso",YES,anjo
ALICE ANTENOR DE SOUZA PROFESSORA,São Paulo,Sumaré,School,N/A,YES,cação
ALIRE CARNEIRO (CEL.),Santa Catarina,Joinville,School,"Estrada Timbé, 1.335",,cação
ALITTA MARIA DO VALLE,Rio de Janeiro,Cabo Frio,School,"Rod. Amaral Peixoto , Km 137 - Gargoá",,cação
ALMOXARIFADO DA PREFEITURA MUNICIPAL DE ALMIRANTE TAMANDARÉ,Paraná,Almirante Tamandaré,School,"R. Geraldo Cordeiro Santana, 31 - Jardim São Venâncio",,cação
ALMOXARIFADO DE ALIMENTAÇÃO E NUTRIÇÃO,São Paulo,Jundiaí,School,"R. Monteiro Lobato, 149",,cação
ALMOXARIFADO MERENDA,São Paulo,Itapetininga,School,"R: ACÁSSIO DE MORES TERRA, 661",,cação
ALUIZIUS SEHNEN (PROF°),Santa Catarina,Joinville,School,"R.:Baltazar Buschle, 3.645",,cação
ÁLVARO DE CASTRO MATTOS,Espírito Santo,Vitória,School,"Rua Eugenílio Ramos, 130 - Jardim da Penha - 29060-130",,cação
ÁLVARO FERNANDES LIMA,Espírito Santo,Vitória,School,"R.Manoel Ferreira Constantino, 46 Bela Vista - 29027-482",,cação
ALVIMAR SILVA,Espírito Santo,Vitória,School,"Rua Miguel Pessoa, 10 - Mário Cypreste 29050-945",,cação
ALY DA SILVA,Espírito Santo,Vila Velha,School,"Av. Gabiroba, s/n",,cação
ALZELIR TEREZINHA G. PACHECO,Santa Catarina,Joinville,School,"R.:Inambú c/ Rua Jaó, 650",,cação
AMADOR AGUIAR,Santa Catarina,Joinville,School,"R.:Álvaro Maia, 1.021",,cação
AMANDOS FINDER,Santa Catarina,Joinville,School,"R.: Augusto Schramm, 52",,cação
AMAVTRON,Rio Grande do Sul,Porto Alegre,School,"R. Caixa Econômica, 605",YES,anjo
AMÉLIA FERREIRA,Rio de Janeiro,Cabo Frio,School,"Rod. Amaral Peixoto , Km 133 - Unamar",,cação
AMÉLIA SCHEMES,Rio Grande do Sul,Gravataí,School,"Rua Amélia Schemes, nº 339 – Parque Monte Claro",,anjo
AMÉRICA DOS ANJOS MONICA,Rio de Janeiro,Cabo Frio,School,"Rua Rubens Ribeiro, nº60 - Boca do Mato",,cação
AMÉRICO VESPÚCIO,Rio de Janeiro,Cabo Frio,School,"Rua Theonas Terra, 70 - Parque Burle",,cação
Centro-Dia Amigo Curitibano,Paraná,Curitiba,Social Services,"Rua Wilson Dacheux Pereira, 1840",,cação
Centro de Convivência Amigos da Melhor Idade,Paraná,Fazenda Rio Grande,Social Services,"Av. Venezuela, 247 - Eucaliptos",,cação
AMIGOS DA NATUREZA,Rio Grande do Sul,Porto Alegre,School,"Estrada Juca Batista, 6841",YES,anjo
AMILTON DA SILVA,Espírito Santo,Vila Velha,School,Conj. Ewerton Montenegro Guimarães,,cação
AMILTON MONTEIRO DA SILVA,Espírito Santo,Vitória,School,"Av Dário Lourenço de Souza, 760 Mario Cypreste 29026-080",,cação
AMOCASMA,Rio Grande do Sul,Porto Alegre,School,"R. Dorival Castilhos Machado,481 Acesso1, 20",YES,anjo
AMPARO SANTA CRUZ,Rio Grande do Sul,Porto Alegre,School,"Estrada Costa Gama, 719",YES,anjo
AMURT-AMURTEL (RESTINGA VELHA),Rio Grande do Sul,Porto Alegre,School,"R. Eng. Oscar de Oliveira Ramos, 1353",YES,anjo
ANA BERNARDES ROCHA,Espírito Santo,Vila Velha,School,Rua Senador Monjardim s/n,,cação
ANABURGO,Santa Catarina,Joinville,School,"Estrada Anaburgo, 1.747",,cação
ANACLETA SCHNEIDER LUCAS,Espírito Santo,Vitória,School,R. Coronel Alziro Vianna - s/n - Fonte Grande - 29016-721,,cação
ANA LUCIA PIERINI PROFESSORA,São Paulo,Sumaré,School,N/A,YES,cação
ANA MARIA CHAVES COLARES,Espírito Santo,Vitória,School,"R. Oswaldo Bastos de Souza Freitas 380, Jardim Camburi - 29090-450",,cação
ANANDA MARGA (RESTINGA NOVA),Rio Grande do Sul,Porto Alegre,School,"Alameda ""D"", 84",YES,anjo
ANANDA MARGA DO BARRO VERMELHO,Rio Grande do Sul,Porto Alegre,School,"R. ""U"", 52",YES,anjo
ANA PEREIRA GONÇALVES,Rio de Janeiro,Cabo Frio,School,"Rua 16, s/n.º, Unamar",,cação
ANDRE RODRIGUES DE ALKIMIN PROFESSOR,São Paulo,Sumaré,School,N/A,YES,cação
ANGELIM,Rio de Janeiro,Cabo Frio,School,Estrada do Araçá – Tamoios - 2º Distrito,,cação
ANGELO CAMPO DALL ORTO,São Paulo,Sumaré,School,N/A,YES,cação
ANÍSIO SPÍNOLA TEIXEIRA,Espírito Santo,Vitória,School,"R.América do Sul, 100 - Resistência 29032-570",,cação
ANITA GARIBALDI,Santa Catarina,Joinville,School,"R.: Independência, 965",,cação
ANITA TEIXEIRA DA SILVA,Rio de Janeiro,Cabo Frio,School,"Rua Juscelino Kubistchek, s/nº, Santo Antônio 2º Distrito",,cação
ANJINHO DA GUARDA,Rio Grande do Sul,Porto Alegre,School,"Rua Domingos de Abreu, 290",YES,anjo
ANNA MARIA HARGER (PROFª),Santa Catarina,Joinville,School,"R.: Barbosa Rodrigues, 227",,cação
ANTÔNIA MALBAR,Espírito Santo,Vila Velha,School,"Rua Basílio Costalonga, 215",,cação
ANTONIETTA CIA VIEL,São Paulo,Sumaré,School,N/A,YES,cação
ANTÔNIO AIRES DE ALMEIDA,Rio Grande do Sul,Gravataí,School,"Rua Franciscanos, nº 56 – Pda. 103 – Passo da Caveira/Vila Sagrada Família",,anjo
ANTÔNIO BEZERRA DE FARIAS,Espírito Santo,Vila Velha,School,Rua Operária s/n,,cação
ANTONIO DA CUNHA AZEVEDO,Rio de Janeiro,Cabo Frio,School,"Rua Maestro Clodomiro Guimarães de Oliveira, 95 Passagem",YES,cação
ANTÔNIO DEBARCELOS,Espírito Santo,Vila Velha,School,Av. Rui Braga Ribeiro s/n,,cação
ANTONIO DO VALLE SOBRINHO,São Paulo,Sumaré,School,N/A,YES,cação
ANTÔNIO PINTO RODRIGUES,Espírito Santo,Vila Velha,School,Rua Belo Horizonte s/n,,cação
ANTÔNIO RAMOS DA ROCHA,Rio Grande do Sul,Gravataí,School,"Rua Amazonas, nº 165 – Pda: 88 – Parque dos Anjos",,anjo
APAE-Associação de Pais e Amigos dos Excepcionais de São Mateus/ES,Espírito Santo,São Mateus,School,N/A,,cação
Associação de Pais e Amigos dos Excepcionais (Apae) - Serra/ES,Espírito Santo,Serra,School,"R. Afonso Arinos Melo Franco, 133 - Parque Res. Laranjeiras",,cação
APAE-Associação de Pais e Amigos dos Excepcionais de Valença/RJ,Rio de Janeiro,Valença,School,Laranjeiras,,cação
APAE-Associação de Pais e Amigos dos Excepcionais de Americana/SP,São Paulo,Americana,School,N/A,,cação
APAE-Associação de Pais e Amigos dos Excepcionais de Itapetininga/SP,São Paulo,Itapetininga,School,N/A,,cação
APAE-Associação de Pais e Amigos dos Excepcionais de Sumaré/SP,São Paulo,Sumaré,School,N/A,,cação
APAE-Associação de Pais e Amigos dos Excepcionais de Esteio/RJ,Rio Grande do Sul,Esteio,School,"Rua Alegrete, 393, Parque Amador",,"anjo, cação"
APAE-Associação de Pais e Amigos dos Excepcionais de Cariacica/ES,Espírito Santo,Cariacica,School,"Rua Carlos Rogério de Jesus, S/N, Bairro Santa Fé, CEP 29143-738",,cação
Academia de Polícia Militar Dom João VI,Rio de Janeiro,Rio de Janeiro,Military,"Av. Marechal Fontenele, 2906 - Jardim Sulacap",,cação
APMI-Associação de Proteção a Maternidade e a Infância de Itaperuçu,Paraná,Itaperuçu,Social Services,"Rua Crispim Furquim de Siqueira n° 1000, Bairro Butierinho CEP: 83560-000",YES,cação
ARAÇÁ,Rio de Janeiro,Cabo Frio,School,"Estr. do Araçá, s/nº, Araçá - Tamoios 2º Distrito",,cação
ARAPEÍ,Rio Grande do Sul,Porto Alegre,School,"R. Arapeí, 474",YES,anjo
ARCO ÍRIS,Rio Grande do Sul,Porto Alegre,School,"R. Tobago, 1258",YES,anjo
ARCO ÍRIS ENCANTADO,Rio Grande do Sul,Porto Alegre,School,"Rua Guaíba, 95 Lomba do Pinheiro",YES,anjo
ARINOR VOGELSANGER (VEREADOR),Santa Catarina,Joinville,School,"R.: Rolando Gurske, s/nº",,cação
ARISTÓBULO BARBOSA LEÃO,Espírito Santo,Vitória,School,"Av. Vitória, 3010 Bento Ferreira 29050-800",,cação
ARLETE ROSA CASTANHO,Rio de Janeiro,Cabo Frio,School,"Rua Cel. Mario Quintanilha, 299 - Vila Nova",,cação
ARQUIVO-HISTÓRIA VIVA,Rio de Janeiro,Niterói,Other,"Rua General Castrioto, no589, Barreto",,cação
ARTE E VIDA,Santa Catarina,Joinville,School,"R.: Willy Schossland, 1.242 (esquina)",,cação
ARTHUR DA COSTA E SILVA,Espírito Santo,Vitória,School,"R. Pres. Rodrigues Alves, 255 Bairro República 29070-145",,cação
ARTHUR DA COSTA E SILVA (PRES.),Santa Catarina,Joinville,School,"R.:XV de outubro, 4.648",,cação
ASS. PESTALOZZI DA SERRA,Espírito Santo,Serra,School,"Rua Ceciliano Abel de Almeida, Jacaraípe",,cação
ASSISTENCIA E APOIO A CRIANÇA ( AAC),Rio de Janeiro,São Gonçalo,School,"R. Félix Antônio da Silva,167",YES,cação
ASSOCIAÇÃO AMIGOS AUTISTAS (AMA),Santa Catarina,Joinville,School,"Rua José Gerard Rollin Filho, 185",,cação
ASSOCIAÇÃO ASSISTENCIAL EDUCACIONAL AMANHECER ( AAEA),Rio de Janeiro,São Gonçalo,School,"Av. José Lopes Raposo,235",YES,cação
ASSOCIAÇÃO ASSISTENCIAL EDUCACIONAL MACADESKI,Rio de Janeiro,São Gonçalo,School,"R. Maceió,20, Qd167",YES,cação
ASSOCIAÇÃO ASSISTENCIAL EDUCACIONAL MACADESKI - MOJOLOS,Rio de Janeiro,São Gonçalo,School,"Rua João de Abreu, nº 470, quadra 5, lote 4",YES,cação
ASSOCIAÇÃO ASSISTENCIAL EDUCACIONAL MACADESKI - SACRAMENTO,Rio de Janeiro,São Gonçalo,School,"Estrada do Sacramento nº 380, lote 04",YES,cação
ASSOCIAÇÃO ASSISTENCIAL VITÓRIA RÉGIA,Rio de Janeiro,São Gonçalo,School,"R. Mentor Couto, 3863",YES,cação
ASSOCIAÇÃO CASA BRAZIL - IMAGINART,Rio de Janeiro,São Gonçalo,School,"Travesse Gonçalves Alho, 261",YES,cação
ASSOCIAÇÃO CRECHE ESTRELA DA MANHÃ,Rio de Janeiro,São Gonçalo,School,"R. Clodomiro Antunes da Costa,81",YES,cação
ASSOCIAÇÃO DE ATENDIMENTO CULTURAL E EDUCACIONAL RENASCER,Rio Grande do Sul,Santa Cruz do Sul,Social Services,"Av. Independência, 2.824",,anjo
ASSOCIAÇÃO DE EDUCAÇÃO FAMILIAR E SOCIAL DO RS – CASA DA CRIANÇA,Rio Grande do Sul,Santa Cruz do Sul,Social Services,"Rua Carlos Trein Filho, 1632",,anjo
ASSOCIAÇÃO DE MORADORES E AMIGOS DO ANAIA,Rio de Janeiro,São Gonçalo,School,"Estrada do Anaia,57",YES,cação
ASSOCIAÇÃO DE PAIS E AMIGOS DOS EXCEPCIONAIS - APAE,Rio Grande do Sul,Taquari,Social Services,"Bairro Léo Alvim Faller – 2,59Km da Prefeitura",,anjo
ASSOCIAÇÃO DE PROJETO EDUCACIONAL P/ CRIANÇAS E ADOLESCENTES – AESCA PEDREIRA,Rio Grande do Sul,Santa Cruz do Sul,Social Services,"Rua da Pedreira, 1.087",,anjo
ASSOCIAÇÃO DE PROJETO EDUCACIONAL P/ CRIANÇAS E ADOLESCENTES – AESCA SANTUÁRIO,Rio Grande do Sul,Santa Cruz do Sul,Social Services,"Rua Cléber Natalino dos Santos, 84",,anjo
ASSOCIAÇÃO EDUCACIONAL CANTINHO FELIZ – FILIAL 1,Rio Grande do Sul,Santa Cruz do Sul,Social Services,RSC 287 – Km 93,,anjo
ASSOCIAÇÃO EDUCACIONAL CANTINHO FELIZ – FILIAL 2,Rio Grande do Sul,Santa Cruz do Sul,Social Services,"Rua Felipe Jacobus, 08",,anjo
ASSOCIAÇÃO EDUCACIONAL CANTINHO FELIZ – MATRIZ,Rio Grande do Sul,Santa Cruz do Sul,Social Services,"Av. Orlando O. Baumhardt, 3.678",,anjo
ASSOCIAÇÃO EDUCACIONAL EDUCAR E BRINCAR,Rio Grande do Sul,Santa Cruz do Sul,School,"Av. Orlando O. Baumhardt, 1.390",YES,anjo
ASSOCIAÇÃO EDUCACIONAL PÃO DE MEL,Rio Grande do Sul,Santa Cruz do Sul,School,"Rua Boaventura Koelberg, 171 – Bairro Arroio Grande",YES,anjo
ASSOCIAÇÃO EDUCACIONAL PÃO DE MEL (VIVER BEM) – FILIAL 1,Rio Grande do Sul,Santa Cruz do Sul,School,"Rua Violeta, 145 – Bairro Dona Carlota",YES,anjo
ASSOCIAÇÃO EDUCACIONAL PROFISSIONALIZANTE ISIS,Rio de Janeiro,São Gonçalo,School,"R. Alameda Curitiba, Lt 13 e 14",,cação
ASSOCIAÇÃO EVANGELICA EDIFICANDO VIDAS,Rio de Janeiro,São Gonçalo,School,"R. ValdemiroAlcântara ,93",,cação
ASSOCIAÇÃO FRANCISCANA DA DIVINA PROVIDÊNCIA CRECHE MENINO JESUS,Rio de Janeiro,Duque de Caxias,Social Services,"Rua Bernardino Machado, 2031 Lafayete Duque de Caxias Rj Telefone: 27716398",YES,cação
ASSOCIAÇÃO OFICINA DE VIDA,Rio de Janeiro,São Gonçalo,School,"Rua Leoncio Correia, nº 2341",,cação
ASSOCIAÇÃO PAZ E AMOR,Rio de Janeiro,São Gonçalo,School,"Rua Cedigio Pereira Rocha, nº 114",,cação
ASSOCIAÇÃO PESTALOZZI DE DUQUE DE CAXIAS,Rio de Janeiro,Duque de Caxias,School,"R. Ari Barroso, 605 - Parque Boa Vista I, Duque de Caxias - RJ",,cação
ASSOCIAÇÃO RAÍZ DE DAVI,Rio de Janeiro,São Gonçalo,School,"R. João Capistrano de Abreu,1258",,cação
Associação Joinvilense para Integração dos Deficientes Visuais – AJIDEVI,Santa Catarina,Joinville,Social Services,"Rua Jornalista Hilário Muller, 276",,cação
ASSOSIAÇÃO EDUCA. ASSIS. CRECHE ESCOLA COMUNITÁRIA RENASCER,Rio de Janeiro,São Gonçalo,School,"R. das Esmeraldas, 749, lt 25 qd 141",YES,cação
AUGUSTO LONGONI,Rio Grande do Sul,Gravataí,School,"Rua Jardel Filho, nº 90 – Águas Claras",,anjo
ÁUREA CELI BARBOSA,Rio Grande do Sul,Gravataí,School,"Rua Marco Polo, nº 729 - Pda. 76 – Vila São Vicente",,anjo
AVELINO MARCANTE,Santa Catarina,Joinville,School,"R.:Guilherme Holz, 140",,cação
AVENTURAS DE CRIANÇA,Santa Catarina,Joinville,School,"R.: Pica Pau, 993",YES,cação
BALÃO MÁGICO,Rio Grande do Sul,Porto Alegre,School,"R. Rio Negro, 59 - Vila Bom Sucesso",YES,anjo
BALTAZAR BUSCHLE (PREF.),Santa Catarina,Joinville,School,"R.:Olga Trusz Sboinski, 62",,cação
BARÃO DO RIO BRANCO,Espírito Santo,Vila Velha,School,"Rua Sebastião, 100",,cação
BÁRBARA MAIX,Rio Grande do Sul,Gravataí,School,"Rua Santa Ana, nº 146 – Pda. 67 – Vila Branca",,anjo
BARNABÉ,Rio Grande do Sul,Gravataí,School,"Rua Coronel Sampaio, nº 614 - Parque dos Eucaliptos",,anjo
BARRO VERMELHO,Rio Grande do Sul,Gravataí,School,"Rua Franciscano, nº 56 - Barro Vermelho",,anjo
BARRO VERMELHO,Rio Grande do Sul,Porto Alegre,School,"R. Luis Antonio Zanella, 995",YES,anjo
BASÍLIO COSTALONGA,Espírito Santo,Vila Velha,School,Rua Bernardino Monteiro s/n,,cação
BATALHAO DE BOMBEIRO MILITAR,Rio Grande do Sul,Santa Cruz do Sul,Military,CBB,,anjo
BATILANOS,Rio Grande do Sul,Porto Alegre,School,"R. Estrada dos Batilanas, 1005",YES,anjo
BEIJA-FLOR,Santa Catarina,Joinville,School,"R.: dos Bancários, 305",,cação
BELA ROSA,Rio Grande do Sul,Gravataí,School,"Rua Morro dos Conventos, nº 144 - Cohab",,anjo
BELGICA ALLEONI BORGES PROFESSORA,São Paulo,Sumaré,School,N/A,YES,cação
BELVEDERE CENTRAL,Espírito Santo,Serra,School,Belvedere,,cação
BELVEDERE CHAPADA GRANDE,Espírito Santo,Serra,School,Chapada Grande,,cação
BELVEDERE MORRINHOS,Espírito Santo,Serra,School,Morrinhos,,cação
BELVEDERE MORRO DA PALHA,Espírito Santo,Serra,School,Morro da Palha,,cação
BELVEDERE PUTIRI,Espírito Santo,Serra,School,Putiri,,cação
BELVEDERE SANTIAGO,Espírito Santo,Serra,School,Santiago,,cação
BEM ME QUER,Rio Grande do Sul,Gravataí,School,"Rua Pompílio Gomes, nº 145",,anjo
BEM-ME-QUER,Rio Grande do Sul,Porto Alegre,School,"R. Júlio Teixeira, 201 COHAB",YES,anjo
BEM-ME-QUER,Santa Catarina,Joinville,School,"R.:Crater c/ Av.Júpiter, 42",,cação
BERNARDO TANK (PROFº),Santa Catarina,Joinville,School,"R.:XV de Novembro, 8.574",,cação
B GERALDO PINTO DUARTE PAES,São Paulo,Jundiaí,School,"R. Angelo Pernanbuco, 180",,cação
BOA ESPERANÇA,Rio Grande do Sul,Porto Alegre,School,"R. Orfanotrófio, 409, casa 3",YES,anjo
BOM JESUS,Rio Grande do Sul,Gravataí,School,"Rua Francelino Schmitz, nº 1302 – Pda. 67 – Vila Cruzeiro",,anjo
BOM JESUS - ABRIGO MUNICIPAL BOM JESUS - AMBJ,Rio Grande do Sul,Porto Alegre,Social Services,"Rua São Domingos, 165 - Bairro Bom Jesus",,anjo
BONSUCESSO,Rio Grande do Sul,Gravataí,School,"Av. Borges de Medeiros, nº 791 - Pda. 72 – Vila Bonsucesso",,anjo
Batalhão de Operações Policiais Especiais,Rio de Janeiro,Rio de Janeiro,Military,"R. Campo Belo, 150 - Laranjeiras",,cação
BOTÃOZINHO DE ROSA,Santa Catarina,Joinville,School,"R.: Guanabara, 1.062",,cação
Batalhão de Polícia de Choque - BPChq,Rio de Janeiro,Rio de Janeiro,Military,"Av. Salvador de Sá, 2 - Cidade Nova, Rio de Janeiro - RJ",,cação
Batalhão de Polícia Florestal e de Meio Ambiente (BPFMA),Rio de Janeiro,São Gonçalo,Military,Rod. Amaral Peixoto RJ-104 KM 10,,cação
Batalhão de Polícia Rodoviária,Rio de Janeiro,Niterói,Military,"Rua Mackenzie, s/nº, Fonseca/Niterói",,cação
BRANCA DE NEVE,Rio Grande do Sul,Gravataí,School,"Rua Antônio Ficagna, nº 853 - Morada do Vale I",,anjo
BRANCA DE NEVE,Santa Catarina,Joinville,School,"R.: das Andorinhas, 550",,cação
BRENO JARDIM GARCIA,Rio Grande do Sul,Gravataí,School,"Rua Dona Cledi, nº 246 – Pda. 103 – Passo da Caveira",,anjo
BRINCANDO DE RODA,Rio Grande do Sul,Porto Alegre,School,"Beco da Vitória, 1460",YES,anjo
BRINCARTE GOIABEIRAS,Espírito Santo,Vitória,School,"R. Prof Doralice de Oliveira Neves,350 Maria Ortiz",YES,cação
BRINCARTE RESISTÊNCIA,Espírito Santo,Vitória,School,"R. São Sebastião, 80 Resistência 29032-545",YES,cação
C.E.I. ÁLVARO BRAZ FERNANDES 1,Santa Catarina,Tubarão,School,N/A,YES,cação
C.E.I. ÁLVARO BRAZ FERNANDES 2,Santa Catarina,Tubarão,School,N/A,YES,cação
C.E.I. ANJOS DA GUARDA,Santa Catarina,Tubarão,School,N/A,YES,cação
C.E.I. APRENDER BRINCANDO,Santa Catarina,Tubarão,School,N/A,YES,cação
C.E.I. BALÃO MÁGICO,Santa Catarina,Tubarão,School,N/A,YES,cação
C.E.I. BRANCA DE NEVE,Santa Catarina,Tubarão,School,N/A,YES,cação
C.E.I. CAMINHO FELIZ,Santa Catarina,Tubarão,School,N/A,YES,cação
C.E.I. CANTINHO DA ALEGRIA *,Santa Catarina,Tubarão,School,N/A,YES,cação
C.E.I. CHAPEUZINHO VERMELHO,Santa Catarina,Tubarão,School,N/A,YES,cação
C.E.I. CIDADE AZUL,Santa Catarina,Tubarão,School,N/A,YES,cação
C.E.I. CRIANÇA FELIZ,Santa Catarina,Tubarão,School,N/A,YES,cação
C.E.I. DIVINA PROVIDÊNCIA *,Santa Catarina,Tubarão,School,N/A,YES,cação
C.E.I. DORIVALDA BRISTOT DE CAMPOS *,Santa Catarina,Tubarão,School,N/A,YES,cação
C.E.I. ESTRELINHA BRILHANTE,Santa Catarina,Tubarão,School,N/A,YES,cação
C.E.I. FELICIANA C. SILVA,Santa Catarina,Tubarão,School,N/A,YES,cação
C.E.I. IRENE BOTEGA COLLAÇO,Santa Catarina,Tubarão,School,N/A,YES,cação
C.E.I. JOANA DE ÂNGELIS,Paraná,Almirante Tamandaré,School,"Rua Tereza Fonseca de Camargo, 61 – Jardim Dourados –Lamenha Grande - 83507-490",YES,cação
C.E.I. JOSÉ SANTOS NUNES,Santa Catarina,Tubarão,School,N/A,YES,cação
C.E.I. LEONOR LIMA BRASIL,Santa Catarina,Tubarão,School,N/A,YES,cação
C.E.I. MÁRIO JOSÉ BRESSAN,Santa Catarina,Tubarão,School,N/A,YES,cação
C.E.I. ORLANDO FRANCALACCI,Santa Catarina,Tubarão,School,N/A,YES,cação
C.E.I. PADRE PAULO HERDT,Santa Catarina,Tubarão,School,N/A,YES,cação
C.E.I. PEIXINHO DOURADO *,Santa Catarina,Tubarão,School,N/A,YES,cação
C.E.I. PIRLIM-PIM-PIM,Santa Catarina,Tubarão,School,N/A,YES,cação
C.E.I. PROF CRISTINA WENDHAUSEN,Santa Catarina,Tubarão,School,N/A,YES,cação
C.E.I. RECIFE,Santa Catarina,Tubarão,School,N/A,YES,cação
C.E.I. SETE ANÕES,Santa Catarina,Tubarão,School,N/A,YES,cação
C.E.I. THERESA DA SILVA ROSENDO *,Santa Catarina,Tubarão,School,N/A,YES,cação
C.E.I. WALT DISNEY,Santa Catarina,Tubarão,School,N/A,YES,cação
C.E.I BORBOLETA AZUL,Santa Catarina,Tubarão,School,N/A,YES,cação
C.E.I SÃO CRISTOVÃO,Santa Catarina,Tubarão,School,N/A,YES,cação
C.M.A.E.E. (CENTRO MUNICIPAL DE ATENDIMENTO EDUCACIONAL ESPECIALIZADO),Paraná,Almirante Tamandaré,School,"Rua Emilio Jonhson, 953 - Almirante Tamandaré, Paraná.",,cação
C. M. CAIC DJALMA MACEDO,Rio de Janeiro,Valença,School,"Rua Benjamim Constant, 202, Juparanã",,cação
C. M. DR. ALFREDO DE SOUZA LEMOS,Rio de Janeiro,Valença,School,"Rua David Alves dos Santos, s/nº, Parque Pentagna",,cação
C.M.E.I. CACILDA NOGUEIRA,Paraná,Almirante Tamandaré,School,"Rua Alan Cardec, 386 – Jardim Monterrey - 83507-100",YES,cação
C.M.E.I. CASTELO DE SONHOS,Paraná,Almirante Tamandaré,School,"Rua Indaial, 47 – Jd. Apucarana. - 83505-100",YES,cação
C.M.E.I. CRIANÇA FELIZ,Paraná,Almirante Tamandaré,School,"Rua Piraquara, 500 – Jardim Roma (Caic) - 83504-110",YES,cação
C.M.E.I. DONA RUTH WEIGERT,Paraná,Almirante Tamandaré,School,"Avenida Wadislau Bugalski, nº 5150- Lamenha Grande, 5086",YES,cação
C.M.E.I. MARIA DE LOURDES SIQUEIRA,Paraná,Almirante Tamandaré,School,"Rua Coronel João Cândido de Oliveira, 120 - Centro - 83506-100",YES,cação
C.M.E.I. OCTACILIA BETES,Paraná,Almirante Tamandaré,School,"Rua Antônio Stocchero, 495 - Tranqueira - 83508-270",YES,cação
C.M.E.I. PARAÍSO,Paraná,Almirante Tamandaré,School,"Rua José Gavlick, 528 – Jardim Silvana/Paraíso - 83512-130",YES,cação
C.M.E.I. PEQUENO POLEGAR,Paraná,Almirante Tamandaré,School,Rua São Sebastião 286- Jardim Monte Santo - 83501-420.,YES,cação
C.M.E.I.PEQUENO PRÍNCIPE,Paraná,Almirante Tamandaré,School,"Rua Prof. Zelete Custodio Vicente, 103 – Jardim Josiane -83504-350",YES,cação
C.M.E.I BONFIM,Paraná,Almirante Tamandaré,School,"Rua Padre Amantino Pereira de Azevedo, 100 –Jardim Bonfim - 83506-260",YES,cação
C.M.E.I CANTINHO DO CÉU,Paraná,Almirante Tamandaré,School,"Rua João Antunes de Lara, 30 - Cachoeira - 83506-070",YES,cação
C.M.E.I JARDIM GRAZIELA,Paraná,Almirante Tamandaré,School,"Rua Grécia, 88 – Jardim Graziela - 83505-330",YES,cação
C.M.E.I PROF.ª AURECI MACHADO,Paraná,Almirante Tamandaré,School,Rua Stanislau Borowski nº484 – Jd. São Venâncio – Ao lado do Almoxarifado da Prefeitura Municipal.,YES,cação
C.M.E.I PROFESSORA REGINA OLANDOSKI WOLF,Paraná,Almirante Tamandaré,School,"Avenida Brasília, s/n - Tanguá. - 83508-504",YES,cação
C.M. HERMÍNIA DE OLIVEIRA MATTOS,Rio de Janeiro,Mangaratiba,School,"Praça Waldomiro J. Nogueira, s/nº - Conceição de Jacareí",,cação
C. M. LIA COUTINHO DA SILVEIRA SOUZA,Rio de Janeiro,Valença,School,"Rua Felipe Tabet, 55, Hildebrando Lopes",,cação
C. M. MARIA DA CONCEIÇÃO DE S.MATTOS,Rio de Janeiro,Valença,School,"Rua da Figueira, 178, Osório",,cação
C. M. MARIA MARGARIDA C. MACEDO,Rio de Janeiro,Valença,School,"Rua 27 de Novembro, 57, Água Fria",,cação
C.M. N. SENHORA DAS GRAÇAS,Rio de Janeiro,Mangaratiba,School,"Rua 1º. De Maio, 180 – Muriqui",,cação
C. M. ODILON GOMES,Rio de Janeiro,Valença,School,"Rua Pamphilo Tavares, 04, Biquinha",,cação
C. M. P. M. FABIANA APARECIDA DE SOUZA,Rio de Janeiro,Valença,School,"Rua Projetada A, s/n, Loteamento, Vadinho Fonseca",,cação
C. M. PAULINA PORTO SILVA,Rio de Janeiro,Valença,School,"Rua Maria Resende, 166, Cambota",,cação
C. M. PAULO DEMARCHI GOMES,Rio de Janeiro,Valença,School,"Rua São Jorge, 05, Chacrinha",,cação
C.M. PAULO FREIRE,Rio de Janeiro,Armação dos Búzios,School,Rua Francisca Maria de Souza,,cação
C. M. PROF. LÉLIO AMARAL,Rio de Janeiro,Valença,School,Estrada Valença – Barra do Piraí,,cação
C. M. SÃO JOSÉ,Rio de Janeiro,Valença,School,"Rua Frederico de La Vega, 84, Centro",,cação
C. M. VÓ DOMINGAS,Rio de Janeiro,Valença,School,"Rua Monsenhor Paschoal Librelloto, 307, Centro, Conservatória",,cação
C.M AMARAL PEIXOTO,Rio de Janeiro,São Gonçalo,School,AV.HUMBERTO DE ALENCAR C. BRANCO,,cação
C.M ERNANI FARIA,Rio de Janeiro,São Gonçalo,School,"RUA OLIVEIRA BOTELHO, S/Nº",,cação
C.M ESTEPHANIA DE CARVALHO,Rio de Janeiro,São Gonçalo,School,"RUA BISPO DOM JOÃO DA MATA, 466",,cação
C.M IRENE BARBOSA ORNELLAS,Rio de Janeiro,São Gonçalo,School,"RUA BERNARDO FARIA, S/Nº",,cação
C.M PRESIDENTE CASTELLO BRANCO,Rio de Janeiro,São Gonçalo,School,"RUA CARLOS GIANELLI, S/Nº",,cação
CACHINHOS DE OURO,Santa Catarina,Joinville,School,"R.: Pastor Gerg Bürger, 141",YES,cação
CACHINHOS DE OURO (EXTENSÃO),Santa Catarina,Joinville,School,"R.: Andrelino Nunes da Silva, 20",YES,cação
CAI - Centro de Atividades Integradas Benhard Kaden,Rio de Janeiro,Rio de Janeiro,Social Services,"Av.do Canal Pista 4, no205, Antares-Santa Cruz",,cação
CAI - Centro de Atividades Integradas Edson Arantes do Nascimento,Rio de Janeiro,Niterói,Social Services,"Rua General Castrioto, no 589, Barreto",YES,cação
CAI - Centro de Atividades Integradas Maria Beralda,Rio de Janeiro,Rio de Janeiro,Social Services,Trav. Anatole s/n – Cidade de Deus-Jacarepaguá/RJ,YES,cação
CAI - Centro de Atividades Integradas Odilo Costa Neto,Rio de Janeiro,Rio de Janeiro,Social Services,"Praça Israel,Quadra 9, Cidade de Deus, Jacarepaguá, Rio de Janeiro/RJ",YES,cação
CAI - Centro de Atividades Integradas Castorina Faria Lima,Rio de Janeiro,Rio de Janeiro,Social Services,"Rua Bacabal s/no, (Praça Silvinha Teles), Padre Miguel, Rio de Janeiro/RJ",YES,cação
CAIC ELOMIR SILVA,Rio de Janeiro,Maricá,School,RUA: GUARUJA LT 01 KM: 22 BAIRRO: MARINE (SÃO JOSÉ DE IMBASSAÍ) CIDADE: MARICÁ/RJ CEP: 24.931-100,YES,cação
CAIC PROF. SYLVINO CHINELATTO,São Paulo,Americana,School,"Rua dos Ideais, s/n - Jd. da Paz",YES,cação
CAIS MENTAL 08,Rio Grande do Sul,Porto Alegre,Social Services,"Av. José Bonifácio, 71 - Farroupilha, Porto Alegre - RS",,anjo
CAMPO DA TUCA,Rio Grande do Sul,Porto Alegre,School,"R. ""D"", 200 Partenon",YES,anjo
CANDIDO JOSE MARTINEZ PROFESSOR,São Paulo,Sumaré,School,N/A,YES,cação
CANTINHO DA CRIANÇA,Rio Grande do Sul,Porto Alegre,School,"R. Adão Araújo, 81 - Aparício Borges",YES,anjo
CANTINHO DOS PIÁS,Rio Grande do Sul,Porto Alegre,School,"R. Tomás Fco. de Jesus,412 Vila Brasília",YES,anjo
CANTINHO VERDE,Rio Grande do Sul,Gravataí,School,"Trav. Ponta Grossa, nº 210 - Parque Residencial Itacolomi",,anjo
CAPELA NAVEGANTES,Rio Grande do Sul,Porto Alegre,School,"Av. Guaiba, 46",YES,anjo
CAP FEMININA,Espírito Santo,Vila Velha,Social Services,Rua Amor Perfeito nº 01 - Novo Mexico,,cação
CAP INFANTIL (VILA VELHA/ES),Espírito Santo,Vila Velha,Social Services,N/A,,cação
CAP MASCULINO,Espírito Santo,Vila Velha,Social Services,Estrada Jeronimo Monteiro s/n – Aribiri,,cação
CAPS,Paraná,Fazenda Rio Grande,Social Services,"Rua Seringueira, 494 - Eucaliptos",,cação
CAPS AD - Centro de Atenção Psicossocial Álcool e Drogas,Rio Grande do Sul,Santa Cruz do Sul,Healthcare,"Rua Capitão Fernando Tatsch, n° 228",,anjo
Centro de Atenção Psicossocial da Infância e Adolescência – CAPS IA,Rio Grande do Sul,Santa Cruz do Sul,Healthcare,"Rua Presidente Rodrigues Alves, nº 729",,anjo
CAPS II - Centro de Atenção Psicossocial,Rio Grande do Sul,Santa Cruz do Sul,Healthcare,"Rua Venâncio Aires, nº 307",,anjo
CAPS PAULO MARCOS COSTA,Rio de Janeiro,São Gonçalo,Healthcare,"R. Ladislau de Andrade, 44 - Mutondo, São Gonçalo - RJ",,cação
CARLITA CORRÊA PEREIRA,Espírito Santo,Vitória,School,"R. Filomeno Ribeiro, 221 - Morro da Piedade 29016-130",,cação
CARLOS ALBERTO GOMES DE CARVALHO,Rio de Janeiro,Cabo Frio,School,"Rua Três, s/nº, Loteamento Colinas do Peró",,cação
CARLOS GOMES DE OLIVEIRA (SENADOR),Santa Catarina,Joinville,School,"R.: Lauro Schroeder, 777",,cação
CARLOS HEINS FUNKE (AGRÍCOLA),Santa Catarina,Joinville,School,"Rodovia SC 418 - KM 0, 5",,cação
CASA CRIANÇA ARACY,São Paulo,Americana,School,"Rua Carlos Vassalo, s/n – São Jerônimo",YES,cação
CASA CRIANÇA JAGUARI,São Paulo,Americana,School,"Rua Lúcio Alves, s/nº - Bairro Jaguari",YES,cação
CASA DA ACOLHIDA I,Rio de Janeiro,Petrópolis,Social Services,"Rua Coronel Veiga, 1559",,cação
CASA DA ACOLHIDA II,Rio de Janeiro,Petrópolis,Social Services,"Rua Visconde Taunay, 645",,cação
CASA DA CRIANÇA,São Paulo,Itapetininga,School,"R: FRANCISCO CORREIA, 954",YES,cação
CASA DA CRIANÇA ARAPIRANGA,São Paulo,Americana,School,"Rua da Esperança, 50 - Jd. da Paz",YES,cação
CASA DA CRIANÇA ARAÚNA,São Paulo,Americana,School,"Rua dos Colibris, 721 -Jd. dos Lírios",YES,cação
CASA DA CRIANÇA BAETI CRECHE,São Paulo,Americana,School,"Rua China, 233 - Pq. Das Nações",YES,cação
CASA DA CRIANÇA BAETI EMEI,São Paulo,Americana,School,"Rua China, 223 - Pq. Das Nações",YES,cação
CASA DA CRIANÇA CURIÓ CRECHE,São Paulo,Americana,School,Rua Cruz de Souza s/nº - Bairro Antônio Zanaga I,YES,cação
CASA DA CRIANÇA CURIÓ EMEI,São Paulo,Americana,School,"Av. Maria Quitéria, 453 – Bairro Antônio Zanaga I",YES,cação
CASA DA CRIANCA DE INOA,Rio de Janeiro,Maricá,School,"ROD: ERNANI DO AMARAL PEIXOTO. KM 16,5 BAIRRO: INOÃ - CIDADE: MARICÁ/RJ CEP: 24.941-525",YES,cação
CASA DA CRIANÇA DE ITAIPUACU,Rio de Janeiro,Maricá,School,RUA: CAIO FRANCISCO FIGUEIREDO S/N - BAIRRO: INOÃ - CIDADE: MARICÁ/RJ CEP: 24.942- 285,YES,cação
CASA DA CRIANÇA GRAÚNA,São Paulo,Americana,School,"Rua dos Lírios, 1080 – Cidade Jardim",YES,cação
CASA DA CRIANÇA JURITI – CRECHE,São Paulo,Americana,School,"Rua dos Solimões, 850 – São Roque",YES,cação
CASA DA CRIANÇA JURITI – EMEI,São Paulo,Americana,School,"Rua dos Solimões, 930 – São Roque",YES,cação
CASA DA CRIANÇA MAÍRA CRECHE,São Paulo,Americana,School,"Rua Alfredo Spínola de Melo, 248 – Bairro Pq. Gramado",YES,cação
CASA DA CRIANÇA MAÍRA EMEI,São Paulo,Americana,School,"Rua Alfredo Spínola de Melo, 248 – Bairro Pq. Gramado",YES,cação
CASA DA CRIANÇA MANACÁ CRECHE,São Paulo,Americana,School,"Rua São Vito, 1363 – São Vito",YES,cação
CASA DA CRIANÇA MANACÁ EMEI,São Paulo,Americana,School,"Rua São Vito, 1363 – São Vito",YES,cação
CASA DA CRIANÇA PANAMBY CRECHE,São Paulo,Americana,School,"Rua Maranhão, s/nº – Praia Azul",YES,cação
CASA DA CRIANÇA PANAMBY EMEI,São Paulo,Americana,School,"Rua Maranhão, 1216 – Praia Azul",YES,cação
CASA DA CRIANÇA PATINHO FEIO,Rio Grande do Sul,Gravataí,School,"Rua Angico, nº 25 - São Jerônimo",YES,anjo
CASA DA CRIANÇA PITANGA,São Paulo,Americana,School,"Rua Yolanda Leite de Camargo, 40 Jd. Do Lago",YES,cação
CASA DA CRIANÇA SÃO FRANCISCO DE ASSIS,Rio Grande do Sul,Gravataí,School,"Rua Raul Seixas, nº 260 - Tom Jobim",YES,anjo
CASA DA CRIANÇA SÃO VICENTE DE PAULO,Rio Grande do Sul,Porto Alegre,School,"Rua Pedro Raupp, 160",YES,anjo
CASA DA CRIANÇA TAHIRA CRECHE,São Paulo,Americana,School,"Rua Itanhaém, 311 –Jd. Ipiranga",YES,cação
CASA DA CRIANÇA TAHIRA EMEI,São Paulo,Americana,School,"Rua Ibirapuera, s/nº - Bairro Jd. Ipiranga",YES,cação
CASA DA CRIANÇA TARAGUÁ CRECHE,São Paulo,Americana,School,"Rua José Frigeri, 360 – Jd. Brasil",YES,cação
CASA DA CRIANÇA TARAGUÁ EMEI,São Paulo,Americana,School,"Rua José Frigeri, 270 – Jd. Brasil",YES,cação
CASA DA CRIANÇA URUPÊ – CRECHE,São Paulo,Americana,School,"Av. Cecilia Meirelles, 681 – Jd. N.S.Aparecida",YES,cação
CASA DA CRIANÇA URUPÊ – EMEI,São Paulo,Americana,School,"Rua Caetano de Campos, 30 Jd.N.S.Aparecida",YES,cação
CASA DA EDUCAÇÃO VISCONDE DE MAUA,Rio de Janeiro,Petrópolis,School,RUA BARÃO DO RIO BRANCO 3,,cação
CASA DE APOIO VIVA MARIA,Rio Grande do Sul,Porto Alegre,Social Services,"endereço sigiloso, Porto Alegre - RS",,anjo
CASA DE NAZARÉ,Rio Grande do Sul,Porto Alegre,School,"R. Cel. Timóteo, 350",YES,anjo
CASA DE PASSAGEM,Rio Grande do Sul,Porto Alegre,Social Services,"Rua Padre Cacique, 999",,anjo
CASA DE PASSAGEM,Santa Catarina,Florianopolis,Social Services,"Rua Rui Barbosa, 225",,cação
CASA DE PASSAGEM EUCALIPTOS,Paraná,Fazenda Rio Grande,Social Services,"Av: Cedro, 812 - Eucaliptos",,cação
CASA DOS PEQUENINOS,Rio Grande do Sul,Porto Alegre,School,"Rua Sarmento Leite, 964",YES,anjo
CASA DOS RESIDENTES,Rio de Janeiro,Rio de Janeiro,Social Services,"Rua Clarimundo de Melo, 847 - Quintino",,cação
CASA HARMONIA,Rio Grande do Sul,Porto Alegre,Social Services,"Rua Sarmento Leite, 964, Porto Alegre - RS",,anjo
CASA LAR,Paraná,Fazenda Rio Grande,Social Services,Rua Coqueiro. 556 - Eucaliptos,,cação
CASTELLO BRANCO (PRESIDENTE),Santa Catarina,Joinville,School,"R.: São Miguel, 363",,cação
CASTELO BRANCO,Espírito Santo,Vitória,School,"Av. Jurema Barroso, 130 Ilha do Príncipe - 29020-430",,cação
CASTELO BRANCO,Santa Catarina,Joinville,School,"R.: Alvino Boldt, 245 - COHAB",,cação
CASTRO ALVES,Rio Grande do Sul,Gravataí,School,Rua do Rosário - Pda. 96 – Fazenda Vargas/Morungava,,anjo
CASULO VOVÔ,Espírito Santo,Vila Velha,School,"Rua Gastão Roubach, s/n",,cação
CATHARINA DA SILVEIRA CORDEIRO,Rio de Janeiro,Cabo Frio,School,"Rua Dr. Cardoso da Fonseca, s/nº - Monte Alegre",,cação
CCAIC - JARDIM ANHANGA,Rio de Janeiro,Duque de Caxias,School,"Rua EE, Qd 85 Lt 18/19 Jd. Anhangá CEP: 25264-530",YES,cação
CEBOLINHA,Rio Grande do Sul,Gravataí,School,"Rua Antônio Francisco Fonseca, nº 112 – Centro",,anjo
CEC AMÉLIA FRANCO,São Paulo,Itapetininga,School,"R: JOSÉ ELIZEU SILVEIRA, 42",,cação
CEC APAM - COSTEIRA,Santa Catarina,Florianopolis,School,"Avenida Jorge Lacerda, s/nº",,cação
CEC CHICO MENDES,Santa Catarina,Florianopolis,School,"Rua das Seringueiras, s/nº",,cação
CEC DORONDINO VIEIRA,São Paulo,Itapetininga,School,"R: BEM AVENTURADO MARIA ESCRIVÃ, 65",,cação
CECI HERDEIROS DO FUTURO,São Paulo,Louveira,School,"Gualicho, 1183 - Monterrey",YES,cação
CECILIA DE NEGRI PROFESSORA,São Paulo,Sumaré,School,N/A,YES,cação
CECÍLIA MARCHESI PAVESI,Espírito Santo,Vila Velha,School,"Rua Vasco Alves, 3562",,cação
CECÍLIA MEIRELES,Espírito Santo,Vitória,School,"R. Pastor Roberto Rabelo,68 - Ilha de Monte Belo - 29053-210",,cação
CECÍLIA MEIRELES,Rio Grande do Sul,Gravataí,School,Estrada Passo do Portãozinho – Pda. 107 – Morungava,,anjo
CECILIANO ABEL DE ALMEIDA,Espírito Santo,Vitória,School,"R. Dr. Arlindo Sodré,416 Itararé 29047-500",,cação
CECILIA NOGUEIRA MACHADO GUIA,Rio de Janeiro,Cabo Frio,School,"Av. Wilson Mendes, s/nº - Jacaré",,cação
CECI MUNDO MARAVILHOSO,São Paulo,Louveira,School,Anderson Ricardo Marques 30 - Santo Antonio,YES,cação
CECI PARAÍSO DO SABER,São Paulo,Louveira,School,"Luiz Gonzaga, 605 - Vila Pasti",YES,cação
CECI PEQUENOS BRILHANTES,São Paulo,Louveira,School,"Ricieri Chiquetto, 1200 - Santo Antonio",YES,cação
CECI PICA PAU AMARELO,São Paulo,Louveira,School,"Francisco Tarallo, 115- Terra Nobre",YES,cação
CEC IRACEMA DE OLIVEIRA,São Paulo,Itapetininga,School,"R: JOSÉ MALAVAZZI, 47",,cação
CEC ITACORUBI,Santa Catarina,Florianopolis,School,"Rodovia Amaro Antônio Vieira, 2033",,cação
CEC JULIANA MARIA CASAGRANDE,São Paulo,Itapetininga,School,"R: BEM AVENTURADO MARIA ESCRIVÃ, 65",,cação
CEC MONTE VERDE,Santa Catarina,Florianopolis,School,"Rua Brejaúba, 61",,cação
CEC NOVO HORIZONTE,Santa Catarina,Florianopolis,School,"Rua Nossa Senhora Aparecida, s/nº",,cação
CECOBI - CENTRO DE COMUNIDADE BAIRRO IPIRANGA,Rio Grande do Sul,Porto Alegre,Social Services,"Rua Porto Seguro, 261 - bairro Ipiranga",,anjo
CECOFLOR - CENTRO DE COMUNIDADE VILA FLORESTA,Rio Grande do Sul,Porto Alegre,Social Services,"Rua Irene Caponni Santiago, 290 - Vila Floresta",,anjo
CECOIN ARCO-ÍRIS,São Paulo,Louveira,School,"Abelita Gomes, 62 - Altos da Colina",YES,cação
CECOIN CHAPEUZINHO VERMELHO,São Paulo,Louveira,School,"Irmã Fidelina, 62 - Santo Antonio",YES,cação
CECOIN LAGO AZUL,São Paulo,Louveira,School,"Maestro Izidoro Scarance, 30 - Jardim Lago Azul",YES,cação
CECOIN MONTERREY,São Paulo,Louveira,School,"Sabino, 141 - Monterrey",YES,cação
CECOIN PAU A PIQUE,São Paulo,Louveira,School,"Estrada Pau a pique, 1574 - Jardim Vista Alegre",YES,cação
CECOIN PEQUENO PRINCIPE,São Paulo,Louveira,School,"Miguel Bossi, 30 - Capivari",YES,cação
CECOIN SANTO ANTONIO,São Paulo,Louveira,School,"Nerina, 211 - Santo Antonio",YES,cação
CECOIN VILA PASTI,São Paulo,Louveira,School,"31 de março,54 Vila Pasti",YES,cação
CECOPAM - CENTRO DE COMUNIDADE PARQUE MADEPINHO,Rio Grande do Sul,Porto Alegre,Social Services,"Rua Arroio Grande, 50 - Bairro Cavalhada",,anjo
CECORES - CENTRO DE COMUNIDADE VILA RESTINGA,Rio Grande do Sul,Porto Alegre,Social Services,"Rua Economista Nilo Wulff, s/nº - Bairro Restinga Nova",,anjo
CECOVE - CENTRO DE COMUNIDADE VILA ELIZABETH,Rio Grande do Sul,Porto Alegre,Social Services,"Rua Paulo Gomes de Oliveira, 200 - Bairro Sarandi",,anjo
CEC PADRE PLINIO,São Paulo,Itapetininga,School,"R: ACÁSSIO DE MORAES TERRA, 296",,cação
CEC PROMORAR,Santa Catarina,Florianopolis,School,"Rua Santa Rita de Cássia, s/nº",,cação
CEC TAPERA,Santa Catarina,Florianopolis,School,"Rua José Olímpio da Silva, s/nº",,cação
CEC VILA UNIÃO,Santa Catarina,Florianopolis,School,"Rua Anarolina dos Santos, s/nº",,cação
CEGEB - CENTRO ESPORTIVO GEORGE BLACK,Rio Grande do Sul,Porto Alegre,Social Services,"Rua Coronel Neves, 555 - Bairro Medianeira",,anjo
CEI ALDEIA DA CRIANCA,Rio de Janeiro,Petrópolis,School,BR-040 KM-81 0,YES,cação
CEI ALTO DA INDEPENDENCIA,Rio de Janeiro,Petrópolis,School,RUA LEONOR MAIA 56,YES,cação
CEI ANA CAROLINA TELLES,Rio de Janeiro,Petrópolis,School,ESTRADA RIO PETROPOLIS KM 85 0 #,YES,cação
CEI ANDRE REBOUÇAS,Rio de Janeiro,Petrópolis,School,RUA FRANKLIN ROOSEVELT I 11,YES,cação
CEI ANDRE VANZAN,Rio de Janeiro,Petrópolis,School,"RUA BERNARDO PROENÇA , 809",YES,cação
CEI ANGELA MARIA DA CONCEICAO SILVA,Rio de Janeiro,Petrópolis,School,ESTRADA UNIAO INDUSTRIA 33666,YES,cação
CEI A SEMENTEIRA,Rio de Janeiro,Petrópolis,School,RUA MANOEL TORRES . 395,YES,cação
CEI ASSOCIAÇÃO BENEFICENTE FAZENDA INGLESA,Rio de Janeiro,Petrópolis,School,ESTRADA DA FAZENDA INGLESA . 0,YES,cação
CEI ASSOCIAÇÃO RECREAR,Rio de Janeiro,Petrópolis,School,ESTRADA DIVINO ESPIRITO SANTO . 0,YES,cação
CEI BETHESDA,Santa Catarina,Joinville,School,"Rua Conselheiro Pedreira, 624",YES,cação
CEI CARANGOLA,Rio de Janeiro,Petrópolis,School,ESTRADA DO CARANGOLA - 933,YES,cação
CEI CAROLINA AMORIM,Rio de Janeiro,Petrópolis,School,"RUA MACHADO FAGUNDES , 326",YES,cação
CEI CASA DA PAZ,Rio de Janeiro,Petrópolis,School,ESTRADA DO CARANGOLA 0,YES,cação
CEI CASA DA SOLIDARIEDADE DE NOSSA SENHORA APARECIDA,Rio de Janeiro,Petrópolis,School,DR. MOACYR M. NETTO 0,YES,cação
CEI CELIA LOBO PAULO,Rio de Janeiro,Petrópolis,School,ESTRADA DO INDEPENDÊNCIA 1230,YES,cação
CEI CHIQUINHA ROLLA,Rio de Janeiro,Petrópolis,School,RUA CAMPOS 0,YES,cação
CEI CRIANCA MOINHO PRETO,Rio de Janeiro,Petrópolis,School,"JOÃO XAVIER, 2000",YES,cação
CEI CRIANCA SANTA EDWIGES,Rio de Janeiro,Petrópolis,School,"RUA AUGUSTO FRANCISCO DA SILVA, 1010",YES,cação
CEI DEA LUCIA CORDEIRO,Rio de Janeiro,Petrópolis,School,RUA CRISTOVÃO COLOMBO i 153,YES,cação
CEI DEISE ELOI GOMES,Rio de Janeiro,Petrópolis,School,CARMEM DA PONTE MARCOLINO . 823,YES,cação
CEI DENISE BESSA DE OLIVA MAYA,Rio de Janeiro,Petrópolis,School,ESTRADA BERNARDO COUTINHO 0,YES,cação
CEI DONA ESPERANZA DE BOURBON DE ORLEANS E BRAGANÇA,Rio de Janeiro,Petrópolis,School,PARQUE RESIDENCIAL MOSELA . 0,YES,cação
CEI DRA. ZILDA ARNS NEUMANN,Rio de Janeiro,Petrópolis,School,"SANTOS DUMONT , 786",YES,cação
CEI ESPAÇO MÁGICO,Santa Catarina,Joinville,School,"Rua Xv de Outubro, 1849",YES,cação
CEI FREI LEAO,Rio de Janeiro,Petrópolis,School,PERMINIO SCHMITH 0,YES,cação
CEI GERMANO VALENTE,Rio de Janeiro,Petrópolis,School,RUA DR. SA EARP 88,YES,cação
CEI GIUSEPPE-NEVA VOLONTERIO,Rio de Janeiro,Petrópolis,School,"NAO INFORMADO 0 ,",YES,cação
CEI INES BELARMINO DE SOUZA,Rio de Janeiro,Petrópolis,School,RUA MANOEL FRANCISCO DE PAULA 0,YES,cação
CEI IRINEU MARINHO,Rio de Janeiro,Petrópolis,School,ALVARES DE AZEVEDO . 83,YES,cação
CEI IRMA SILVANA,Rio de Janeiro,Petrópolis,School,RUA FELIPE CAMARÃO * 310,YES,cação
CEI JARDIM BAKHITA,Santa Catarina,Joinville,School,"Rua Helmuth Falgatter, 1.925",YES,cação
CEI JORGE ROLANDO SILVA,Rio de Janeiro,Petrópolis,School,RUA ANÉSIO DE OLIVEIRA . 111,YES,cação
CEI JOSE GONCALVES DA MOTTA,Rio de Janeiro,Petrópolis,School,RUA JOÃO DE FARIAS 0,YES,cação
CEIL - EMEF BAIRRO SANTO ANTONIO,São Paulo,Louveira,School,"Leone Bertolini, 397 - Santo Antonio",YES,cação
CEIL - EMEI BAIRRO SANTO ANTONIO,São Paulo,Louveira,School,"Leone Bertolini, 397 - Santo Antonio",YES,cação
CEI LIONS CLUBE DE PETROPOLIS,Rio de Janeiro,Petrópolis,School,RUA ROCKFELLER 243,YES,cação
CEI LOTA MACEDO SOARES,Rio de Janeiro,Petrópolis,School,ENGENHEIRO DURVAL DE SOUZA . 142,YES,cação
CEIL PROF. APARECIDA EUFRÁSIA GUISALBERTE YEMBO,São Paulo,Louveira,School,"Estrada Miguel Bossi, 35 - Capivari",YES,cação
CEI LUIZ MARCHIORI,Rio de Janeiro,Petrópolis,School,ESTRADA DO GENTIO . 1906,YES,cação
CEI LULU MONTEIRO DE CASTRO,Rio de Janeiro,Petrópolis,School,RUA DA CRECHE 1,YES,cação
"CEIM ""ALICE PONTE IN VALTELINA""",Espírito Santo,São Mateus,School,"Av. Sol, S/Nº, Vitória",YES,cação
"CEIM ""AMÁBILE ZANELATO QUINQUIM""",Espírito Santo,São Mateus,School,"Av. Vitória, S/Nº, Vila Nova",YES,cação
"CEIM ""ANDORINHAS""",Espírito Santo,São Mateus,School,"Av. Cricaré, S/Nº, Cricaré",YES,cação
"CEIM ""ANDRÉ ORLANDI NARDOTTO”",Espírito Santo,São Mateus,School,"Rua Conceição da Barra, Nº 523, Lado Sul –Guriri",YES,cação
"CEIM ""AREINHA""",Espírito Santo,São Mateus,School,"Rua Ilhéus, S/Nº, Areinha",YES,cação
"CEIM ""BEIRA RIO""",Espírito Santo,São Mateus,School,"Rodovia São Mateus X Nova Venécia, Km 28",YES,cação
"CEIM ""BOA VISTA""",Espírito Santo,São Mateus,School,"Rua Elias Jogaib, S/Nº, Boa Vista",YES,cação
"CEIM ""BRILHO DO SABER""",Espírito Santo,São Mateus,School,"Rua Projetada 03, esquina com Projetada 01 (Área A) –Aroeira",YES,cação
"CEIM ""CARMELINA RIOS""",Espírito Santo,São Mateus,School,"Rua Coronel Mateus Cunha, S/N°, Sernamby",YES,cação
"CEIM ""CLAUDIA SCARINZE""",Espírito Santo,São Mateus,School,"Rua Projetada, S/Nº, Liberdade - Pedra D'água",YES,cação
"CEIM ""CRIANÇA FELIZ""",Espírito Santo,São Mateus,School,"Rua Evaristo Sossai, Km 41, Nestor Gomes",YES,cação
"CEIM ""DOIS ESQUILOS""",Espírito Santo,São Mateus,School,"Av. Brasil, S/Nº, Vila Nova",YES,cação
"CEIM ""EGÍDIO BORDONI""",Espírito Santo,São Mateus,School,"Rodovia BR 101, Km 67,5, Morada do Ribeirão",YES,cação
"CEIM ""GEORGINA""",Espírito Santo,São Mateus,School,"Cachoeira do Cravo, S/Nº, Km 43",YES,cação
"CEIM ""ISABEL RODRIGUES VIEIRA""",Espírito Santo,São Mateus,School,"Rua Gerônimo José, S/Nº, Nova Lima–Itauninhas",YES,cação
"CEIM ""LAR DA CRIANÇA""",Espírito Santo,São Mateus,School,"Av. Hermes Valadares, S/Nº, Santa Tereza",YES,cação
"CEIM ""MEU AMIGUINHO""",Espírito Santo,São Mateus,School,"Av. Carina, S/Nº, Seac",YES,cação
"CEIM ""MORADA DO RIBEIRÃO""",Espírito Santo,São Mateus,School,"Rua Ilha dos Uirapurus, S/Nº, Morada do Ribeirão",YES,cação
"CEIM ""MUNDO DO SABER""",Espírito Santo,São Mateus,School,"BR 381, Rod. Miguel Curry Carneiro, Km 35",YES,cação
"CEIM ""NOSSA SR.ª. APARECIDA""",Espírito Santo,São Mateus,School,"Rua Mateus Antônio Matos, S/Nº, Porto",YES,cação
"CEIM ""OVELHINHA""",Espírito Santo,São Mateus,School,"Rod. Othovarino Duarte Santos, Nº 400, Guriri",YES,cação
"CEIM ""PARAÍSO INFANTIL""",Espírito Santo,São Mateus,School,"Av. Antônio Lougon Moulin, S/Nº, Bom Sucesso",YES,cação
"CEIM ""PAULISTA""",Espírito Santo,São Mateus,School,"Rodovia BR 101, Km 83, Paulista",YES,cação
"CEIM ""PAULO FREIRE""",Espírito Santo,São Mateus,School,"Rua Amazonas, S/Nº, Vila Verde",YES,cação
"CEIM ""PEQUENO PRINCIPE""",Espírito Santo,São Mateus,School,"Rua 05, Nº 13, Nova Conquista",YES,cação
"CEIM ""PROF. ORMY FONSECA E SILVA""",Espírito Santo,São Mateus,School,"Rua Peroba, Nº 67, Cacique",YES,cação
"CEIM ""SANTA MARIA""",Espírito Santo,São Mateus,School,"Rod. ES 315, S/Nº, Santa Maria",YES,cação
"CEIM ""SANTA TEREZINHA""",Espírito Santo,São Mateus,School,"Estrada Km 29, Santa Leocádia, S/Nº, Km 29",YES,cação
"CEIM ""SANTO ANTONIO""",Espírito Santo,São Mateus,School,"Avenida do Contorno, Quadra 29, Loteamento Caiçaras, Santo Antônio",YES,cação
"CEIM ""SÃO FRANCISCO DE ASSIS""",Espírito Santo,São Mateus,School,"Rua Vereador Laurindo Samaritano, Nº 93, Litorâneo",YES,cação
"CEIM ""SÃO JOÃO""",Espírito Santo,São Mateus,School,"Rua Laura Faria Lima, S/Nº, Sernamby",YES,cação
"CEIM ""SÃO PEDRO""",Espírito Santo,São Mateus,School,"Rua Cinco, Nº 13, Nova Conquista",YES,cação
"CEIM ""SEMENTINHA""",Espírito Santo,São Mateus,School,"Rua Principal, S/Nº, Cohab",YES,cação
"CEIM ""SONHO DE CRIANÇA""",Espírito Santo,São Mateus,School,"Rua Itupeva, S/Nº, Aviação",YES,cação
"CEIM ""TESOURO DA ILHA""",Espírito Santo,São Mateus,School,"Rua XXXII, esquina com a 9ª Avenida, quadra 2C, Loteamento Caiçaras – Lado Norte –Guriri",YES,cação
"CEIM ""VALE DA VITÓRIA""",Espírito Santo,São Mateus,School,"Cachoeira do Cravo, S/Nº, Km 43, Nestor Gomes",YES,cação
CEIM AARÃO DE MOURA BRITO FILHO,Rio de Janeiro,Mangaratiba,School,Rua João Bermudês de Castro s/nº - Itacuruçá,YES,cação
CEI MAE COMERCIÁRIA,Rio de Janeiro,Petrópolis,School,RUA VISCONDE DO BOM RETIRO . 165,YES,cação
CEI MARIA OFELIA GUIMARÃES,Santa Catarina,Joinville,School,"Rua Marabá, 293",YES,cação
CEI MARIA THEREZA KLING DO VALLE,Rio de Janeiro,Petrópolis,School,RUA CANDIDO PORTINARI . 56,YES,cação
CEI MARLI SOARES FERREIRA NETTO,Rio de Janeiro,Petrópolis,School,DR.THOUZET/SRV.DHALIA J.SILVA 0,YES,cação
CEIM CYBELE REA JANUZZI,Rio de Janeiro,Mangaratiba,School,"Rua Pará, 308 – Praia do Saco, Mangaratiba",YES,cação
CEIM DAISE MARIA P. DOS SANTOS,Rio de Janeiro,Mangaratiba,School,"Rua Projetada A, S/N – Vila Benedita – Itacuruçá",YES,cação
CEIM DAVI DE OLIVEIRA BROJO,Rio de Janeiro,Mangaratiba,School,"Estrada São João Marcos, s/nº - Praia do Saco",YES,cação
CEIM DENISE LOPES DE SOUZA MENDES,Rio de Janeiro,Mangaratiba,School,Rua Major Dinarp Silveira – Av. B – C. de Jacareí,YES,cação
CEIM FREI AFONSO JORGE BRAGA,Rio de Janeiro,Mangaratiba,School,Estrada RJ 14 – Muriqui,YES,cação
CEIM LAURA JACOBINA LACOMBE,Rio de Janeiro,Mangaratiba,School,"Estrada São João Marcos, s/nº - Acampamento",YES,cação
CEIM LUCIMERE RODRIGUES,Rio de Janeiro,Maricá,School,RUA: 20 QD: 39 LT: 6A LOTEAMENTO NOVA LUZITANIA - BAIRRO: SANTA PAULA - CIDADE: MARICÁ/RJ,YES,cação
CEIM MARILZA DA CONCEIÇAO ROCHA MEDINA,Rio de Janeiro,Maricá,School,RUA CENTO E SETE N. 10 BAIRRO: CORDEIRINHO -CIDADE: MARICÁ/RJ CEP: 24.921-624,YES,cação
CEIM MERENDEIRA DEVANY DE MACEDO DA SILVA,Rio de Janeiro,Mangaratiba,School,"Rua Ivan, nº 74 – Muriqui",YES,cação
CEIM NELSON MANDELA,Rio de Janeiro,Maricá,School,RUA: DOIS (JORNALISTA ALARICO MACIEL S/N BAIRRO: SÃO JOSÉ DE IMBASSAI- MARICÁ/RJ CEP:24.931-605,YES,cação
CEIM NILTON XAVIER,Rio de Janeiro,Mangaratiba,School,"Rua Projetada B, s/nº - Itacuruçá",YES,cação
CEIM NORMA PINHEIRO CARDOSO,Rio de Janeiro,Mangaratiba,School,Rua José Alves de Souza e Silva – Parque Bela Vista,YES,cação
CEIM PINGUINHOS DE LUZ,Rio de Janeiro,Maricá,School,RUA UM N. 70 BAIRRO: SÃO JOSÉ DE IMBASSAÍ - CIDADE: MARICÁ/RJ,YES,cação
CEIM PROFESSORA KÊNIA CONCEIÇÃO DE LIMA,Rio de Janeiro,Mangaratiba,School,"Rua Eloy Machado Duque, s/nº - Conceição de Jacareí",YES,cação
CEIM PROFESSORA MÁRCIA LAURENTINO FERREIRA MOREIRA,Rio de Janeiro,Mangaratiba,School,Rua José Alves de Souza e Silva – Parque Bela Vista,YES,cação
CEIM PROF JOSE CARLOS ALMEIDA E SILVA,Rio de Janeiro,Maricá,School,RUA: ANTONIO DE CASTILHO (ANTIGA RUA TOCANTINS) QD: 31 LT: 01 S/N BAIRRO: INOÃ - CIDADE: MARICÁ/RJ - CEP: 24.943-195,YES,cação
CEIM PROF ONDINA DE OLIVEIRA COELHO,Rio de Janeiro,Maricá,School,RUA : ROBERTO SILVEIRA S/N - BAIRRO: CENTRO - CIDADE: MARICÁ/RJ CEP: 24.900-971,YES,cação
CEIM RECANTO DA AMIZADE,Rio de Janeiro,Maricá,School,RUA: QUARENTA TRES LT: 76 QD: 96 BAIRRO: DA AMIZADE - CIDADE: MARICÁ/RJ CEP: 24.902- 660,YES,cação
CEIM SANTA JUSTINA,Rio de Janeiro,Mangaratiba,School,"Rua Sandra Mara Cabral, s/nº - Praia do Saco",YES,cação
CEIM SARA CÂMARA DA ROCHA,Rio de Janeiro,Mangaratiba,School,"Estrada São João Marcos, 149, Acampamento",YES,cação
CEIM SIDNÉIA,Rio de Janeiro,Maricá,School,"RUA 73,74 E 75, QD. 127 DO LOTEAMENTO JARDIM BALNEÁRIO - BAIRRO: ARAÇATIBA CIDADE: MARICÁ/RJ",YES,cação
CEIM VALERIA RAMOS PASSOS,Rio de Janeiro,Maricá,School,RUA: 8 SN 12 - BAIRRO: JARDIM ATLANTICO OESTE - CIDADE: MARICÁ/RJ CEP: 24935-527,YES,cação
CEI NOSSA SENHORA DA GLORIA,Rio de Janeiro,Petrópolis,School,"RUA NOSSA SENHORA DA GLORIA, 1370",YES,cação
CEI OLÍVIA MACHADO DA COSTA NOGUEIRA,Rio de Janeiro,Petrópolis,School,RUA HENRIQUE DIAS . 100,YES,cação
CEI OSWALDO CRUZ,Rio de Janeiro,Petrópolis,School,RUA INGELHEIM 643,YES,cação
CEI PAROQUIAL NOSSA SENHORA APARECIDA,Rio de Janeiro,Petrópolis,School,RUA HANNS BISTRITSHAN . 0,YES,cação
CEI PEDRAS BRANCAS,Rio de Janeiro,Petrópolis,School,RUA PEDRAS BRANCAS . 0,YES,cação
CEI PREFEITO SERGIO FADEL,Rio de Janeiro,Petrópolis,School,ESTR. PHILUVIO CERQUEIRA RODRIGUES-VL CO. 33,YES,cação
CEI PRIMEIRA INFANCIA,Rio de Janeiro,Petrópolis,School,RUA BUARQUE DE MACEDO . 63,YES,cação
CEI PROF! SONIA REGINA SCUDESE DESSIMONI PINTO,Rio de Janeiro,Petrópolis,School,"IRINEU CORREA, 48",YES,cação
CEI PROF? MARLUCE DE SOUZA PESTANA,Rio de Janeiro,Petrópolis,School,RUA AGOSTINHO GOULÃO 1 0,YES,cação
CEI PROF. PATRICIA FERR. E SILVA FREITAS,Rio de Janeiro,Petrópolis,School,CASIMIRO DE ABREU - 26,YES,cação
CEI PROF® GRAÇA COSTA,Rio de Janeiro,Petrópolis,School,RUA EMÍLIO ZANATTA 767,YES,cação
CEI PROF DORA KILLER,Rio de Janeiro,Petrópolis,School,RUA EMÍLIO ZALUAR 314,YES,cação
CEI PROFESSORA HERMINIA MATHEUS,Rio de Janeiro,Petrópolis,School,RUA FLORINDO DUARTE . 0,YES,cação
CEI PROF ROSANGELA DA SILVA LEONARDO,Rio de Janeiro,Petrópolis,School,ESTRADA VELHA DA ESTRELA . 3100,YES,cação
CEI RECANTO DOS QUERUBINS,Santa Catarina,Joinville,School,"Rua Cuba, 142",YES,cação
CEI ROMANO CANAVESE,Rio de Janeiro,Petrópolis,School,RUA JOSE CHAVES 0,YES,cação
CEI SAGRADA FAMILIA,Rio de Janeiro,Petrópolis,School,ESTRADA DO PARAÍSO . 0,YES,cação
CEI SANTO ANTONIO AGOSTINHO,Rio de Janeiro,Petrópolis,School,LEOPOLDINA 0,YES,cação
CEI SAO CHARBEL,Rio de Janeiro,Petrópolis,School,RUA FLAVIO CAVALCANTI 0,YES,cação
CEI SAO FRANCISCO ASSIS,Rio de Janeiro,Petrópolis,School,ALTO DA DERRUBADA 0,YES,cação
CEI SÃO FRANCISCO DE ASSIS,Rio de Janeiro,Petrópolis,School,RUA VERIDIANO FELIX 79,YES,cação
CEI SAO JOAO BATISTA,Rio de Janeiro,Petrópolis,School,RUA LUIZ WINTER 0,YES,cação
CEI SAO JOSE DAS OBLATAS DE NAZARE,Rio de Janeiro,Petrópolis,School,RUA OLAVO BILAC 815 .,YES,cação
CEI SAO JOSE DO ITAMARATI,Rio de Janeiro,Petrópolis,School,"RUA QUISSAMÃ, 2012",YES,cação
CEI SAO JUDAS TADEU,Rio de Janeiro,Petrópolis,School,"RUA CANDIDO PORTINARI, 230",YES,cação
CEI SEBASTIAO DA ROCHA,Rio de Janeiro,Petrópolis,School,RUA JOAQUIM GOMENSORO . 0,YES,cação
CEI TERRA SANTA,Rio de Janeiro,Petrópolis,School,RUA MONSENHOR BACELAR 590,YES,cação
CEI TIA ALICE,Rio de Janeiro,Petrópolis,School,RUA OSWERO DO CARMO VILAÇA 32,YES,cação
CEI VILA IPANEMA,Rio de Janeiro,Petrópolis,School,RUA VASSOURAS 0,YES,cação
CEI VILA LEOPOLDINA,Rio de Janeiro,Petrópolis,School,RUA EUGENIO ZANATTA 0,YES,cação
CEI VILA SAO JOSE,Rio de Janeiro,Petrópolis,School,RUA PAULINO AFONSO . 267,YES,cação
CEI VISTA ALEGRE,Rio de Janeiro,Petrópolis,School,AGNELLO BARREIROS . 0,YES,cação
CEL. JOAQUIM DE FREITAS,Espírito Santo,Vila Velha,School,"Rua Henrique Moscoso, 2266",,cação
CÉLIO GOMES DE OLIVEIRA,Santa Catarina,Joinville,School,"R.: Santa Catarina, 4.027 - KM 4",,cação
CEMAS (HAROLDO SANTANA SANTINI),Rio de Janeiro,Maricá,School,"Av. Antônio Vieira Sobrinho, 44 - Parque Eldorado, Maricá - RJ",YES,cação
"CEMEI ""PROF.ª DENISE DEL'ALAMO GUARDA""",São Paulo,Artur Nogueira,School,"Rua Clementino Bertaglia, 161 - Jd. Carolina",YES,cação
"CEMEI ""PROFª. SUELI APARECIDA CARMONA CAETANO"" - PARQUE DAS FLORES",São Paulo,Artur Nogueira,School,"Rua Antonio Cyrilo Rocha, 55 - Parque das Flores",YES,cação
"CEMEI ""VEREADOR JOSÉ AMAZILIO TERESANI""",São Paulo,Artur Nogueira,School,"Rua Gustavo Strassa Neto, 185 – Bom Jardim",YES,cação
CEMEJA,Rio Grande do Sul,Santa Cruz do Sul,School,"Rua Sete de Setembro, 220 – Centro",,anjo
CEM JOANA BENEDICTA RANGEL,Rio de Janeiro,Maricá,School,RUA: NOSSA SENHORA DO AMPARO N. 240 - BAIRRO: CENTRO - CIDADE: MARICÁ/RJ,,cação
CENEAMM 1° DE MAIO,Rio Grande do Sul,Porto Alegre,School,"R. dos Barcelos, B",YES,anjo
CENTRO COMUNITÁRIO AMIGOS DO SERPA (ESTRELINHA AZUL),Rio de Janeiro,São Gonçalo,School,"R.Rozendo Marcos,2661,",YES,cação
CENTRO COMUNITÁRIO NOSSA SENHORA DAS GRAÇAS,Rio de Janeiro,Duque de Caxias,School,"R. Prof. Mota Sobrinho, 28 - Vila Ideal, Duque de Caxias - RJ, 25010-470, Brazil",,cação
CENTRO DA CIDADANIA,Rio de Janeiro,Petrópolis,Social Services,"Estrada União e Indústria, 11860 - Itaipava",,cação
CENTRO DE APOIO À EDUCAÇÃO INCLUSIVA,Bahia,Camaçari,School,"Rua Dois de Maio, S/N, Dois de Julho",,cação
CENTRO DE APOIO SOCIAL AO ADOLESCENTE (ANTIGO CRAS),São Paulo,Itapetininga,School,"AV. GUMERCINDO HUNGRIA, SN",,cação
CENTRO DE ATENÇÃO INTEGRAL À CRIANÇA ILDA LEAL ULM DA SILVA,Bahia,Camaçari,School,Av. Oeste - Phoc I,YES,cação
CENTRO DE ATENÇÃO PSICOSSOCIAL DE ÁLCOOL E DROGAS (CAPS-AD),Paraná,Maringá,Healthcare,"R. São Pedro, 1761, Vila Morangueira- Maringá-PR",,cação
CENTRO DE ATENÇÃO PSICOSSOCIAL DE GRAMADO/CAPS,Rio Grande do Sul,Gramado,Healthcare,"Rua Ermelinda Barbacovi, nº 58, Bairro Bavária, Gramado/RS",,anjo
CENTRO DE ATENÇÃO PSICOSSOCIAL II (CAPS CANÇÃO),Paraná,Maringá,Healthcare,"R. das Azaleias, 365, zona 05, Maringá-PR",,cação
CENTRO DE ATENÇÃO PSICOSSOCIAL INFANTIL (CAPS-I),Paraná,Maringá,Healthcare,"R. Ignês Gongora, s/n Conjunto Santa Felicidade, Maringá-PR",,cação
CENTRO DE ATENDIMENTO PEDAGÓGICO PROF.ª MARIA APARECIDA DE AZEVEDO GALVÃO,Rio de Janeiro,Cabo Frio,School,"Rua das Lebres, nº 42 - Samburá- Tamoios",,cação
CENTRO DE ATENDIMENTO PEDAGÓGICO PROF. DURVAL SILVA,Rio de Janeiro,Cabo Frio,School,"Rua Durval Silva, s/nº, Jardim Esperança",,cação
CENTRO DE ATENDIMENTO PEDAGÓGICO WARLY STUDART,Rio de Janeiro,Cabo Frio,School,"Rua Los Angeles, n º 25 , Jardim Olinda",,cação
CENTRO DE CONVIVÊNCIA DO IDOSO,Rio Grande do Sul,Porto Alegre,Social Services,"Rua Irene Caponni Santiago, 290 - Vila Floresta",,anjo
CENTRO DE CUIDADOS DIURNOS D. MARIETA ALEFFI,Rio Grande do Sul,Porto Alegre,School,"R. Emilia Perroni Fernandez, 100",YES,anjo
CENTRO DE DETENÇÃOPROVISÓRIA DE AMERICANA,São Paulo,Americana,Prison,"Rua Projetada, 355 - Salto Grande, Americana - SP",,cação
CENTRO DE EDUCACAO ACOLHER JARDIM PAR,Santa Catarina,Joinville,School,"Rua Pisces Austrinus, 535",,cação
CENTRO DE EDUCAÇÃO ESPECIAL APAE CAMAÇARI,Bahia,Camaçari,School,Camaçari de dentro,,cação
CENTRO DE EDUCAÇÃO MUNICIPAL DE CAMAÇARI,Bahia,Camaçari,School,R. Araci - Phoc II,,cação
CENTRO DE ENSINO PROF DARCY RIBEIRO,Rio de Janeiro,Petrópolis,School,RUA MACHADO FAGUNDES . 326,,cação
CENTRO DE REFERÊNCIA E ATENDIMENTO À MULHER - CRAM,Paraná,Maringá,Social Services,"Av. Humaitá, 774 - Zona 04Maringá - PR",,cação
CENTRO EDUCACIONAL BARRA DO POJUCA,Bahia,Camaçari,School,Rua Elisio Neto S/N - Barra do Pojuca,,cação
CENTRO EDUCACIONAL DARCY RIBEIRO,Bahia,Camaçari,School,Rua das Flores S/N — Barra do Jacuipe,,cação
CENTRO EDUCACIONAL DOM BOSCO,Santa Catarina,Joinville,School,"Rua Sombrio, 15",,cação
CENTRO EDUCACIONAL HIDELBRANDO LIMA FILHO,Bahia,Camaçari,School,Lot. Parque das Mangabas,,cação
CENTRO EDUCACIONAL MARIA QUITÉRIA,Bahia,Camaçari,School,R Ponto Certo - Ponto Certo,,cação
CENTRO EDUCACIONAL MARQUÊS DE ABRANTES,Bahia,Camaçari,School,Rua Estrada do Buris S/N — Vila de Abrantes,,cação
CENTRO EDUCACIONAL MONTEIRO LOBATO,Bahia,Camaçari,School,R. São Pedro - Camaçari de Dentro,,cação
CENTRO EDUCACIONAL PAULO FREIRE,Bahia,Camaçari,School,Nova Vitória,,cação
CENTRO EDUCACIONAL REITOR EDGARD SANTOS,Bahia,Camaçari,School,Rua João Araújo S/N - Gleba A,,cação
CENTRO EDUCACIONAL SANTO ANTÔNIO,Bahia,Camaçari,School,BA 512 — Bairro de Santo Antonio — Fazenda São João,,cação
CENTRO EDUCACIONAL SENHOR DOS PASSOS,Bahia,Camaçari,School,"Loteamento Senhor dos Passos, s/n Estrada da CETREL",,cação
CENTRO EDUCACIONAL TANCREDO NEVES,Bahia,Camaçari,School,Estrada Direta de Jauá - Jauá,,cação
CENTRO EDUCACIONAL YOLANDA PIRES,Bahia,Camaçari,School,"Rua Prinipal, S/N Jardim Limoeiro",,cação
CENTRO EDUC COMUNIDADE SÃO JORGE,Rio de Janeiro,Petrópolis,School,RUA LEONOR MAIA 99,,cação
CENTRO EDUC E CRECHE CONDE MODESTO LEAL,Santa Catarina,Joinville,School,"Rua São Paulo, 1",YES,cação
CENTRO EXPERIMENTAL DE EDUCAÇÃO ESPECIAL DO MUNICIPAL DE CAMAÇARI,Bahia,Camaçari,School,Av. Oeste - Phoc I,,cação
CENTRO FRANCISCANO SANTA LUZIA,Rio de Janeiro,Duque de Caxias,School,"Rua capineira, 89 Vila nova Duque de Caxis Ri - Telefone: 27716398",YES,cação
CENTRO INFANTIL EUGÊNIA CONTE,Rio Grande do Sul,Porto Alegre,School,"Rua Dez, 120",YES,anjo
CENTRO INFANTIL MEDIANEIRA,Rio Grande do Sul,Porto Alegre,School,"R. Caixa Econômica,320",YES,anjo
CENTRO INFANTO JUVENIL MORRO DA CRUZ,Rio Grande do Sul,Porto Alegre,School,"Trav. São João, 57 Partenon",YES,anjo
CENTRO INTEGRADO DE EDUCAÇÃO INFANTIL DA BOMBA,Bahia,Camaçari,School,Trav. Praça da Bandeira S/N - Bomba,YES,cação
CENTRO INTEGRADO DE EDUCAÇÃO INFANTIL DA GLEBA C,Bahia,Camaçari,School,Rua Abaré - Gleba C,YES,cação
CENTRO INTEGRADO DE EDUCAÇÃO INFANTIL DA GLEBA E,Bahia,Camaçari,School,"Rua das Flores, caminho 55 Gleba É",YES,cação
CENTRO INTEGRADO DE EDUCAÇÃO INFANTIL DE AREIAS,Bahia,Camaçari,School,Arceas,YES,cação
CENTRO INTEGRADO DE EDUCAÇÃO INFANTIL DE AREMBEPE,Bahia,Camaçari,School,"Km 23, Estrada do Coco - Arembepe",YES,cação
CENTRO INTEGRADO DE EDUCAÇÃO INFANTIL DE VERDE HORIZONTE,Bahia,Camaçari,School,Rua Costa Azul S/N - Verde Horizonte,YES,cação
CENTRO INTEGRADO DE EDUCAÇÃO INFANTIL DO MANGUEIRAL,Bahia,Camaçari,School,R. Manga Rosa - Mangueiral,YES,cação
CENTRO INTEGRADO DE EDUCAÇÃO INFANTIL DO PARQUE REAL SERRA VERDE,Bahia,Camaçari,School,Rua Amorim S/N - Serra Verde,YES,cação
CENTRO INTEGRADO DE EDUCAÇÃO INFANTIL DO PHOC I,Bahia,Camaçari,School,Av. Luiz Gonzaga - PHOC 1,YES,cação
CENTRO MUNIC.DE EDUC.DO AUTISTA TEMPO DE VIVER,São Paulo,Americana,School,"Rua Monsenhor Bruno Nardini, 1135 – Bairro Vila Dainese",,cação
CENTRO POP,Rio de Janeiro,Petrópolis,Social Services,"Rua Souza Franco, 528",,cação
CENTRO POP,Rio Grande do Sul,Gravataí,Social Services,"Rua Heitor de Jesus, 71 – Bairro Centro – Gravataí",,anjo
CENTRO POP MATRIZ,Paraná,Curitiba,Social Services,N/A,,cação
CENTRO POR,Paraná,Fazenda Rio Grande,Social Services,"R: Cedro, 1190 - Eucaliptos",,cação
CENTRO PÚBLICO DE ATENDIMENTO AO IDOSO - CEPAI,São Paulo,Jundiaí,Social Services,"Avenida Alexandre Ludke, 700 - Vila Hortolandia, Jundiaí/SP",,cação
CENTRO REF ED INCL JOAO P DE SOUZA ROSA,Rio de Janeiro,Petrópolis,School,AVENIDA ROBERTO SILVEIRA 87,,cação
CENTRO SOCIAL DA CRIANÇA COMCAV,Rio Grande do Sul,Porto Alegre,School,"R. Augusto Conte, 80",YES,anjo
CENTRO SOCIAL IRMÃ MADALENA,São Paulo,Itapetininga,School,"R; HELIO AYRES MARCONDES, 17",,cação
CEPREVE,São Paulo,Itapetininga,School,"Rua Sulpinil Colombo, 30",,cação
CEPT PROFª ZILCA LOPES DA FONTOURA,Rio de Janeiro,Maricá,School,RUA: BARÃO DE INOÃ - N. 137 - BAIRRO: CENTRO - CIDADE: MARICÁ/RJ - CEP: 24901-010,,cação
CERRO AZUL,Rio Grande do Sul,Gravataí,School,"Estrada Triunfo, nº 800 – Pda. 97 – Vila Cerro Azul",,anjo
CES – CENTRO DE ESTUDOS SUPLETIVOS,Rio de Janeiro,Mangaratiba,School,"Av. José Antonio da Costa, s/nº - Praia do Saco",,cação
CESMAPA - CENTRO SOCIAL VILA MAPA,Rio Grande do Sul,Porto Alegre,Social Services,"Rua Jaime Rollemberg de Lima, s/nº - Vila Mapa",,anjo
CETEP MANGUEIRA,Rio de Janeiro,Rio de Janeiro,School,N/A,,cação
CETEP QUINTINO (ESCOLA HOTELARIA),Rio de Janeiro,Rio de Janeiro,School,N/A,,cação
CETEP SANTA MARTA,Rio de Janeiro,Rio de Janeiro,School,N/A,,cação
CETEP BARRETO (ETE HENQRIQUE LAGE E FUNDAMENTAL),Rio de Janeiro,Niterói,School,"Rua Guimarães Júnior, n.º 182 - Barreto/ Niterói",,cação
CETEP MARECHAL COZINHA CENTRAL-,Rio de Janeiro,Rio de Janeiro,School,"Rua Xavier Curado, s/n.º - Marechal Hermes",,cação
CETEP MARECHAL HERMES (COZINHA),Rio de Janeiro,Rio de Janeiro,School,"Rua Xavier Curado, s/n.º - Marechal Hermes",,cação
CETEP SANTA CRUZ,Rio de Janeiro,Rio de Janeiro,School,"Largo do Bodegão, n.º 46 - Santa Cruz",,cação
CEVI - CENTRO SOCIAL URBANO VILA INGÁ,Rio Grande do Sul,Porto Alegre,Social Services,"Rua Desidério Severino, 227 - Vila Ingá",,anjo
Centro de Formação e Aperfeiçoamento de Praças,Rio de Janeiro,Rio de Janeiro,Military,"Av Marechal Fontenelle, nº 2906 ",,cação
Centro de Fisiatria e Reabilitação,Rio de Janeiro,Rio de Janeiro,Healthcare,Rua Paranhos no 820,,cação
Centro Integrado à Criança e ao Adolescente Portadores de Deficiência Professor Almir Ribeiro Madeira (CICAPD-PARM),Rio de Janeiro,Niterói,Social Services,"Pç. Enéas de Castro, s/no, Barreto",,cação
Centro Integrado à Criança e ao Adolescente Portadores de Deficiência (CICAPD) Oswaldo Aranha,Rio de Janeiro,Piraí,Social Services,"Rua Barão do Turvo, s/no,Dorândia, Barra",,cação
Centro Integrado à Criança e ao Adolescente Portadores de Deficiência (CICAPD) Protógenes Guimarães,Rio de Janeiro,Araruama,Social Services,"Rua Protógenes Guimarães, no 422",,cação
Centro Integrado à Criança e ao Adolescente Portadores de Deficiência (CICAPD) Rego Barros,Rio de Janeiro,Conceição de Macabu,Social Services,"Estrada de São Domingos, Km 6",,cação
CIEP 015 - HENFIL,Rio de Janeiro,Duque de Caxias,School,"Av 31 de Março, n° 88 Pq. Paulista CEP: 25261-160",YES,cação
CIEP 227 - PROCÓPIO FERREIRA,Rio de Janeiro,Duque de Caxias,School,"Av A, s/n° Nova Campinas CEP: 25268-010",YES,cação
CIEP 319 - ODUVALDO VIANA FILHO,Rio de Janeiro,Duque de Caxias,School,"Av Anhangá, s/n° Jardim Anhangá CEP: 25264-350",YES,cação
CIEP 330 - MARIA DA GLÓRIA CORREA LEMOS,Rio de Janeiro,Duque de Caxias,School,"Av Automóvel Club, km 56 Sta.Lúcia CEP: 25272-030",YES,cação
CIEP 407 - NEUZA GOULART BRIZOLA,Rio de Janeiro,Duque de Caxias,School,"Rua Real da Estrela, s/n° Parada Angélica CEP: 25272-230",YES,cação
CIEP BRIZOLAO 051 MUNICIPALIZADO ANITA GARIBALDI,Rio de Janeiro,São Gonçalo,School,"RUA ALDEIA DE MATTOS, S/Nº",YES,cação
CIEP BRIZOLAO 125 PROF PAULO ROBERTO MACEDO DO AMARAL,Rio de Janeiro,São Gonçalo,School,N/A,YES,cação
CIEP BRIZOLAO 250 MUNICIPALIZADO- ROSENDO RICA MARCOS,Rio de Janeiro,São Gonçalo,School,"RUA VISCONDE DE ITAÚNA, S/Nº",YES,cação
CIEP BRIZOLAO 411 -MUNICIPALIZADO DOUTOR ARMANDO LEAO FERREIRA,Rio de Janeiro,São Gonçalo,School,"RUA ACÁSSIO RAPOSO, S/Nº",YES,cação
CIEP BRIZOLAO 414 - MUNICIPALIZADO TARSO DE CASTRO,Rio de Janeiro,São Gonçalo,School,"ESTRADA DE IPIÍBA, S/Nº",YES,cação
CIEP BRIZOLAO 438 -MUNICIPALIZADO RUBENS MAURICIO DA SILVA ABREU,Rio de Janeiro,São Gonçalo,School,"RUA PROFESSOR EGÍDIO JUSTO, S/Nº",YES,cação
CIEP BRIZOLAO 474 MAESTRO GUERRA PEIXE - MUNICIPALIZADO,Rio de Janeiro,Petrópolis,School,RUA BERNARDO PROENÇA 474,YES,cação
CIEP CIDADE JARDIM,São Paulo,Americana,School,"Rua das Hortências, 1555 – Cidade Jardim",YES,cação
CIEP JAGUARI,São Paulo,Americana,School,Rua Nara Leão – 750 – Bairro Jaguari,YES,cação
CIEP M. PROF. COSTA JÚNIOR,Rio de Janeiro,Valença,School,"Rua José Tabet, 85, Chacrinha",YES,cação
CIEP M. PROF. LUCIANO GOMES RIBEIRO,Rio de Janeiro,Valença,School,"Rua Dom Rodolfo Pena, 359 A, Bairro de Fátima",YES,cação
CIEP PROF. MILTON SANTOS – PRAIA AZUL,São Paulo,Americana,School,"Rua Felicio Zeperlim, 200 – Bairro Praia Azul",YES,cação
CIEP SÃO JERÔNIMO,São Paulo,Americana,School,"Rua Humberto Polo, 200 –São Jerônimo",YES,cação
CIEP SÃO VITO,São Paulo,Americana,School,"Rua Chucri Zogbi, 10- São Vito",YES,cação
CIEP ZANAGA,São Paulo,Americana,School,"Rua Ari Barroso, 105 – Antonio Zanaga II",YES,cação
CILÉA MARIA BARRETO,Rio de Janeiro,Cabo Frio,School,"Rua Minas Gerais, s/nº - Jardim Peró",YES,cação
CIMEE,Rio de Janeiro,Valença,School,"Travessa Gumercindo Oliveira, 20, Centro",,cação
CINCINATO JARDIM DO VALE,Rio Grande do Sul,Gravataí,School,"Travessa Jardim, nº 46 – Pda. 76 – Vila São José",,anjo
CIRANDA CIRANDINHA,Santa Catarina,Joinville,School,"R.: Canoas, 452 c/ João Paulo I",,cação
CIRASE,São Paulo,Sumaré,School,N/A,,cação
CISAM E RESIDÊNCIAS TERAPÊUTICAS,Paraná,Maringá,Healthcare,"R. Das Camélias, 32, Zona 5, Maringá-PR",,cação
CLADYR DA ROCHA MENDES,Rio de Janeiro,Cabo Frio,School,"Rua Dez, s/nº, Parque Burle",,cação
CLÁUDIA MUZIO FREITAS DE OLIVEIRA,Rio de Janeiro,Cabo Frio,School,"Rua Durval Silva, s/nº - Jardim Esperança",,cação
CLEUSA GUIMARÃES FARIA BRAGA,Rio de Janeiro,Cabo Frio,School,"Rua Justiniano de Souza, s/nº - Maria Joaquina",,cação
CLINICA NOSSA SENHORA DAS VITÓRIAS,Rio de Janeiro,São Gonçalo,Healthcare,"Rua Cel Serrado 470, Ze Garoto, Sao Goncalo – RJ",,cação
CMAEE (Centro Municipal de Atendimento Educacional Especializado),Paraná,Fazenda Rio Grande,School,"R: Castanheira, 596",,cação
CMEI. ALAYDE DE SOUZA MORAES,Espírito Santo,Serra,School,"Rua Iúna, s/nº, Vista da Serra II – Serra",YES,cação
CMEI. ANTÔNIO LAIA DA SILVA,Espírito Santo,Serra,School,R. Santa Rita – 2049 – Jardim Tropical,YES,cação
CMEI. A PEQUENA MANJEDOURA,Espírito Santo,Serra,School,R. Principal - José de Anchieta,YES,cação
CMEI. BEM-ME-QUER,Espírito Santo,Serra,School,"R. Rio Negro, Bairro Hélio Ferraz",YES,cação
CMEI. CENTRAL CARAPINA,Espírito Santo,Serra,School,"Av. David Mauro, Central Carapina",YES,cação
CMEI. CLARINDO PENHA,Espírito Santo,Serra,School,"Rua Coronel Belmiro Gouveia, s/n, Bairro Novo Porto Canoa/Serra",YES,cação
CMEI. CRIANÇA FELIZ,Espírito Santo,Serra,School,"Av. Muriaé, Nova Carapina",YES,cação
CMEI. CURUMIM,Espírito Santo,Serra,School,Av. Porto Seguro - Jardim Carapina,YES,cação
CMEI. DÉBORA DE MORAES CAITANO,Espírito Santo,Serra,School,"R 04, s/n, Laranjeiras Velha",YES,cação
CMEI. EDVALDO LIMA DOS SANTOS,Espírito Santo,Serra,School,"R. Corina da P. Pereira Ribeiro, B Branco",YES,cação
CMEI. ESPAÇO FELIZ,Espírito Santo,Serra,School,R: Leotonia - Setor Europa – C. Continental,YES,cação
CMEI. GEANDERSON JESUÍNO DOS SANTOS,Espírito Santo,Serra,School,"Rua Topázio, S/N, Bairro Vista do Mestre",YES,cação
CMEI. GENTE MIÚDA,Espírito Santo,Serra,School,"R. das Cidreiras, Feu Rosa",YES,cação
CMEI. HELENA MOREIRA,Espírito Santo,Serra,School,R Carcara - Dourada III,YES,cação
CMEI. INFÂNCIA FELIZ,Espírito Santo,Serra,School,"Av. Rio Doce, El 'Dourado",YES,cação
CMEI. JOSÉ LUIZ DE DEUS AMADO,Espírito Santo,Serra,School,"R. Elias, Tomas, s/n, Boa Vista",YES,cação
CMEI. LUCIANO RANGEL,Espírito Santo,Serra,School,"R: Guilherme de Almeida, Laranjeiras",YES,cação
CMEI. MORANGUINHO,Espírito Santo,Serra,School,"R. Vitória-Régia, Bairro Feu Rosa",YES,cação
CMEI. OCEANIA,Espírito Santo,Serra,School,"R dos Cangurus Setor Oceania, C. Continental",YES,cação
CMEI. OLINDA ROSA,Espírito Santo,Serra,School,"Av. Belo Horizonte, 930, Nova Carapina",YES,cação
CMEI. OLINDINA LEÃO NUNES,Espírito Santo,Serra,School,R Salvino Rosa - Taquara I,YES,cação
CMEI. ORLANDO MIRANDA FREITAS,Espírito Santo,Serra,School,"Rua Mucuri, s/nº - Bairro: Jardim Carapina, Serra",YES,cação
CMEI. PAULO MARTINHO GOMES,Espírito Santo,Serra,School,"Rua: Azaléia, S/Nº, Bairro: Centro da Serra, Serra/ES",YES,cação
CMEI. PRIMEIRO PASSO,Espírito Santo,Serra,School,"Av. dos Índios, Setor América, C. Continental",YES,cação
CMEI. PROFª DILZA MARIA DE LIMA,Espírito Santo,Serra,School,"Rod. Laranjeiras, Bairro Nova Zelândia",YES,cação
CMEI. PROFª LEILA THEODORO,Espírito Santo,Serra,School,R. STU – Bairro Novo Horizonte,YES,cação
CMEI. PROFª MARIA HILDA ALEIXO,Espírito Santo,Serra,School,"R. Santa Luzia, 11, Carapina Grande",YES,cação
CMEI. RAIO DE SOL,Espírito Santo,Serra,School,R. B - André Carlone,YES,cação
CMEI. SÃO PATRÍCIO,Espírito Santo,Serra,School,"R: Águas Marinhas, 691, São Patrício",YES,cação
CMEI. SELMA NACIF ELIAS,Espírito Santo,Serra,School,"Rua Madre Tereza, s/nº - Bairro: Cidade Continental, Serra/ES",YES,cação
CMEI. SILVESTRE MARQUES DE AZEVEDO,Espírito Santo,Serra,School,R: Tirí – Cidade Pomar,YES,cação
CMEI. SONHO DOURADO,Espírito Santo,Serra,School,"Av. Belo Horizonte, s/n, Serra Dourada",YES,cação
CMEI. VILA NOVA DE COLARES,Espírito Santo,Serra,School,"Av. Alfredo Galeno,162 - Vila Nova de Colares",YES,cação
CMEI.VOVÓ ENADINA FRANCISCA PORCILIANA,Espírito Santo,Serra,School,Rua Samora - Setor África - Cidade Continental,YES,cação
CMEI. VOVÔ REILLY DUARTE,Espírito Santo,Serra,School,Bairro: Pitanga,YES,cação
CMEI. VOVÓ RITINHA,Espírito Santo,Serra,School,"R Mestre Álvaro, Manguinhos",YES,cação
CMEI ABÍLIO LUIS FAGUNDES,Espírito Santo,Cariacica,School,"Rua Augusta Campos, S/N, Bairro Jardim de Alá, CEP 29142-735",YES,cação
CMEI AGNES NEVES COUTINHO,Espírito Santo,Serra,School,"R. Guarapari, Nova Almeida",YES,cação
CMEI ALTIVA BELMOND DE CAMPOS,Espírito Santo,Cariacica,School,"Rua Ceará, nº 150, Bairro Jardim Campo Grande, CEP 29144-828",YES,cação
CMEI ALZIRA MARIA DE JESUS,Espírito Santo,Cariacica,School,"Rua Alzira Maria de Jesus, nº 01, Bairro Aparecida, CEP 29152-870",YES,cação
CMEI AMÉLIA PEREIRA,Espírito Santo,Serra,School,R. Santa Rita – Jardim Tropical,YES,cação
CMEI AMÉLIA VIRGINIA MACHADO,Espírito Santo,Cariacica,School,"Rua 15, S/N, Bairro Antônio Ferreira Borges, CEP 29157-854",YES,cação
CMEI ANA LUCIA FERREIRA DA SILVA,Espírito Santo,Cariacica,School,"Rua Muniz Freire, nº 12, Bairro Itaquari, CEP 29151-560",YES,cação
CMEI ANGELINA VASCONCELOS MACHADO,Espírito Santo,Serra,School,"Rua: Olavo Bilac, S/Nº, Bairro: São Diogo",YES,cação
CMEI BENEDITO RIBEIRO DE ALMEIDA,Espírito Santo,Cariacica,School,"Rua Rei Ciro, S/N, Bairro Vale dos Reis, CEP 29158-213",YES,cação
CMEI BERNADETE BARBOSA LEMOS,Espírito Santo,Cariacica,School,"Rua Bela Vista, S/N, Bairro Santa Luzia, CEP 29156-970",YES,cação
CMEI CARLOS ROBERTO O. SOUZA,Espírito Santo,Serra,School,Av Vitória – Vila Nova de Colares,YES,cação
CMEI CECÍLIA MEIRELES,Espírito Santo,Cariacica,School,"Rua Treze, S/N, Bairro Maracanã, CEP 29142-866",YES,cação
CMEI CELITA NASCIMENTO DA RÓS,Espírito Santo,Cariacica,School,"Rua Bolívia, S/N, Bairro Jardim América, CEP 29140-230",YES,cação
CMEI CHAPADÃO,Espírito Santo,Serra,School,Nova Almeida,YES,cação
CMEI CLETO PRUDÊNCIO RODRIGUES,Espírito Santo,Cariacica,School,"Rua Lopes Loureiro, S/N, Bairro Cariacica Sede, CEP 29156-360",YES,cação
CMEI CORA CORALINA,Espírito Santo,Serra,School,R Pequim - Parque Residencial Tubarão,YES,cação
CMEI CORINA SERRANO MOTA,Espírito Santo,Cariacica,School,"Rua H, nº 330, Bairro Nova Brasilia, CEP 29149-411",YES,cação
CMEI DARCY RODRIGUES CARDOSO – ANEXO,Espírito Santo,Cariacica,School,"Rua Santos Dumont, S/N, Bairro Santana, CEP 29154-733",YES,cação
CMEI DARCY RODRIGUES CARDOSO – SEDE,Espírito Santo,Cariacica,School,"Rua A, Quadra I, S/N, Bairro Santana, CEP 29142-630",YES,cação
CMEI DOM JOÃO BATISTA,Espírito Santo,Cariacica,School,"Rua da Vitória, S/N, Bairro Nova Esperança, CEP 29158-990",,cação
CMEI DOM JOSÉ MAURO PEREIRA BASTOS,Espírito Santo,Cariacica,School,"Rua Linhares, S/N, Bairro Bandeirantes, CEP 29142-090",YES,cação
CMEI EDMILSON VAREJÃO,Espírito Santo,Cariacica,School,"Rua Edmilson Varejão, S/N, Bairro Alto Lage, CEP 29151-050",YES,cação
CMEI EDSON VARGAS BARBOSA,Espírito Santo,Serra,School,"Av. Montes Claros, s/nº-Bairro: Nova Carapina II",YES,cação
CMEI ELISA LEAL BEZERRA,Espírito Santo,Cariacica,School,"Rua Curupayti, S/N, Bairro Prolar I, CEP 29156-067",YES,cação
CMEI EMILIANA G. BRAGANÇA SEDE,Espírito Santo,Cariacica,School,"Rua Senador Gerson Camata, Beco 15, Bairro União, CEP 29141-405",YES,cação
CMEI ERENITA RODRIGUES TRANCOSO,Espírito Santo,Cariacica,School,"Rua Imaculada Conceição, S/N, Bairro Itacibá, CEP 29150-200",YES,cação
CMEI ESTADOS,Paraná,Fazenda Rio Grande,School,"Av. Paraná, s/n",YES,cação
CMEI FRANCISCO JOÃO ORSO,Paraná,Fazenda Rio Grande,School,"R: Pessegueiro, 289",YES,cação
CMEI GERALDA CARVALHO PATROCÍNIO,Espírito Santo,Serra,School,"Rua Tupi, 692, Bloco C - Planalto Serrano",YES,cação
CMEI GERALDO MENEGUCCI,Espírito Santo,Cariacica,School,"Rua Perimetral, S/N, Bairro Vale da Esperança, CEP 29145-010",YES,cação
CMEI GIRASSOL,Espírito Santo,Serra,School,R. Baixo Guandu - Vista da Serra,YES,cação
CMEI GRALHA AZUL,Paraná,Fazenda Rio Grande,School,"Av. Albatroz, 430",YES,cação
CMEI GUIOMAR ARAÚJO BULHÕES,Espírito Santo,Serra,School,"Rua Vargem Alta, s/nº - Bairro: Parque das Gaivotas - N Almeida",YES,cação
CMEI IGUAÇU,Paraná,Fazenda Rio Grande,School,"R: Farid Stephens, s/n",YES,cação
CMEI IVAN ROBERTO DE SOUZA,Espírito Santo,Cariacica,School,"Rua Santa Clara, S/N, Bairro Santa Rosa, CEP 29155-595",YES,cação
CMEI JACY PEREIRA,Espírito Santo,Cariacica,School,"Rua Amazonas, S/N, Bairro Novo Brasil, CEP 29148-358",YES,cação
CMEI JAIME DOS SANTOS,Espírito Santo,Cariacica,School,"Rua Central, S/N, Bairro São Geraldo II, CEP 29143-310",YES,cação
CMEI JARBAS SILVA FILHO,Espírito Santo,Serra,School,"Rua Itaipava, s/nº, Bairro: Colina de Laranjeiras, Serra",YES,cação
CMEI JESUS MENINO,Espírito Santo,Cariacica,School,"Pça John Kennedy, S/N, Campo Grande, CEP 29146-550",YES,cação
CMEI JOÃO BUBACH,Espírito Santo,Cariacica,School,"Rua Lirios, S/N, Bairro Flor do Campo, CEP 29145-825",YES,cação
CMEI JOÃO COLOMBO,Espírito Santo,Cariacica,School,"Rua São Sebastião, S/N, Bairro Presidente Médice, Morro do Meio, CEP 29153-200",YES,cação
CMEI JOCILIA PEREIRA AMORIM,Espírito Santo,Serra,School,"R. Brasília, Bloco B - Planalto Serrano",YES,cação
CMEI JORGE SANTANA,Espírito Santo,Serra,School,"Av. Araponga, Costa Bela -Jacaraípe",YES,cação
CMEI JOSE LUIZ ARAÚJO,Espírito Santo,Cariacica,School,"Av. São José, S/N, Bairro Novo Horizonte CEP 29147-760",YES,cação
CMEI JOSÉ VALTER,Espírito Santo,Serra,School,"R Uu, 211, Chácara Parreiral,",YES,cação
CMEI JÚLIO COUTINHO,Espírito Santo,Cariacica,School,"Rua Silvano Ferreira Santos, nº 01, Bairro Porto Novo, CEP 29155- 355",YES,cação
CMEI JURANDIR GAMA BORGES,Espírito Santo,Serra,School,R. das Acácias – Cascata,YES,cação
CMEI LARISSA PEREIRA BATISTA,Espírito Santo,Cariacica,School,"Rua Apolo XI, S/N, Bairro Bela Aurora, CEP 29141-665",YES,cação
CMEI LETÍCIA PEDRO,Espírito Santo,Serra,School,"R. São Pedro, Jacaraípe",YES,cação
CMEI LUIZ SANTIAGO,Espírito Santo,Cariacica,School,"Av. Central, s/n, Campo Verde, Cariacica, ES.",YES,cação
CMEI MANOEL C. SIQUEIRA,Espírito Santo,Cariacica,School,"Rua Vale do Rio Doce, S/N, Bairro Porto Novo, CEP 29140-000",YES,cação
CMEI MANOEL PEDRO DA ROCHA,Espírito Santo,Cariacica,School,"Rua Joaquim Lovate, S/N, Conj. Cristo Rei, Bairro São Francisco, CEP 29144-764",YES,cação
CMEI MARIA APARECIDA LACERDA MOURA,Espírito Santo,Cariacica,School,"Rua José Antônio Silva, nº 28, Bairro Vera Cruz, CEP 29051-900",YES,cação
CMEI MARIA CUSTÓDIA DE JESUS,Espírito Santo,Cariacica,School,"Rua Alecrim, S/N, Quadra 41, Lote 01, Bairro Porto de Cariacica, CEP 29156-602",YES,cação
CMEI MARIA INES GURTLER,Espírito Santo,Cariacica,School,"Rua Volta Redonda, S/N, Bairro Liberdade, CEP 29142-707",YES,cação
CMEI MARIA ISMENIA AFORNALLI,Paraná,Almirante Tamandaré,School,"Rua Indaial, 09 – Jardim Apucarana",YES,cação
CMEI MARIA JARDELINA SANTOS,Espírito Santo,Cariacica,School,"Rua Projetada, S/N, Bairro Nova Rosa da Penha, CEP 29157-400",YES,cação
CMEI MARIA RACHEL DO NASCIMENTO,Espírito Santo,Cariacica,School,"Av. Nossa Senhora da Penha, S/N, Bairro Flexal II, CEP 29155-599",YES,cação
CMEI MARIA RIBEIRO DE REZENDE,Espírito Santo,Cariacica,School,"Rua 05, Quadra 28, S/N, Bairro Nova Rosa da Penha I, CEP 29157- 277",YES,cação
CMEI MARILDA RODRIGUES CARVALHO,Espírito Santo,Serra,School,Rua Muqui - s/n - Colina da Serra - Serra,YES,cação
CMEI MARÍLIA MODESTO,Espírito Santo,Serra,School,"Av. Região Nordeste, s/n, Barcelona",YES,cação
CMEI MARINA DO NASCIMENTO CAMILO,Espírito Santo,Serra,School,"R. Travessa Mestre Álvaro, Campinho da Serra",YES,cação
CMEI MARINGÁ / MATA DA SERRA,Espírito Santo,Serra,School,"R: Cacú, 275, Mata da Serra",YES,cação
CMEI MENINOS COM JESUS,Espírito Santo,Serra,School,"R. Maceió, São Marcos II",YES,cação
CMEI MÔNICA,Espírito Santo,Serra,School,"R: Maestro Manoel Xavier, Centro - Serra",YES,cação
CMEI NATÁLIA RAMOS CAMPOS,Espírito Santo,Serra,School,R. Paraíba - José de Anchieta,YES,cação
CMEI NILDA VANETE,Espírito Santo,Serra,School,"R: Alegre, Valparaíso",YES,cação
CMEI OSNI PHILIPPS (TANGUÁ),Paraná,Almirante Tamandaré,School,"Rua Cezar Augusto Ferri, 75 – bairro Tanguá",YES,cação
CMEI PASTOR JOCARLY A. CARDOSO,Espírito Santo,Cariacica,School,"Rua Emilia Monjardim, S/N, Bairro Retiro Saudoso, CEP 29140-630",YES,cação
CMEI PEDRO VIEIRA DA SILVA,Espírito Santo,Cariacica,School,"Rua Aparecida, S/N, Bairro São Geraldo, CEP 29146-728",YES,cação
CMEI PENÉLOPE,Espírito Santo,Serra,School,"Rua Nelcy Lopes Vieira, Bairro Jardim Limoeiro",YES,cação
CMEI PIMPOLHO,Espírito Santo,Serra,School,"R .20, Quadra Y, Jardim Bela Vista",YES,cação
CMEI PRINCÍPIO DO SABER,Espírito Santo,Cariacica,School,"Rua Nativo da Natividade, S/N, Bairro Padre Gabriel, CEP 29141-859",YES,cação
CMEI PROF.ª ADAIR BENATTO (AREIAS),Paraná,Almirante Tamandaré,School,"Rua Ubaldino Teixeira de Faria, 101 - Jd Areias",YES,cação
CMEI PROF.ª Mª ÂNGELA SIMÕES,Espírito Santo,Serra,School,"R. Todos os Santos, Jacaraípe",YES,cação
CMEI PROF.ª MARIA AMÉLIA CONCEIÇÃO ROSA,Espírito Santo,Serra,School,Av Vitoria – Praia de Carapebus,YES,cação
CMEI PROF® DARCY BARBOSA LEAL,Paraná,Fazenda Rio Grande,School,"R: Carlos Drummond de Andrade, 1780",YES,cação
CMEI PROF® ERONILDES CAMARGO,Paraná,Fazenda Rio Grande,School,"R: Canários, 173",YES,cação
CMEI PROFª ALAÍDE ALVARENGA,Espírito Santo,Serra,School,"R. N. Srª de Fátima, Boa Vista - Nova Almeida",YES,cação
CMEI PROFª APARECIDA C.C. CAMILO,Espírito Santo,Cariacica,School,"Rua Vicente Santório Santini, S/N, Bairro Flexal I, CEP 29155-611",YES,cação
CMEI PROFª MARIA JOSÉ DO NASCIMENTO,Espírito Santo,Serra,School,R. Santa Rita - Bairro São Domingos,YES,cação
CMEI PROFª MARIA MADALENA PRADO DA SILVA,Espírito Santo,Serra,School,"Rua Magnólia, s/n - Campinho I - Serra/ES",YES,cação
CMEI PROFª SANDRA MARIA DALLA BERNARDINA,Espírito Santo,Serra,School,Balneário Carapebus,YES,cação
CMEI PROF KELLY CAMPOS,Paraná,Fazenda Rio Grande,School,Av. Nossa Senhora de Guadalupe esq. Com R: Santa Luzia,YES,cação
CMEI PROF VERA LÚCIA BARCELOS,Espírito Santo,Serra,School,"R. Goitacazes, Jacaraipe",YES,cação
CMEI PROP LUZIA MOREIRA TOMCHAK,Paraná,Fazenda Rio Grande,School,"R: Pau Brasil,378",YES,cação
CMEI PROP MARCIA CLAUDINO,Paraná,Fazenda Rio Grande,School,"Av. Venezuela, 1525",YES,cação
CMEI RAFAEL CAPUCHO MAZIOLI,Espírito Santo,Cariacica,School,"Rua Pio XII, S/N, Bairro Alto Boa Vista, CEP 29152-060",YES,cação
CMEI REGIONAL SÃO LOURENÇO,Espírito Santo,Serra,School,R: Dilza P. Ferreira - São Lourenço,YES,cação
CMEI REINO ENCANTADO,Paraná,Almirante Tamandaré,School,Rua São José 748 - Parque São Jorge (ao lado da Escola São Jorge),YES,cação
CMEI ROSALINA M. DE SOUZA,Espírito Santo,Cariacica,School,"Rua Liberdade, S/N, Bairro Flexal II, CEP 29155-577",YES,cação
CMEI SANTA TEREZÍNHA,Paraná,Fazenda Rio Grande,School,"R: Rio Piquiri, s/n",YES,cação
CMEI SILVINO DE P. RAMOS,Espírito Santo,Cariacica,School,"Rua Domingos de Paula Ramos, S/N, Bairro Porto Novo, CEP 29155- 350",YES,cação
CMEI SUELI LA RÚBIA,Espírito Santo,Serra,School,"R: Mestre Álvaro, s/nº. Colina de Laranjeiras",YES,cação
CMEI TARCILIO MONTANARI,Espírito Santo,Cariacica,School,"Rua Barão de Itapemirim, S/N, Bairro Bela Aurora, CEP 29141-580",YES,cação
CMEI TEREZA TIRONI MARTINS - ANEXO,Espírito Santo,Cariacica,School,"Rua São Pedro, S/N, Bairro Dom Bosco, CEP 29147-380",YES,cação
CMEI TEREZA TIRONI MARTINS - SEDE,Espírito Santo,Cariacica,School,"Rua Itamaraty, S/N, Bairro Dom Bosco, CEP 29147-380",YES,cação
CMEI TIA FANI,Paraná,Fazenda Rio Grande,School,"Av. Brasil, 2014",YES,cação
CMEI TIO LEANDRO,Espírito Santo,Serra,School,"Rua 13 de Maio, 69, Taquara II",YES,cação
CMEI VALDECIR DA CRUZ CORREA,Espírito Santo,Cariacica,School,"Rua Pernambucos, s/n, Campo Verde",YES,cação
CMEI VANDA DERLI RANGEL TEIXEIRA,Espírito Santo,Cariacica,School,"Rua Reinaldo Rodrigues, S/N, Bairro Morrinhos, CEP 29156-067",YES,cação
CMEI VANTUIL RAIMUNDO BESSA,Espírito Santo,Serra,School,"Rua: Eldorado, s/nº, Bairro: Lagoa de Jacaraípe",YES,cação
CMEI VERA CALMON MATTEDI,Espírito Santo,Serra,School,"R. das Acácias – 68, Serra Dourada II",YES,cação
CMEI VEREADORA CIDA SABADIN,Paraná,Almirante Tamandaré,School,"Rua Adelino de Britto, 171 – Bairro Jardim Central",YES,cação
CMEI VEREADOR VICENTE ROMANO LOVATO,Paraná,Almirante Tamandaré,School,"Rua Odete Pereira, 100 – Jardim Ipê",YES,cação
CMEI VILA PRADO,Paraná,Almirante Tamandaré,School,"Av. Prof. Alberto Piekarz, 100, Colonia Antonio Prado, CEP: 83504-520",YES,cação
CMEI VINICIUS DE MORAES,Espírito Santo,Cariacica,School,"Rua Sargento Brandão, S/N, Bairro Sotelândia, CEP 29140-641",YES,cação
CMEI VOVÔ JUCA ROCHA,Paraná,Fazenda Rio Grande,School,"R: Rio Tiete, 769",YES,cação
CMEI WILSON A. DO NASCIMENTO,Espírito Santo,Cariacica,School,"Av. São Benedito, nº 19, Bairro Flexal I, CEP 29155-600",YES,cação
CMEI ZELINDA REGINA BIAZUTTI LEITE,Espírito Santo,Serra,School,Av. Bela Vista - Bloco A - Planalto Serrano,YES,cação
CMEI ZILDA ARNS,Espírito Santo,Serra,School,"Rua dos Eucaliptos, Feu Rosa",YES,cação
CMEI ZILDA ARNS,Paraná,Fazenda Rio Grande,School,"R: Estados Unidos, 956",YES,cação
CMEJA PROF. DR. ANDRÉ F. MONTORO (SUPLETIVO ARGOS),São Paulo,Jundiaí,School,"Rua José do Patrocínio, 200",,cação
CMET PAULO FREIRE,Rio Grande do Sul,Porto Alegre,School,"Rua Jerônimo Coelho,254 Centro",,anjo
COE - Comando de Operações Especiais,Rio de Janeiro,Rio de Janeiro,Military,"R. Santo Abelardo, 69-233 - Ramos, Rio de Janeiro",,cação
COLEGIO ANGLICANO DE ARARAS,Rio de Janeiro,Petrópolis,School,"ESTRADA BERNARDO COUTINHO , 1643",,cação
COLÉGIO EVANGÉLICO,Santa Catarina,Joinville,School,"Rua Cerro Azul, 888",,cação
COLEGIO GUNNAR VINGREN DE PETROPOLIS,Rio de Janeiro,Petrópolis,School,"RUA PADRE MOREIRA , 65",,cação
COLÉGIO MUNICIPAL ALBERTO FERREIRA BRANDÃO,Bahia,Camaçari,School,R. Flor do Campo - Gleba H,,cação
COLEGIO PADRE CORREA,Rio de Janeiro,Petrópolis,School,"RUA VIGARIO CORREA , 0",,cação
COMECINHO DE VIDA,Espírito Santo,Vila Velha,School,"Rua Bernardo Santos, 01",,cação
COMPLEXO CIDADE DA CRIANÇA,Santa Catarina,Florianopolis,Social Services,"Rua Rui Barbosa, 677 - Agronômica",,cação
COMPLEXO HOSPITALAR LUIZ PALMIER,Rio de Janeiro,São Gonçalo,Healthcare,"R. Estefânia de Carvalho, S/N - Centro, São Gonçalo - RJ",,cação
CONDOMÍNIO SOCIAL,Paraná,Curitiba,Social Services,N/A,,cação
CÔNEGO JOÃO CORDEIRO,Rio Grande do Sul,Gravataí,School,"RS 20 , nº 1355 – Pda. 89 – Fazenda Conceição",,anjo
CONSTRUINDO O FUTURO,Rio Grande do Sul,Gravataí,School,"Rua Madre Marta Maria, 23, Centro",,anjo
CORPO DE BOMBEIROS,Paraná,Fazenda Rio Grande,Other,"R. Ten. Sandro Luiz Kampa, 50 - Pioneiros, Fazenda Rio Grande - PR",,cação
CORPO DE BOMBEIROS,São Paulo,Americana,Other,"Av. Bandeirantes, 2.330 – Jd. Machadinho, Americana - SP",,cação
COSTA DO IPIRANGA,Rio Grande do Sul,Gravataí,School,"Av. Henrique Closs, nº 1095 – Costa do Ipiranga",,anjo
COZINHA COMUNITÁRIA BOM JESUS,Rio Grande do Sul,Santa Cruz do Sul,Social Services,"Rua Carlos Hoppe, 111",,anjo
COZINHA COMUNITÁRIA FAXINAL,Rio Grande do Sul,Santa Cruz do Sul,Social Services,"Rua Antônio Brito Filho, 123",,anjo
COZINHA COMUNITÁRIA IMIGRANTE,Rio Grande do Sul,Santa Cruz do Sul,Social Services,"Rua Guilherme Keber, 169",,anjo
COZINHA COMUNITÁRIA MARGARIDA AURORA,Rio Grande do Sul,Santa Cruz do Sul,Social Services,"Rua Adalberto Holtz, 866",,anjo
COZINHA COMUNITÁRIA SANTA VITÓRIA,Rio Grande do Sul,Santa Cruz do Sul,Social Services,"Rua Abrelino Pedroso, 301",,anjo
COZINHA PILOTO,São Paulo,Louveira,Other,"Monsenhor Domingos Herculano Casarim, 75 - Vila Bossi",,cação
Colégio da Polícia Militar I,Rio de Janeiro,Niterói,Military,"Alameda S.Boa Aventura, nº 1134, Fonseca/Niterói",,cação
Colégio da Polícia Militar II,Rio de Janeiro,Rio de Janeiro,Military,"Rua Rodrigues Campelo, 33",,cação
Colégio da Polícia Militar III,Rio de Janeiro,Duque de Caxias,Military,"Rua Piracicaba, Jardim Gramacho ",,cação
CRAS ANNITA LUZIA BRAUN,Rio Grande do Sul,Gravataí,Social Services,"Rua Fernandes C. Rosa, 30 – Bairro Girassol – Gravataí",,anjo
CRAS BARNABÉ,Rio Grande do Sul,Gravataí,Social Services,"Rua Escobar, 113 – Parque dos Eucaliptos – Gravataí",,anjo
CRAS CAI - JARDIM CARAPINA,Espírito Santo,Serra,Social Services,"Rua Salvador, s/n - Boa Vista II",,cação
CRAS CEM BRAÇAS,Rio de Janeiro,Armação dos Búzios,Social Services,"Rua Progresso, nº 540, Cem Braças Rasa",,cação
Centro de Referência de Assistência Social (CRAS) Central,Rio Grande do Sul,Santa Cruz do Sul,Social Services,"Rua Coronel Oscar Rafael Jost, 1551",,anjo
CRAS CENTRO,Rio de Janeiro,Petrópolis,Social Services,"Rua Dr. Sá Earp, n°39",,cação
CRAS CENTRO,Rio Grande do Sul,Gravataí,Social Services,"Rua Antonio Francisco Fonseca, 122 – ao lado da APAE – Gravataí",,anjo
CRAS CORRÊAS,Rio de Janeiro,Petrópolis,Social Services,"Rua Vigário Correa, 443",,cação
CRAS E SERVIÇO DE CONVIVÊNCIA BEATRIZ/CCMI,Rio Grande do Sul,Santa Cruz do Sul,Social Services,"Av. David Severo Manica, 369",,anjo
CRAS EUCALIPTOS,Paraná,Fazenda Rio Grande,Social Services,"R: Pessegueiro, 249 - Eucaliptos",,cação
CRAS GRALHA AZUL,Paraná,Fazenda Rio Grande,Social Services,"R: Cauré, 6921 - Gralha Azul",,cação
CRAS IGUAÇU,Paraná,Fazenda Rio Grande,Social Services,"R: Rio Paranapanema, 616 - Iguaçu",,cação
CRAS INDEPENDÊNCIA,Rio de Janeiro,Petrópolis,Social Services,"Rua José Lino Filho, s/n°",,cação
CRAS ITAIPAVA,Rio de Janeiro,Petrópolis,Social Services,"Estrada União e Indústria, 11860",,cação
CRAS MADAME MACHADO,Rio de Janeiro,Petrópolis,Social Services,"Rua Geraldo Lourenço Dias, s/nº, ponto final do ônibus, Madame Machado",,cação
CRAS MANOEL BARBOSA,Rio Grande do Sul,Gravataí,Social Services,"Rua Forquetinha, 10 – Loteamento Residencial Breno Garcia – Gravataí",,anjo
CRAS MORADAS,Rio Grande do Sul,Gravataí,Social Services,"Rua Alfeu Letti, 457 – Morada do Vale I – Gravataí",,anjo
CRAS NOVO HORIZONTE,São Paulo,Bom Jesus dos Perdões,Social Services,"Avenida: Santos Dumont, nº 672 A. Bairro: Jardim Santos Dumont –Centro – Bom Jesus dos Perdões/SP",,cação
CRAS POSSE,Rio de Janeiro,Petrópolis,Social Services,"Estrada União e Indústria, s/nº, ao lado do CIEP Gabriela Mistral",,cação
CRAS PROFESSORA MARINA CABRAL ROQUE,São Paulo,Bom Jesus dos Perdões,Social Services,"Avenida: São João, nº 1008 – Bairro: Vila Operária – Bom Jesus",,cação
CRAS QUITANDINHA,Rio de Janeiro,Petrópolis,Social Services,Rua Alagoas s/n,,cação
CRAS RASA,Rio de Janeiro,Armação dos Búzios,Social Services,"Rua Álvaro Elídio Gonçalves, nº 317, Rasa",,cação
CRAS RETIRO,Rio de Janeiro,Petrópolis,Social Services,"Rua Henrique Dias, 221",,cação
CRAS SÃO JUDAS,Rio Grande do Sul,Gravataí,Social Services,"Rua Félix Rodrigues, 115 – Bairro São Judas – Gravataí",,anjo
CRAS VALE DO CARANGOLA,Rio de Janeiro,Petrópolis,Social Services,Estrada do Carangola 253,,cação
CREAS - Centro de Referência Especializado de Assistência Social,Paraná,Fazenda Rio Grande,Social Services,"R: Manoel Claudino Barbosa, 1777 - Pioneiros",,cação
CREAS - Centro de Referência Especializado de Assistência Social,Rio de Janeiro,Armação dos Búzios,Social Services,"Rua Manoel Joaquim Silveira, s/nº, Centro",,cação
CREAS - Centro de Referência Especializado de Assistência Social,Rio de Janeiro,Petrópolis,Social Services,"Rua D. Pedro, 353",,cação
CREAS - Centro de Referência Especializado de Assistência Social,Rio Grande do Sul,Santa Cruz do Sul,Social Services,"Av. Dep. Euclydes N. Kliemann, 1551 – CISP 2º andar",,anjo
CREAS AQUARELA,Rio Grande do Sul,Gravataí,Social Services,"Rua Tancredo Neves, 105 – Bairro Jansen – Gravataí",,anjo
CREAS ARCO-ÍRIS,Rio Grande do Sul,Gravataí,Social Services,"Avenida Brasil, 202 – Parada 72 – Bairro São Geraldo – Gravataí",,anjo
"CRECHE ""BELMIRA DE SÁ MANDAIO"" - BLUMENAU",São Paulo,Artur Nogueira,School,"Rua Conchal, 37 - Blumenau",YES,cação
"CRECHE ""CIDÉRIA LEYNE BOER"" - BELA VISTA",São Paulo,Artur Nogueira,School,"Rua Antonio Arrivabene, 33 - Jd. Bela Vista",YES,cação
"CRECHE ""JOSEPHIN TAGLIARI"" - PLANALTO",São Paulo,Artur Nogueira,School,"Rua José Saturno, 200 - Jd. Planalto",YES,cação
"CRECHE ""MARIA PIVA TAGLIARI"" - ITAMARATY",São Paulo,Artur Nogueira,School,"Rua Antônio Tagliari, 55 – Itamaraty",YES,cação
"CRECHE ""PÁSCOA VALÉRIO GUIDOTTI"" - SACILOTTO II",São Paulo,Artur Nogueira,School,Rua Dário Caetano nº 250 - Jd. Sacilotto II,YES,cação
"CRECHE ""SÃO FRANCISCO DE ASSIS"" - SÃO VICENTE",São Paulo,Artur Nogueira,School,"Rua José Bervint, 655 - São Vicente",YES,cação
"CRECHE ""VEREADOR BELIZÁRIO NEVES"" - CAIC",São Paulo,Artur Nogueira,School,"Rua Ver. José Aparecido Neves, S/N - Parque dos Trabalhadores",YES,cação
"CRECHE ""YVONNE DE BARROS DA ROSA"" - MINHA CASA MINHA VIDA",São Paulo,Artur Nogueira,School,"Rua Adhemar Clovis da Fonseca, 90 - São João dos Pinheiros",YES,cação
CRECHE ABRAÃO,Santa Catarina,Florianopolis,School,"Rua João Meirelles, Nº: 1780",YES,cação
CRECHE ALMTE LUCAS ALEXANDRE BOITEUX,Santa Catarina,Florianopolis,School,Avenida Mauro Ramos,YES,cação
CRECHE ALTINO DEALTINO CABRAL,Santa Catarina,Florianopolis,School,Rua: Padre Lourenço Rodrigues de Andrade Nº 120,YES,cação
CRECHE ANAJÁ,São Paulo,Americana,School,"Rua dos Lilases, 611 – Jd. Das Flores",YES,cação
CRECHE ANJO DA GUARDA,Santa Catarina,Florianopolis,School,Rua: João da Cruz Meira Nº 350,YES,cação
CRECHE ANNA SPYRIOS DIMATOS,Santa Catarina,Florianopolis,School,Rodovia Açoriana,YES,cação
CRECHE APAM MORRO DAS PEDRAS,Santa Catarina,Florianopolis,School,Rua Francisco Vieira,YES,cação
CRECHE BAIRRO MASCATE,São Paulo,Nazaré Paulista,School,"Rua Pernambuco, 26",YES,cação
CRECHE BEM-TE-VI,Santa Catarina,Florianopolis,School,Avenida: Rio Branco Nº 719,YES,cação
CRECHE CAETANA MARCELINA DIAS,Santa Catarina,Florianopolis,School,"Rodovia Baldicero Filomeno, 3000",YES,cação
CRECHE CAIC,São Paulo,Americana,School,"Rua dos Ideais, s/n – Jd. Da Paz",YES,cação
CRECHE CANTO FELIZ,Rio de Janeiro,São Gonçalo,School,"R. Estrada da Trindade, SN, lt 03, qd152",YES,cação
CRECHE CASA DA CRIANÇA,Rio de Janeiro,Rio de Janeiro,School,"Rua Clarimundo de Melo, 847, Quintino Bocaiuva, Rio de Janeiro - RJ",YES,cação
CRECHE CELSO PAMPLONA,Santa Catarina,Florianopolis,School,"Rua Gualberto Senna, 111",YES,cação
CRECHE CENTRO COMUNITÁRIO DO SALGUEIRO,Rio de Janeiro,São Gonçalo,School,"R. Capitão Antônio Franklin,128",YES,cação
CRECHE CHICO MENDES,Santa Catarina,Florianopolis,School,Rua Ataulfo Andrade,YES,cação
CRECHE CHUÍ,São Paulo,Americana,School,"Rua dos Tucanos, 256- V. Mathiesen",YES,cação
CRECHE COMUNITÁRIA CANAÃ,Rio de Janeiro,São Gonçalo,School,"Rua Arnaldo Gama, Lote 32, Quadra 20",YES,cação
CRECHE COMUNITÁRIA CRIANÇA ESPERANÇA,Rio Grande do Sul,Esteio,School,"Rua Santa Maria, 60, Novo Esteio",YES,"anjo, cação"
CRECHE COMUNITÁRIA LAR DE HUMAITÁ - CASA DAS MENINAS,Rio de Janeiro,São Gonçalo,School,"Avenida Presidente Franklin Roosevelt,1535",YES,cação
CRECHE CRISTO REDENTOR,Santa Catarina,Florianopolis,School,Rua: Laura Caminha Meira Nº 276,YES,cação
CRECHE CURIMÃ,São Paulo,Americana,School,"Rua George Moutran, 475 – São Vito",YES,cação
CRECHE-DAER/DEPARTAMENTO AUTÔNOMO DE ESTRADAS DE RODAGEM,Rio Grande do Sul,Porto Alegre,School,"Av. Borges de Medeiros, 1555 - Praia de Belas, Porto Alegre - RS",YES,anjo
CRECHE DARCI ALVES VIANA,São Paulo,Nazaré Paulista,School,"Av. Com. Vicente de Paula Penido, 162",YES,cação
CRECHE DARCI ALVES VIANA (BERÇÁRIO),São Paulo,Nazaré Paulista,School,"Rua Padre Nicolau, 421",YES,cação
CRECHE DIAMANTINA BERTOLINA DA CONCEIÇÃO,Santa Catarina,Florianopolis,School,Rod. Luiz Moura Gonzaga,YES,cação
CRECHE DONA COTA,Santa Catarina,Florianopolis,School,"Rua João Meirelles, 1515",YES,cação
CRECHE DO PHOC II,Bahia,Camaçari,School,R Maceió - Phoc II,YES,cação
CRECHE DORALICE TEODORA BASTOS,Santa Catarina,Florianopolis,School,Rua Manoel Marcellos Moura,YES,cação
CRECHE E.M. DIVA NUNES CHAVES,Rio de Janeiro,Armação dos Búzios,School,"R. Bambuzal,21",YES,cação
CRECHE E.M. NOBELINA ALVES DE ALMEIDA,Rio de Janeiro,Armação dos Búzios,School,Av. Roberto Improta Saraiva,YES,cação
CRECHE E.M. ROSA MARIA,Rio de Janeiro,Armação dos Búzios,School,"Rua João Batista, n° 07",YES,cação
CRECHE ELISABETE NUNES ANDERLE,Santa Catarina,Florianopolis,School,"Servidão Timóteo José Mariano, 254",YES,cação
CRECHE E PRÉ - ESCOLA DONA LEDA 33 GRANJA VICTER,Rio de Janeiro,Duque de Caxias,School,"Av A, s/n° - Qd 87 - Nova Campinas CEP: 25268-370",YES,cação
CRECHE E PRÉ-ESC PROF ARMANDA ÁLVARO ALBERTO,Rio de Janeiro,Duque de Caxias,School,"Avenida A, Qd 93 Nova Campinas CEP: 25268-010",YES,cação
CRECHE E RECREAÇÃO LUPICÍNIO RODRIGUES,Rio Grande do Sul,Porto Alegre,School,"R. Alm. Álvaro Alberto da Motta e Silva,200",YES,anjo
CRECHE-ESCOLA CASTELO SAO MANOEL,Rio de Janeiro,Petrópolis,School,RUA VISCONDE DE TAUNAY . 641,YES,cação
CRECHE ESCOLA PASTORINHOS DE FÁTIMA,Rio de Janeiro,São Gonçalo,School,"R. Mentor Couto, 544",YES,cação
CRECHE ESCOLA SÃO FRANCISCO DE ASSIS,Rio de Janeiro,Duque de Caxias,School,"Rua Igreja, 19 Parque Beira Mar Duque de Caxias Rj Telefone: 27750227",YES,cação
CRECHE FERMÍNIO FRANCISCO VIEIRA,Santa Catarina,Florianopolis,School,"Rua Sebastião Laurentino da Silva, 250",YES,cação
CRECHE FRANCISCA IDALINA LOPES,Santa Catarina,Florianopolis,School,Rua Nossa Senhora de Fatima,YES,cação
CRECHE FRANKLIN CASCAES,Santa Catarina,Florianopolis,School,"Avenida Luiz Boiteux Piazza, 4810",YES,cação
CRECHE HERMENEGILDA CAROLINA JACQUES,Santa Catarina,Florianopolis,School,"Rua Intendente Antônio Damasco, 3800",YES,cação
CRECHE IDALINA OCHÔA,Santa Catarina,Florianopolis,School,"César Augusto de Souza, 2347",YES,cação
CRECHE ILHA CONTINENTE,Santa Catarina,Florianopolis,School,Rua João Vieira,YES,cação
CRECHE INGLESES,Santa Catarina,Florianopolis,School,Rua Três Maria,YES,cação
CRECHE IRMÃ ARNALDA DA SILVA NEVES,Rio de Janeiro,Duque de Caxias,School,"Est Cachoeira das Dores, n° 1693, c/ 23, Taquara CEP: 25270-000",YES,cação
CRECHE IRMÃO CELSO,Santa Catarina,Florianopolis,School,"Rua Rui Barbosa, nº: 677 F",YES,cação
CRECHE IRMÃ SCHEILLA,Santa Catarina,Florianopolis,School,Avenida Pequeno Príncipe nº: 721,YES,cação
CRECHE JARDIM ATLÂNTICO,Santa Catarina,Florianopolis,School,"Rua Irmã Bonavita, esquina Rua Rogério Vieira",YES,cação
CRECHE JOAQUINA MARIA PERES,Santa Catarina,Florianopolis,School,"Rua Amaro Antônio Vieira, 2095",YES,cação
CRECHE JOEL ROGÉRIO DE FREITAS,Santa Catarina,Florianopolis,School,"Rua Mauro de Carvalho, 114",YES,cação
CRECHE JÚLIA MARIA RODRIGUES,Santa Catarina,Florianopolis,School,"Rua: Raulino Koerich, s/n",YES,cação
CRECHE LINALDO,Bahia,Camaçari,School,"Loteamento Espaço Alpha, Bairro do Jardim Limoeiro.",YES,cação
CRECHE LOTEAMENTO CAVALHADA,Rio Grande do Sul,Porto Alegre,School,"Rua 4523, n° 731",YES,anjo
CRECHE M. ERNESTINA SANT'ANNA QUINTANILHA,Rio de Janeiro,Armação dos Búzios,School,Rua Progresso,YES,cação
CRECHE M. IVONETE COSTA TRINDADE,Rio de Janeiro,Armação dos Búzios,School,"Rua Gaspar J. dos Reis, 760",YES,cação
CRECHE M. LAURINDA DE SOUZA CONCEIÇÃO,Rio de Janeiro,Armação dos Búzios,School,Rua Umbaúba,YES,cação
CRECHE M. MARIA AMÉLIA,Rio de Janeiro,Armação dos Búzios,School,Rua Monte Verde,YES,cação
CRECHE M. MARLY QUINTANILHA DASILVA,Rio de Janeiro,Armação dos Búzios,School,Rua Jonas Talbert,YES,cação
CRECHE M. NAIR DA CONCEIÇÃO GONÇALVES,Rio de Janeiro,Armação dos Búzios,School,Rua César Gaspar,YES,cação
CRECHE M. PROF. MARIA RITA,Rio de Janeiro,Armação dos Búzios,School,Rua Darílio Gonçalves - Rasa,YES,cação
CRECHE MACHADO DE ASSIS,Santa Catarina,Florianopolis,School,Servidão: Alzira Ventura Vieira Nº 86,YES,cação
CRECHE MAJOÍ,São Paulo,Americana,School,"Rua Maestro Bianchi, 49 – Bairro Cordenonsi",YES,cação
CRECHE MARCELINO BARCELOS DUTRA,Santa Catarina,Florianopolis,School,"Rodovia Baldicero Filomeno, 11263",YES,cação
CRECHE MARIA BARREIROS,Santa Catarina,Florianopolis,School,"Rua João Evangelista da Costa, 455",YES,cação
CRECHE MARIA NAIR DA SILVA,Santa Catarina,Florianopolis,School,Ao lado Posto de Saúde,YES,cação
CRECHE MARISTA N. SRA. DAS ÁGUAS,Rio Grande do Sul,Porto Alegre,School,"R. N. Sra. Aparecida, 4431",YES,anjo
CRECHE MATEUS DE BARROS,Santa Catarina,Florianopolis,School,"Rua das Cedros, 88",YES,cação
CRECHE MONSENHOR FREDERICO HOBOLD,Santa Catarina,Florianopolis,School,"Rua José Kumakola, 100",YES,cação
CRECHE MONSENHOR LIBRELLOTO,Rio de Janeiro,Duque de Caxias,School,"Rua Y, s/n° Conj. Residencial 22 de Abril Imbarié CEP: 25271-020",YES,cação
CRECHE MONTEIRO LOBATO,Santa Catarina,Florianopolis,School,Rua José Xavier da Rosa s/nº,YES,cação
CRECHE MORRO DA QUEIMADA,Santa Catarina,Florianopolis,School,"Rua Anibal Nunes Pires, 580",YES,cação
CRECHE MORRO DO MOCOTÓ,Santa Catarina,Florianopolis,School,"Servidão Família Furtado, s/n",YES,cação
CRECHE MUNICIPAL ESTRELINHAS DO AMANHÃ,Rio de Janeiro,Maricá,School,RUA: ADELAIDE BEZERRA N. 103 - BAIRRO: CENTRO -CIDADE: MARICÁ/RJ,YES,cação
CRECHE MUQUÉM,Santa Catarina,Florianopolis,School,"Rodovia João Gualberto Soares, 4860F",YES,cação
CRECHE NOSSA SENHORA APARECIDA,Santa Catarina,Florianopolis,School,Rua Deputado Antônio Edú Vieira,YES,cação
CRECHE NOSSA SENHORA DE LURDES,Santa Catarina,Florianopolis,School,Rua: Pedro Joaquim da Silva Nº 115,YES,cação
CRECHE NOVA – VICENTE NUNES,São Paulo,Nazaré Paulista,School,"Rua Joaquim Pinheiro Mariano, 226",YES,cação
CRECHE ORLANDINA CORDEIRO,Santa Catarina,Florianopolis,School,"Rua Virgílio Várzea, 380",YES,cação
CRECHE PAULO MICHELS,Santa Catarina,Florianopolis,School,"Rua Pedro Mariano da Silva, 63",YES,cação
CRECHE PROFª ROSA MARIA PIRES,Santa Catarina,Florianopolis,School,"Rua Desembargador Nelson Nunes, 208",YES,cação
CRECHE SANTA CLARA,São Paulo,Nazaré Paulista,School,Rua Pedro Rodrigues Pinheiro s/n,YES,cação
CRECHE SANTA MARIA,Bahia,Camaçari,School,Rua Otávio Mangabeira n05— Gleba H,YES,cação
CRECHE SANTA TEREZINHA DO MENINO JESUS,Santa Catarina,Florianopolis,School,"Rua Silva Jardim, 870",YES,cação
CRECHE STELLA MARIS CORRÊA CARNEIRO,Santa Catarina,Florianopolis,School,Rua Luiz Boateux Piaza,YES,cação
CRECHE TAPERÁ,São Paulo,Americana,School,"Rua São Joaquim, 650 – São Manoel",YES,cação
CRECHE TUPÃ,São Paulo,Americana,School,"Rua Dante Rossi, 99 – Residencial Vale das Nogueiras",YES,cação
CRECHE VARGEM PEQUENA,Santa Catarina,Florianopolis,School,"Rodovia SC 401, Nº: Km 15",YES,cação
CRECHE VILA CACHOEIRA,Santa Catarina,Florianopolis,School,Rod. Virgílio Varzea,YES,cação
CRECHE VILA UNIÃO,Santa Catarina,Florianopolis,School,Rua Anarolina Silveira dos Santos,YES,cação
CRECHE WALDEMAR DA SILVA FILHO,Santa Catarina,Florianopolis,School,"Av. Madre Benvenuta, 521",YES,cação
CRECHE WANDA,São Paulo,Americana,School,"Rua Serra do Mar, 450 - Bairro Pq. Liberdade",YES,cação
CRIANÇA CIDADÃ,Rio Grande do Sul,Porto Alegre,School,"R. Adelino Ferreira Jardim, 280",YES,anjo
CRIANÇA ESPERANÇA,Rio Grande do Sul,Gravataí,School,"Rua Lino Estácio dos Santos, nº 1971 - Vila Nova Conquista",YES,anjo
CRIANÇA ESPERANÇA,Rio Grande do Sul,Porto Alegre,School,"R. João Bravo de Almeida, 101",YES,anjo
CRIANÇA FELIZ,Rio Grande do Sul,Porto Alegre,School,"R. dos Canudos,625",YES,anjo
CURT ALVINO MONICH (VEREADOR),Santa Catarina,Joinville,School,"R.: Harold Maul, 250",,cação
CUSTÓDIA DIAS DE CAMPOS,Espírito Santo,Vitória,School,"R. Santa Rita de Cássia, s/n - Bairro de Lourdes 29042-753",,cação
CVT BANGU,Rio de Janeiro,Rio de Janeiro,School,N/A,,cação
CVT CIDADE DE DEUS,Rio de Janeiro,Rio de Janeiro,School,N/A,,cação
CVT LAJE DE MURIAÉ,Rio de Janeiro,Laje do Muriaé,School,N/A,,cação
CVT MIGUEL PEREIRA,Rio de Janeiro,Miguel Pereira,School,N/A,,cação
CVT NILÓPOLIS,Rio de Janeiro,Nilópolis,School,N/A,,cação
CVT PETRÓPOLIS,Rio de Janeiro,Petrópolis,School,N/A,,cação
CVT PIRAÍ,Rio de Janeiro,Piraí,School,N/A,,cação
CVT SÃO GONÇALO,Rio de Janeiro,São Gonçalo,School,N/A,,cação
CVT SÃO PEDRO D'ALDEIA,Rio de Janeiro,São Pedro da Aldeia,School,N/A,,cação
DAbst - Diretoria de Abastecimento,Rio de Janeiro,Niterói,Military,Av. Feliciano Sodré no 190,,cação
DALCY BARROSO PILLAR,Rio de Janeiro,Cabo Frio,School,"Rua Luis Feliciano Cardoso, s/nº, P. do Siqueira",,cação
DANTE MICHELINI,Espírito Santo,Vila Velha,School,"R. Ronaldo Gonçalves de Rezende, s/n",,cação
DARCY CASTELLO DE MENDONÇA,Espírito Santo,Vitória,School,"R. Francisco de Araújo Machado, 11 Conj. Antônio Honório (Goiabeiras) 29070-275",,cação
DARCY VARGAS,Espírito Santo,Vitória,School,"Rod. Serafim Derenzi, 610 - Santo Antônio - 29026-470",,cação
DEMERVAL ALVES RANGEL,Rio de Janeiro,Cabo Frio,School,"Rua José Lucas (antiga Rua Seis), Qd 05, Lt 15, Km 133",,cação
DEODORO AZEVEDO,Rio de Janeiro,Cabo Frio,School,"Rua Governador Valadares, 1096",,cação
DEOLINDO PERIM,Espírito Santo,Vila Velha,School,Rua Alexandre Queiroz da Silva s/n,,cação
DEPARTAMENTO DE CONTROLE DE BENS PATRIMONIAIS,Rio de Janeiro,Niterói,Other,"Rua Gen. Castrioto, n°589, Barreto",,cação
DEPÓSITO,Rio de Janeiro,Cabo Frio,School,"Rua Denilza de O. Melo, s/nº, Lotes 10 e 11- Quadra 04- Parque Burle – Cabo Frio",,cação
DEPUTADO PAULO SERGIO BORGES,Espírito Santo,Vila Velha,School,"Estrada Ayrton Sena da Silva, s/n,",,cação
DES. FERREIRA COELHO,Espírito Santo,Vila Velha,School,Rua Santa Terezinha s/n,,cação
DESEMBARGADOR CÂNDIDO MARINHO,Espírito Santo,Vila Velha,School,"Av. Salgado Filho, s/n",,cação
DIJAYRO GONÇALVES LIMA,Espírito Santo,Vila Velha,School,"Av. Califórnia, s/n, Bairro Barramares",,cação
DIRETORA BELYCARLLA RODRIGUES JUNIAR,Espírito Santo,Vila Velha,School,"Rua Machado de Assis, s/n",,cação
DIRETORA ZDMEA CAMARGO,Espírito Santo,Vila Velha,School,Rua Adalgisa Barcelos de Almeida. CEP: 29.109-270,,cação
DIVISÃO DE ALMOXARIFADO CENTRAL,Rio de Janeiro,Niterói,Other,"Rua General Castrioto , no 589, Barreto",,cação
DIVISÃO DE SUPRIMENTOS - SECRETARIA DA SAÚDE DO RIO GRANDE DO SUL,Rio Grande do Sul,Porto Alegre,Other,"Av. Marechal Andréa, 351 - Boa Vista, Porto Alegre - RS",,anjo
DIVISÃO DE VIGILÂNCIA E ZELADORIA GAA,Rio de Janeiro,Rio de Janeiro,Other,"Rua Voluntários da Pátria no 120, Botafogo, Rio de Janeiro/RJ",,cação
DOCE INFÂNCIA,Santa Catarina,Joinville,School,"R.: Bom Retiro, 97",,cação
DOMINGOS GOUVÊA,Rio de Janeiro,Cabo Frio,School,"Rua Henrique Terra, 154 - Portinho",,cação
DOMINGOS JOSÉ MARTINS,Espírito Santo,Vila Velha,School,"Rua Capricórnio, 154",,cação
DOM JOÃO BATISTA DA MOTTA E ALBUQUERQUE,Espírito Santo,Vitória,School,"Ladeira Anthero Braido, 110 Praia do Suá - 29052-220",,cação
DOM ORIONE,Rio Grande do Sul,Porto Alegre,School,"R.Ursa Maior, 215",YES,anjo
DO POMAR,Rio de Janeiro,Cabo Frio,School,"Trav. Beija Flor, 05, casa 04 - Jacaré",,cação
DORIVAL CÂNDIDO LUZ DE OLIVEIRA,Rio Grande do Sul,Gravataí,School,"Rua Vigário Luis Azevedo, nº 87 – Pda. 99 – Passo da Caveira",,anjo
DPTO. ADMINISTRATIVO E FINANCEIRO SECRETARIA MUNICIPAL DE EDUCAÇÃO,Rio Grande do Sul,Gravataí,Other,N/A,,anjo
DR. DENIZART SANTOS,Espírito Santo,Vitória,School,"Av. Jurema Barroso, 215 Ilha do Príncipe 29020-430",,cação
DR. TUFFY NADER,Espírito Santo,Vila Velha,School,"Rua Antonio Fonseca, s/nº.",,cação
DUQUE DE CAXIAS,Rio Grande do Sul,Gravataí,School,"Rua Dakar, nº 280 – RS 20/Pda. 80 – Itacolomi",,anjo
E.E. FRANCISCO DAMANTE,São Paulo,Bom Jesus dos Perdões,School,"Rua São Geraldo, s/n – Centro",,cação
E.E.M. EULINA DE ASSIS MARQUES,Rio de Janeiro,Armação dos Búzios,School,Av. Doze de Novembro,,cação
E.E. MANUEL FERRAZ,São Paulo,Bom Jesus dos Perdões,School,"Rua Maria Cele Costa, s/n - Country Residencial Félix",,cação
E.E.MZ. JOSÉ BENTO RIBEIRO DANTAS,Rio de Janeiro,Armação dos Búzios,School,Rua do Clube,,cação
E.E. ROSENDE,São Paulo,Bom Jesus dos Perdões,School,"Rua Carmine Pugliesi, s/n - Jardim Portugal",,cação
E. M. 26 DE JANEIRO,Paraná,Fazenda Rio Grande,School,"Av. Brasil, 2014",,cação
E.M. ADALBERTO PEREIRA PINTO,Rio de Janeiro,Mangaratiba,School,Estrada Rio Santos – Km 58 – Itacurubitiba,,cação
E.M. AFONSO GUERREIRO LIMA,Rio Grande do Sul,Porto Alegre,School,"Rua Guaíba, 203- Lomba do Pinheiro",,anjo
E.M. AGOSTINHO DA S. MATTOS,Rio de Janeiro,Mangaratiba,School,"Praia da Catita, s/n – Ilha de Jaguanum",,cação
E.M. ÁGUAS LINDAS,Rio de Janeiro,Mangaratiba,School,Praia de Águas Lindas – Ilha de Itacuruçá,,cação
E.M.ALBERTINA CAMPOS,Rio de Janeiro,São Gonçalo,School,"RUA DOS ARCOS, 65",,cação
E.M.ALBERTO PASQUALINI,Rio de Janeiro,São Gonçalo,School,"AV.EXP. BITTENCOURT RODRIGUES, S/Nº",,cação
E.M.ALBERTO TORRES,Rio de Janeiro,São Gonçalo,School,"AV. MARICA, S/Nº",,cação
E. M. ALCIDES DE SOUZA,Rio de Janeiro,Valença,School,"Fazenda São José, 2681, Passagem",,cação
E. M. ALCIDES MARIO PELANDA,Paraná,Fazenda Rio Grande,School,"R: Pessegueiro, 197",,cação
E.M.ALFREDO DE FREITAS DIAS GOMES,Rio de Janeiro,São Gonçalo,School,"ESTRADA DO ARRASTÃO, S/Nº",,cação
E.M.ALMIRANTE ALFREDO CARLOS SOARES DUTRA,Rio de Janeiro,São Gonçalo,School,R. CAP. JUSTINIANO PEREIRA DE FARIA S/N,,cação
E.M. AMÉRICA,Rio Grande do Sul,Porto Alegre,School,"Rua B, 175 Vila Vargas Partenon",,anjo
E.M.ANAIA PEQUENO (ZEYR PORTO),Rio de Janeiro,São Gonçalo,School,"ESTRADA DO ANAIA, 57",,cação
E.M.ANISIO SPINOLA TEIXEIRA,Rio de Janeiro,São Gonçalo,School,"RUA: VISCONDE SEABRA, S/N",,cação
E. M. ANTONIO ALVES MOREIRA,Rio de Janeiro,Valença,School,"Fazenda São José, s/nº, Quilombo, Santa Isabel",,cação
E. M. ANTONIO BALDAN,Paraná,Fazenda Rio Grande,School,"R: Albatroz, 430",,cação
E.M.ANTONIO CARLOS JOBIM,Rio de Janeiro,São Gonçalo,School,"ESTR. NAZÁRIO MACHADO, S/Nº",,cação
E.M. ANTONIO CONCEIÇÃO DA COSTA,Rio de Janeiro,Mangaratiba,School,"Rua Cipriano da Silva Barros, s/nº – Fazenda Ingaíba",,cação
E.M. ANTÔNIO CORDEIRO PORTUGAL,Rio de Janeiro,Mangaratiba,School,"Estrada São João Marcos, s/nº. – Serra do Piloto",,cação
E.M. ARAMY SILVA,Rio Grande do Sul,Porto Alegre,School,"Rua Chico Pedro, 390 Camaquã",,anjo
E. M. ARNALDO BUSATO,Paraná,Fazenda Rio Grande,School,"Av. Brasil, 1540",,cação
E. M. ASSOCIAÇÃO BALBINA FONSECA,Rio de Janeiro,Valença,School,"Rua Dom André Arcoverde, 123, Centro",,cação
E.M.BEATRIZ ELIANE CORDEIRO SANTOS,Rio de Janeiro,São Gonçalo,School,"ESTRADA DO COELHO, S/Nº",,cação
E.M.BELARMINO RICARDO SIQUEIRA,Rio de Janeiro,São Gonçalo,School,"RUA EVARISTO DA VEIGA, S/Nº",,cação
E.M. CAETANO DE OLIVEIRA,Rio de Janeiro,Mangaratiba,School,"Rua Cecília, 213 – Itacuruçá",,cação
E.M. CAMPOS DO CRISTAL,Rio Grande do Sul,Porto Alegre,School,"Beco do Império, s/n - Vila Nova",,anjo
E.M. CANDIDO JORGE CAPIXABA - CIEP 294,Rio de Janeiro,Mangaratiba,School,"Av. José Antonio da Costa, s/nº - Praia do Saco",,cação
E.M.CARLOS DRUMMOND DE ANDRADE,Rio de Janeiro,São Gonçalo,School,"ESTRADA DA ITAOCA, S/Nº",,cação
E. M. CARLOS EDUARDO NICHELE,Paraná,Fazenda Rio Grande,School,"R: Nossa Sra. do Rocio, 114",,cação
E.M. CEL. MOREIRA DA SILVA,Rio de Janeiro,Mangaratiba,School,"Rua Nillo Peçanha, 162 – Mangaratiba.",,cação
E.M.CELIA PEREIRA DA ROSA,Rio de Janeiro,São Gonçalo,School,"RUA ALTA ROSA, S/Nº",,cação
E.M. CHAPÉU DO SOL,Rio Grande do Sul,Porto Alegre,School,"Av. Juca Batista, s/n Restinga",,anjo
E.M. CHICO MENDES,Rio Grande do Sul,Porto Alegre,School,"Rua das Seringueiras, s/nº",,anjo
E.M. CORDÉLIA JOSEPHINA DE M. PAHL,Rio de Janeiro,Mangaratiba,School,"Estrada São João Marcos, s/nº - Benguela",,cação
E. M. CORONEL CARDOSO,Rio de Janeiro,Valença,School,"Estrada Parapeúna – Santa Rita, Parapeúna",,cação
E.M.DARCY RIBEIRO,Rio de Janeiro,São Gonçalo,School,"RUAITATUBA, 18",,cação
E. M. DAURA S. BARBOSA/E. M. ARLINDO DA S. NOGUEIRA,Rio de Janeiro,Valença,School,"Estrada Valença x Rio das Flores, 2025, Biquinha",,cação
E.M. DÉCIO MARTINS COSTA,Rio Grande do Sul,Porto Alegre,School,"Rua Cristóvão Jaques, 488 Sarandi",,anjo
E. M. DE EN. FUNDAMENTAL DEPUTADO LUIZ PINTO,Rio de Janeiro,Valença,School,"Rua Benjamim Guimarães, 104, Centro",,cação
E. M. DEP. LUIZ GABRIEL SAMPAIO,Paraná,Fazenda Rio Grande,School,"R: São Braz, 94",,cação
E.M. DEP. MARCÍRIO GOULART LOUREIRO,Rio Grande do Sul,Porto Alegre,School,"Rua Saibreira, s/n - Vila N. São Miguel -Partenon",,anjo
E.M. DEP. VICTOR ISSLER,Rio Grande do Sul,Porto Alegre,School,"Rua 19 de Fevereiro, 330 -Chácara da Fumaça",,anjo
E.M.DEPUTADO JOSE CARLOS BRANDAO MONTEIRO,Rio de Janeiro,São Gonçalo,School,"RUA CARLOS WALTER HISSERICH,S/Nº",,cação
E. M. DEPUTADO LUIZ PINTO,Rio de Janeiro,Valença,School,"Avenida Nilo Peçanha, 506, Centro",,cação
E.M.DESEMBARGADOR RONALD DE SOUZA,Rio de Janeiro,São Gonçalo,School,"RUA FRANCISCO CAMPOS, S/Nº",,cação
E.M. DIOGO MARTINS,Rio de Janeiro,Mangaratiba,School,"Estrada São João Marcos, s/nº - Nova Mangaratiba.",,cação
E.M. DOLORES ALCARAZ CALDAS,Rio Grande do Sul,Porto Alegre,School,"Rua Dr. Carlos Niederauer Hoffmeister, 85 Vila Restinga",,anjo
E.M.DOUTOR ARMANDO LEAO FERREIRA,Rio de Janeiro,São Gonçalo,School,"RUA MARIO QUINTÃO, S/Nº",,cação
E.M.DOUTOR HERACLITO FONTOURA SOBRAL PINTO,Rio de Janeiro,São Gonçalo,School,"RUA BELMIRO FERREIRA DA SILVA , S/N",,cação
E.M.DUQUE ESTRADA,Rio de Janeiro,São Gonçalo,School,"RUA GUILHERME SANTOS ANDRADE,10",,cação
E.M.E. ELYSEU PAGLIOLI,Rio Grande do Sul,Porto Alegre,School,"Rua Butuí, 221",,anjo
E.M.E.F. BENTO GONÇALVES.,Rio Grande do Sul,Palmares do Sul,School,N/A,,anjo
E.M.E.F. BOM JESUS,Rio Grande do Sul,Santa Cruz do Sul,School,"Rua Amazonas, 810",,anjo
E.M.E.F. DOMINGOS SARAIVA,Rio Grande do Sul,Palmares do Sul,School,N/A,,anjo
E.M.E.F. DONA LEOPOLDINA,Rio Grande do Sul,Santa Cruz do Sul,School,Linha João Alves,,anjo
E.M.E.F. DR. GUILHERME A.O. HILDEBRAND,Rio Grande do Sul,Santa Cruz do Sul,School,"Av. Euclides N. Kliemann, 5315",,anjo
E.M.E.F. DUQUE DE CAXIAS,Rio Grande do Sul,Santa Cruz do Sul,School,"Rua Espírito Santo, 121",,anjo
E.M.E.F. FREDERICO ASSMANN,Rio Grande do Sul,Santa Cruz do Sul,School,"Rua Lindolfo Grawunder, 335",,anjo
E.M.E.F. GUIDO HERBERTS,Rio Grande do Sul,Santa Cruz do Sul,School,"Rua Irmão Emílio, 425",,anjo
E.M.E.F. HARMONIA,Rio Grande do Sul,Santa Cruz do Sul,School,"Av. David Severo Mânica, 249",,anjo
E.M.E.F. JOSÉ LEOPOLDO RAUBER,Rio Grande do Sul,Santa Cruz do Sul,School,"Rua Cons. Theodoro Albrecht, 565",,anjo
E.M.E.F. JOSÉ MARQUES,Rio Grande do Sul,Palmares do Sul,School,N/A,,anjo
E.M.E.F. JOSÉ MARQUES LOPES (EJA),Rio Grande do Sul,Palmares do Sul,School,N/A,,anjo
E.M.E.F. LEONEL DE MOURA BRIZOLA,Rio Grande do Sul,Santa Cruz do Sul,School,"Rua Benno Diefenbach, 450 – Bairro Santo Antônio",,anjo
E.M.E.F. LUIZ SCHROEDER,Rio Grande do Sul,Santa Cruz do Sul,School,"Rua Dona Flora, 206",,anjo
E.M.E.F. MAJOR CACILDO KREBS,Rio Grande do Sul,Palmares do Sul,School,N/A,,anjo
E.M.E.F. MENINO DEUS,Rio Grande do Sul,Santa Cruz do Sul,School,"Rua 14, no 19",,anjo
E.M.E.F. NORMÉLIO EGÍDIO BOETTCHER,Rio Grande do Sul,Santa Cruz do Sul,School,"Rua Triunfo, 150",,anjo
E.M.E.F. PROF. JOSÉ FERRUGEM,Rio Grande do Sul,Santa Cruz do Sul,School,"Rua Professor José Ferrugem, 115",,anjo
E.M.E.F. SANTUÁRIO,Rio Grande do Sul,Santa Cruz do Sul,School,"Rua Padre Landel de Moura, 400",,anjo
E.M.E.F. SÃO CANÍSIO,Rio Grande do Sul,Santa Cruz do Sul,School,"Rua Víctor Frederico Baumhardt, 2398",,anjo
E.M.E.F. WILLY CARLOS FROEHLICH,Rio Grande do Sul,Santa Cruz do Sul,School,"Av. Orlando O. Baumhardt, 3.811",,anjo
E.M.E.I. ALIANÇA,Rio Grande do Sul,Santa Cruz do Sul,School,"Rua João Gomes Cardoso, 260",YES,anjo
E.M.E.I. BAIRRO CAVALHADA,Rio Grande do Sul,Porto Alegre,School,"Rua Canela, 180 Cavalhada",YES,anjo
E.M.E.I. BEIJA-FLOR,Rio Grande do Sul,Santa Cruz do Sul,School,"Rua Paulo Sthal, 65",YES,anjo
E.M.E.I. CASTELO INFANTIL,Rio Grande do Sul,Santa Cruz do Sul,School,"Rua Gastão Baumhardt, 60",YES,anjo
E.M.E.I. CRIANÇA FELIZ,Rio Grande do Sul,Palmares do Sul,School,N/A,,anjo
E.M.E.I. CRIANÇA FELIZ,Rio Grande do Sul,Santa Cruz do Sul,School,"Rua Visconde de Mauá, 17",YES,anjo
E.M.E.I. DOM LUIZ DE NADAL,Rio Grande do Sul,Porto Alegre,School,"Rua Dr. Carlos N. Hoffmeister, 808",YES,anjo
E.M.E.I. ESTRELINHA DO MAR,Rio Grande do Sul,Palmares do Sul,School,N/A,YES,anjo
E.M.E.I. FLORÊNCIA V. SOCIAS,Rio Grande do Sul,Porto Alegre,School,"Acesso 1, s/n Vila Nova Restinga",YES,anjo
E.M.E.I. GENTE MIÚDA,Rio Grande do Sul,Santa Cruz do Sul,School,"Rua Dona Miriam, 40",YES,anjo
E.M.E.I. JARDIM CAMAQUÃ,Rio Grande do Sul,Porto Alegre,School,"Rua João Pitta Pinheiro, esquina com a Av. Acesso 1",YES,anjo
E.M.E.I. JARDIM SALOMONI,Rio Grande do Sul,Porto Alegre,School,"Rua Joaquim de Carvalho, 325 Cavalhada",YES,anjo
E.M.E.I. LINHA SANTA CRUZ,Rio Grande do Sul,Santa Cruz do Sul,School,"Avenida Orlando Oscar Baumhardt, 75",YES,anjo
E.M.E.I. LULUZINHA,Rio Grande do Sul,Palmares do Sul,School,N/A,YES,anjo
E.M.E.I. MARGARIDA/AURORA,Rio Grande do Sul,Santa Cruz do Sul,School,"Rua Arlindo Kothe, 98",YES,anjo
E.M.E.I. MUNDO MÁGICO,Rio Grande do Sul,Santa Cruz do Sul,School,"Rua Barreto, 145",YES,anjo
E.M.E.I. PARAÍSO INFANTIL,Rio Grande do Sul,Santa Cruz do Sul,School,"Rua Lisboa, 25",YES,anjo
E.M.E.I. PAULO FREIRE,Rio Grande do Sul,Porto Alegre,School,"Av. Meridional, s/n Restinga",YES,anjo
E.M.E.I. PEIXINHO DOURADO,Rio Grande do Sul,Palmares do Sul,School,N/A,YES,anjo
E.M.E.I. PEQUENINOS DO FAXINAL,Rio Grande do Sul,Santa Cruz do Sul,School,"Rua Candelária, 410",YES,anjo
E.M.E.I. PINGO DE GENTE,Rio Grande do Sul,Santa Cruz do Sul,School,"Rua Dr. Ortemberg, 336 – Bairro Santo Inácio",YES,anjo
E.M.E.I. PINTANDO 7,Rio Grande do Sul,Palmares do Sul,School,N/A,YES,anjo
E.M.E.I. PONTA GROSSA,Rio Grande do Sul,Porto Alegre,School,"Rua Retiro da Ponta Grossa, 3581",YES,anjo
E.M.E.I. PROGRESSO,Rio Grande do Sul,Santa Cruz do Sul,School,"Av. Euclides Nicolau Kliemann, 5.395",YES,anjo
E.M.E.I. RAIO DE SOL,Rio Grande do Sul,Santa Cruz do Sul,School,"Rua Lindolfo Grawunder, 281",YES,anjo
E.M.E.I. SONHO DE CRIANÇA,Rio Grande do Sul,Santa Cruz do Sul,School,"R.: José Gomes de Freitas, 160",YES,anjo
E.M.E.I. VILA MONTE CRISTO,Rio Grande do Sul,Porto Alegre,School,"Rua A, 250 Vila Monte Cristo",YES,anjo
E.M.E.I. VILA NOVA,Rio Grande do Sul,Porto Alegre,School,"Rua Fernando Pessoa, 350",YES,anjo
E.M.E.I. VILA NOVA RESTINGA,Rio Grande do Sul,Porto Alegre,School,"Rua Alvaro Delfim, 480",YES,anjo
E.M.E.I. VOVÔ ALBINO,Rio Grande do Sul,Santa Cruz do Sul,School,"Rua Profa Alice Simões Pires, 620",YES,anjo
E.M.E.I. VOVÔ ARLINDO,Rio Grande do Sul,Santa Cruz do Sul,School,"Rua Abrelino Pedroso, 351",YES,anjo
E.M.E.I. VOVÔ ARNO,Rio Grande do Sul,Santa Cruz do Sul,School,"Rua Campinas, 352",YES,anjo
E.M.E. PROF. LUIZ F. LUCENA BORGES,Rio Grande do Sul,Porto Alegre,School,"Rua Cláudio Manoel da Costa, 270 -Jardim Sabará",,anjo
E.M.E. PROFA LYGIA M. AVERBUCK,Rio Grande do Sul,Porto Alegre,School,"Rua AG Projetada, s/n -Jardim do Salso",,anjo
E.M.E. TRISTÃO SUCUPIRA VIANA,Rio Grande do Sul,Porto Alegre,School,"Rua Economista Nilo Wulff, s/n",,anjo
E.M. ED. ESP. EMANUELA RIBEIRO DE SOUZA – CER,Rio de Janeiro,Mangaratiba,School,"Av. Frei Afonso, 871 - Praia do Saco",,cação
E.M. ED. INF. PROFª Mª DE LOURDES P. PEREIRA DA SILVA,Rio de Janeiro,Mangaratiba,School,"Av. Cândido Jorge, s/nº Muriqui",,cação
E. M. EDUARDO LEITE PINTO,Rio de Janeiro,Valença,School,"Rua Durval Passos de Mello, s/nº, São José das Palmeiras",,cação
E.M.ELPIDIO DOS SANTOS,Rio de Janeiro,São Gonçalo,School,"AVENIDA OLINTO PEREIRA,S/Nº",,cação
E.M. EMÍLIO MEYER,Rio Grande do Sul,Porto Alegre,School,"Av. Niterói, 472 Medianeira",,anjo
E. M. ENGENHEIRO ALBERTO FURTADO,Rio de Janeiro,Valença,School,"Engenheiro Alberto Furtado, Parapeúna",,cação
E.M. EVA MARIA CONCEIÇÃO OLIVEIRA,Rio de Janeiro,Armação dos Búzios,School,Rua Nelson Altino Gonçalves,,cação
E. M. FERNANDO DE OLIVEIRA CASTRO,Rio de Janeiro,Valença,School,"Rua Antonio Aleixo, 35, Varginha",,cação
E.M.FILADELFIA,Rio de Janeiro,São Gonçalo,School,"RUA ITAPARICA, 70",,cação
E.M.FLORISBELA MARIA NUNES HAASE,Rio de Janeiro,São Gonçalo,School,"RUA RIO NEGRO, S/Nº",,cação
E.M. GABRIEL OBINO,Rio Grande do Sul,Porto Alegre,School,"Rua Eng. Ludolfo Boehl, 1402 Glória",,anjo
E. M. GENEROSO SALUSTIANO BARBOSA,Paraná,Fazenda Rio Grande,School,R: Paulo Leminski,,cação
E. M. GERALDA FONSECA,Rio de Janeiro,Valença,School,"Estrada Ipiabas – Conservatória, 5733, Desvio Gomes",,cação
E.M. GLAUBER DOS SANTOS BORGES,Rio de Janeiro,Mangaratiba,School,"Pça. Waldimiro J. Nogueira, s/nº. – Conceição de Jacareí",,cação
E.M. GOV. ILDO MENEGHETTI,Rio Grande do Sul,Porto Alegre,School,"Rua C, 250 - Vila Nova Santa Rosa - Rubem Berta",,anjo
E.M.GOVERNADOR ROBERTO DA SILVEIRA,Rio de Janeiro,São Gonçalo,School,"AV. JOSÉ MENDONÇA DE CAMPOS, 298",,cação
E.M. GRANDE ORIENTE,Rio Grande do Sul,Porto Alegre,School,"Rua A, 600 Conj. Res. Rubem Berta COHAB",,anjo
E. M. GUISELA KUSS REIKE,Paraná,Fazenda Rio Grande,School,"Av. Portugal, 244",,cação
E.M. HEITOR VILLA LOBOS,Rio Grande do Sul,Porto Alegre,School,"Av. Santos Dias da Silva, s/n -Vila Mapa",,anjo
E. M. HENRIQUE DE OLIVEIRA CONCEIÇÃO,Rio de Janeiro,Valença,School,"Rua 27 de Novembro, 1413, João Dias",,cação
E.M.I. DR. WALTER SILBER,Rio Grande do Sul,Porto Alegre,School,"Rua Frei Clemente, 150 Vila São José Partenon",YES,anjo
E.M.I. ÉRICO VERÍSSIMO,Rio Grande do Sul,Porto Alegre,School,"Rua Modesto Franco, 100 - Passo das Pedras",YES,anjo
E.M.I. HUMAITÁ,Rio Grande do Sul,Porto Alegre,School,"Rua Caio Brandão de Mello, s/n -Humaitá",YES,anjo
E.M.I. ILHA DA PINTADA,Rio Grande do Sul,Porto Alegre,School,Esquina da Rua dos Garruchos (prolonga- mento da Rua Japeru) Ilha da Pintada,YES,anjo
E.M.I. JARDIM BENTO GONÇALVES,Rio Grande do Sul,Porto Alegre,School,"Rua Sargento Exp. Geraldo Santana, 40 Partenon",YES,anjo
E.M.I. MARIA MARQUES FERNANDES,Rio Grande do Sul,Porto Alegre,School,"R. Santos Dias da Silva, 550 - Vila Mapa -L. do Pinheiro",YES,anjo
E.M.I. NOVA GLEBA,Rio Grande do Sul,Porto Alegre,School,"Av. Guido Alberto Werlang, 747 -Rubem Berta",YES,anjo
E.M.I. OSMAR DOS SANTOS FREITAS,Rio Grande do Sul,Porto Alegre,School,"Rua Dona Otilia, esquina rua 2 Loteamento Barração -Santa Tereza",YES,anjo
E.M.I. PARQUE DOS MAIAS II,Rio Grande do Sul,Porto Alegre,School,"Rua Major Manoel José Monteiro, esq. Passagem de Pedestres, n° 03 -Parque dos Maias",YES,anjo
E.M.I. PE. ANGELO COSTA,Rio Grande do Sul,Porto Alegre,School,"Rua 1° de março, 300 Vila São José Partenon",YES,anjo
E.M.I. PROTÁSIO ALVES,Rio Grande do Sul,Porto Alegre,School,"Rua Aracy Fróes, s/n Conj. P. Alves Alto Petrópolis",YES,anjo
E.M.I. TIO BARNABÉ,Rio Grande do Sul,Porto Alegre,School,"Rua Otto Ernest Meyer, 55 Cidade Baixa",YES,anjo
E.M.I. UNIDOS DA PAINEIRA,Rio Grande do Sul,Porto Alegre,School,"Rua Antônio Farias, 130 -Partenon",YES,anjo
E.M.I. VALE VERDE,Rio Grande do Sul,Porto Alegre,School,"Rua Beco do Franklin, 270 Fundos - Alto Petropolis",YES,anjo
E.M.I. VALNERI ANTUNES,Rio Grande do Sul,Porto Alegre,School,"Estrada Martim Félix Berta, 2353 -Chácara da Fumaça",YES,anjo
E.M.I. VILA DA PÁSCOA,Rio Grande do Sul,Porto Alegre,School,"Rua J, s/n Lotes 6, 7, 8, 9 e 10 Vila da Páscoa Sarandi",YES,anjo
E.M.I. VILA ELIZABETH,Rio Grande do Sul,Porto Alegre,School,"Rua Paulo Gomes de Oliveira, 120 -Sarandi",YES,anjo
E.M.I. VILA FLORESTA,Rio Grande do Sul,Porto Alegre,School,"Rua Monte Alegre, 55 Cristo Redentor",YES,anjo
E.M.I. VILA MAPA II,Rio Grande do Sul,Porto Alegre,School,"R. Pedro Golombiewski, 08 - Vila Mapa L. do Pinheiro",YES,anjo
E.M.I. VILA MAX GEISS,Rio Grande do Sul,Porto Alegre,School,"Rua Antônio Francisco Lisboa, 400 Sarandi",YES,anjo
E.M.I. VILA NOVA SÃO CARLOS,Rio Grande do Sul,Porto Alegre,School,"Est. João Oliveira Remião, 5000 P 11 -L. do Pinheiro",YES,anjo
E.M.I. VILA SANTA ROSA,Rio Grande do Sul,Porto Alegre,School,"Rua Donário Braga, 87 Vila Sta Rosa - Rubem Berta",YES,anjo
E.M.I. VILA TRONCO,Rio Grande do Sul,Porto Alegre,School,"Av. Tronco, 186 Vila Cruzeiro Santa Tereza",YES,anjo
E.M. ITAITINDIBA,Rio de Janeiro,São Gonçalo,School,"RUA CAPITÃO ALBERTO SOARES, Nº 50",,cação
E.M. JEAN PIAGET,Rio Grande do Sul,Porto Alegre,School,"Rua Major Manoel José Monteiro, esq. passagem pedestre 03 Parque dos Maias",,anjo
E.M.JOAO AIRES SALDANHA,Rio de Janeiro,São Gonçalo,School,"RUA BENEDITO LOPES DE OLIVEIRA, S/Nº",,cação
E.M. JOÃO ANTONIO SATTE,Rio Grande do Sul,Porto Alegre,School,"Rua Gamal Abdel Nasser, 500 - Parque dos Maias",,anjo
E. M. JOÃO BATISTA GOMES,Rio de Janeiro,Valença,School,"Rua Cel. Leite Pinto, s/nº, Centro, Santa Isabel",,cação
E.M.JOAO CABRAL DE MELO NETO,Rio de Janeiro,São Gonçalo,School,"ESTRADA ALMIRANTE PENA BOTO, S/Nº",,cação
E. M. JOÃO ESTEVES,Rio de Janeiro,Valença,School,"Ladeira Balbina Esteves, 50, Centro, Pentagna",,cação
E.M. JOÃO JOSÉ DE CARVALHO,Rio de Janeiro,Armação dos Búzios,School,"Rua Avineira, S/N",,cação
E. M. JOAQUIM K. MATSUMOTTO,Paraná,Fazenda Rio Grande,School,"R: Jaraguariaiva, 11149",,cação
E.M.JOAQUIM LAVOURA,Rio de Janeiro,São Gonçalo,School,"AV. LÚCIO TOMÉFEITEIRA, S/Nº",,cação
E. M. JOSÉ ALVES DA MOTTA,Rio de Janeiro,Valença,School,"Estrada Valença – Conservatória, s/nº, Rancho Novo",,cação
E. M. JOSÉ LIMA,Rio de Janeiro,Valença,School,"Fazenda de Coroas, Parapeúna",,cação
E.M. JOSÉ LOUREIRO DA SILVA,Rio Grande do Sul,Porto Alegre,School,"Rua Capivari, 1999 Cristal",,anjo
E.M. JOSE MANNA JUNIOR,Rio de Janeiro,São Gonçalo,School,"RUA MANOEL SERRÃO, S/Nº",,cação
E.M. JOSÉ MARIANO BECK,Rio Grande do Sul,Porto Alegre,School,"Rua Joaquim Porto Villa Nova, 135 -Bom Jesus",,anjo
E. M. JOSÉ MENDES DE BARROS,Rio de Janeiro,Valença,School,"Estrada do Amparo, Santa Isabel",,cação
E.M. JOSÉ PEREIRA NEVES JÚNIOR,Rio de Janeiro,Armação dos Búzios,School,"Rua Itajuru, S/N",,cação
E.M.JOVITA MARIA DE JESUS,Rio de Janeiro,São Gonçalo,School,"AV. PORTO DA MADAMA, S/Nº",,cação
E.M. JURANDIR DOS S. FERNANDES,Rio de Janeiro,Mangaratiba,School,"Fazenda Santa Bárbara, s/nº - Sahy",,cação
E.M. LAURO RODRIGUES,Rio Grande do Sul,Porto Alegre,School,"Rua Marino Abrahão, 240 -Jardim Ingá",,anjo
E.M. LEDA VARGAS GIANNERINI,Rio de Janeiro,São Gonçalo,School,"RUA CECÍLIA CORREIA, S/Nº",,cação
E. M. LEITE DE SOUZA,Rio de Janeiro,Valença,School,"Comunidade Leite de Souza, Santa Isabel",,cação
E.M. LEOCÁDIA FELIZARDO PRESTES,Rio Grande do Sul,Porto Alegre,School,"Rua Romeu Vasconcelos Rosa, 10 Cavalhada",,anjo
E.M. LEONARDO BOFF,Rio de Janeiro,Petrópolis,School,RODOVIA BR 040 KM 0,,cação
E.M.LEONOR CORREA,Rio de Janeiro,São Gonçalo,School,"RUA CIDADE DE CAMPOS, S/Nº",,cação
E.M. LEVY MIRANDA,Rio de Janeiro,Mangaratiba,School,Ilha da Marambaia,,cação
E.M. LIBERATO SALZANO V. DA CUNHA,Rio Grande do Sul,Porto Alegre,School,"Rua Xavier de Carvalho, 274 -Sarandi",,anjo
E.M. LIDOVINO FANTON,Rio Grande do Sul,Porto Alegre,School,"Rua Manoel Faria da Rosa Primo, 940 Vila Santa Rita",,anjo
E. M. LUIZ DAMASCENO,Rio de Janeiro,Valença,School,"Rua Maia, 462, Quirino",,cação
E.M.LUIZ GONZAGA,Rio de Janeiro,São Gonçalo,School,"AV. NILO PEÇANHA, 494",,cação
E. M. LUIZ NICHELE,Paraná,Fazenda Rio Grande,School,"R: Eritréia, 17l",,cação
E. M. MAJOR HELIODORO DUBOC,Rio de Janeiro,Valença,School,"Fazenda da Harmonia, s/nº, Pentagna",,cação
E.M. MANOEL ANÔNIO DA COSTA,Rio de Janeiro,Armação dos Búzios,School,Rua Joel Sales da Silva,,cação
E. M. MARCOS ESTEVES,Rio de Janeiro,Valença,School,"Rua Jorge da Silva Giesta, 325, Canteiro",,cação
E.M.MARCUS VINICIUS CRUZ DE MELLO MORAES,Rio de Janeiro,São Gonçalo,School,"ESTRADA DE SANTA IZABEL, S/Nº",,cação
E.M. MARIA AUGUSTA LOPES,Rio de Janeiro,Mangaratiba,School,"Av. Ana Barros Aguiar, s/nº Mangaratiba",,cação
E. M. MARIA DA GLÓRIA GIFFONI,Rio de Janeiro,Valença,School,"Rua Robert Edward Mac Gregor, s/nº, São Francisco",,cação
E.M.MARIA DIAS,Rio de Janeiro,São Gonçalo,School,"RUA RENATO PACHECO MARQUES, 160",,cação
E. M. MARIA DO CARMO OSÓRIO CAMPOS,Rio de Janeiro,Valença,School,"Estrada da Figueira, 4960, Osório",,cação
E.M. MARIA HELENA DE A. FERRAZANI,Rio de Janeiro,Mangaratiba,School,"Rua Ângelo Ferro, 14 – Ibicuí",,cação
E. M. MARIA IELPO CAPOBIANCO,Rio de Janeiro,Valença,School,"Rua João Esteves, 374, Cambota",,cação
E. M. MARIA MEDIANEIRA,Rio de Janeiro,Valença,School,"Rua Monsenhor Paschoal Librelloto, 307, Centro, Conservatória",,cação
E. M. MARIETA LOPES IELPO,Rio de Janeiro,Valença,School,"Rua Dulce Gonçalves da Silva, 561, João Bonito",,cação
E.M.MARINHEIRO MARCILIO DIAS,Rio de Janeiro,São Gonçalo,School,"ESTRADA DAS PALMEIRAS, S/Nº",,cação
E.M. MÁRIO QUINTANA,Rio Grande do Sul,Porto Alegre,School,"Acesso C, s/n Vila Castelo",,anjo
E. M. MARLENE BARBOSA,Paraná,Fazenda Rio Grande,School,"R: Alfredo Gohchorowski, 337",,cação
E.M. MIGRANTES,Rio Grande do Sul,Porto Alegre,School,"Av. Dique, 452 Vila Santíssima Trindade Anchieta",,anjo
E.M. MONTE CRISTO,Rio Grande do Sul,Porto Alegre,School,"Rua Carlos Superti, 84 Vila Nova",,anjo
E.M. MORRO DA CRUZ,Rio Grande do Sul,Porto Alegre,School,"Rua Santa Tereza, s/n Partenon",,anjo
E.M. NEUSA GOULART BRIZOLA,Rio Grande do Sul,Porto Alegre,School,"Rua 4523, s/n° Cavalhada",,anjo
E.M. NICE MENDONÇA DE SOUZA E SILVA,Rio de Janeiro,São Gonçalo,School,RUA DOUTORPORCIÚNCULA Nº395,,cação
E.M. NICOMEDES THEOTÔNIO VIEIRA,Rio de Janeiro,Armação dos Búzios,School,Av. José Bento Ribeiro Dantas,,cação
E. M. NOSSA SENHORA APARECIDA,Rio de Janeiro,Valença,School,"Rua Doutor Figueiredo, 1401, Aparecida",,cação
E.M.NOSSA SENHORA DA BOA ESPERANCA,Rio de Janeiro,São Gonçalo,School,"RUA EXPED. AMÉRICO FERNANDES, 176",,cação
E. M. NOSSA SENHORA DE FÁTIMA,Paraná,Fazenda Rio Grande,School,"R: Rio Gb^ani, 365",,cação
E.M. NOSSA SENHORA DE FÁTIMA,Rio Grande do Sul,Porto Alegre,School,"Rua A, 15 Vila N. Sra. de Fátima - Bom Jesus",,anjo
E.M. NOSSA SENHORA DO CARMO,Rio Grande do Sul,Porto Alegre,School,"Rua 7146 esquina r. 7153, no 95 – Núcleo Esperança - Restinga",,anjo
E.M. OLIVEIRA BELLO,Rio de Janeiro,Mangaratiba,School,"Rua Itassunema, s/nº - Junqueira",,cação
E.M.OSCARINA DA COSTA TEIXEIRA,Rio de Janeiro,São Gonçalo,School,"R. MARCOS DA COSTA, LT.01/QD.125",,cação
E.M.PADRE CIPRIANO DOUMA,Rio de Janeiro,São Gonçalo,School,"RUA PETRÓPOLIS, LOTE: 346",,cação
E.M.PASTOR ALBERTO GOULART DA SILVA,Rio de Janeiro,São Gonçalo,School,"RUA RAFAEL BUZARELO, 17",,cação
E.M.PASTOR MAURO ISRAEL MOREIRA,Rio de Janeiro,São Gonçalo,School,"R. MARIANO DE CARVALHO, LT. 56",,cação
E.M.PASTOR RICARDO PARISE,Rio de Janeiro,São Gonçalo,School,"RUA OSCAR GOMES, S/Nº",,cação
E.M.PAULO REGLUS NEVES FREIRE,Rio de Janeiro,São Gonçalo,School,"ESTRADA DA CONCEIÇÃO, 1111",,cação
E.M. PAULO SCOFANO,Rio de Janeiro,Mangaratiba,School,Praia da Gamboa – Ilha de Itacuruçá,,cação
E. M. PEDRO CARLOS,Rio de Janeiro,Valença,School,"Estrada Santa Isabel, Pedro Carlos",,cação
E. M. PEDRO PAULO,Rio de Janeiro,Valença,School,"Rua Pedro Correa de Macedo, 323, Juparanã",,cação
E.M. PEPITA DE LEÃO,Rio Grande do Sul,Porto Alegre,School,"Rua do Estádio, 29 -Passo das Pedras",,anjo
E. M. PINGO DE MEL,Rio de Janeiro,Valença,School,"Praça Álvaro de Oliveira, 114, Centro, Parapeúna",,cação
E.M. PORTO ALEGRE,Rio Grande do Sul,Porto Alegre,School,"Rua Washington Luiz, 203 Centro",,anjo
E.M.PREFEITO JAYME MENDONCA DE CAMPOS,Rio de Janeiro,São Gonçalo,School,"RUA MARECHAL MONTGOMERY, S/Nº",,cação
E.M.PREFEITO NICANOR FERREIRA NUNES,Rio de Janeiro,São Gonçalo,School,"RUA JOÃO CORREIA D’ÁVILA, S/Nº",,cação
E.M. PRES. JOÃO B. MARQUES GOULART,Rio Grande do Sul,Porto Alegre,School,"Rua Paulo Gomes de Oliveira, 200 - Sarandi",,anjo
E.M. PRESIDENTE CASTELO BRANCO,Rio de Janeiro,Mangaratiba,School,"Estrada RJ 14, s/nº - Muriqui",,cação
E.M.PRESIDENTE JOAO BELCHIOR MARQUES GOULART,Rio de Janeiro,São Gonçalo,School,"RUA FRANCISCO BATISTA RIOS, S/Nº",,cação
E. M. PRESIDENTE TANCREDO DE ALMEIDA NEVES,Rio de Janeiro,Valença,School,"Rua Mariano José da Silva, 3635, Ponte Funda",,cação
E.M. PRESIDENTE VARGAS,Rio Grande do Sul,Porto Alegre,School,"Rua Ana A. do Amaral Lisboa, 60 Passo das Pedras",,anjo
E.M. PROF. ANÍSIO TEIXEIRA,Rio Grande do Sul,Porto Alegre,School,"Rua Francisco Mattos Terrez, 40 esq. Marcírio da Silva Barbosa V. Hípica",,anjo
E. M. PROF.ª REGINA COELI AMORIM,Rio de Janeiro,Valença,School,"Rua João Alves, 137, Cambota",,cação
E.M. PROF. CILÉA MARIA BARRETO,Rio de Janeiro,Armação dos Búzios,School,Rua Jonas Talber,,cação
E.M. PROF. DARCY RIBEIRO,Rio de Janeiro,Armação dos Búzios,School,Rua Pastor Gentil Medeiros,,cação
E.M. PROF. ELIETE MUREB DE ARAÚJO GÓES,Rio de Janeiro,Armação dos Búzios,School,"Rua Geraldo Martins, S/N",,cação
E.M. PROF. GILBERTO JORGE G. DA SILVA,Rio Grande do Sul,Porto Alegre,School,"Estrada Morro Alto, 433 Ipanema",,anjo
E.M. PROF. JANDIRA PEIXOTO BORDIGNON,Rio de Janeiro,Petrópolis,School,GETULIO VARGAS 2200,,cação
E.M. PROF. LARRY JOSÉ RIBEIRO ALVES,Rio Grande do Sul,Porto Alegre,School,"Av. Economista Nilo Wulff, s/n Restinga Nova",,anjo
E.M. PROF. LYDIA SHERMAN,Rio de Janeiro,Armação dos Búzios,School,Est. Álvaro Elídio Gonçalves,,cação
E. M. PROF. MARYLE A. S. FERRI,Paraná,Fazenda Rio Grande,School,"R: Tangerá, 70l",,cação
E.M. PROF. REGINA SILVEIRA RAMOS VIEIRA,Rio de Janeiro,Armação dos Búzios,School,Av. José Pereira de Carvalho,,cação
E. M. PROF® ISABEL CRISTINA,Paraná,Fazenda Rio Grande,School,"R: São Nicolau,2420",,cação
E.M. PROFª. CECÍLIA FERRAZ,Rio de Janeiro,Mangaratiba,School,"Av. do Canal, s/nº - Itacuruçá",,cação
E.M. PROFA ANA IRIS DO AMARAL,Rio Grande do Sul,Porto Alegre,School,"Rua Manoel Elias, 2001 Morro Santana",,anjo
E.M. PROFA JUDITH MACEDO DE ARAUJO,Rio Grande do Sul,Porto Alegre,School,"Rua Saul Constantino, s/n -Partenon",,anjo
E.M.PROFª MARGARIDA ROSA M GALVAO,Rio de Janeiro,São Gonçalo,School,"RUA CRISTALINA,S/Nº",,cação
E.M. PROFª MARIA ROSA MAGALHÃES,Rio de Janeiro,Mangaratiba,School,"Estrada RJ 14, s/nº - Praia Brava",,cação
E.M.PROFESSORA AIDA VIEIRA DE SOUZA,Rio de Janeiro,São Gonçalo,School,"AV. SANTA CATARINA, 960",,cação
E.M.PROFESSORA AURELINA DIAS CAVALCANTI,Rio de Janeiro,São Gonçalo,School,"RUA CRISTALINA, S/Nº",,cação
E.M.PROFESSORA GENECY SUHETT LIMA,Rio de Janeiro,São Gonçalo,School,"RUA OSVALDO DO ARANHA, S/Nº",,cação
E.M.PROFESSORA MARIA AMELIA AREAS FERREIRA,Rio de Janeiro,São Gonçalo,School,"ESTRADA DA CARIOCA, S/Nº",,cação
E.M.PROFESSORA MARLUCY SALLES DE ALMEIDA,Rio de Janeiro,São Gonçalo,School,"RUAITAOCARA, S/N",,cação
E.M.PROFESSOR EVADYR MOLINA,Rio de Janeiro,São Gonçalo,School,"RUA DR. PONCIÚNCULA, Nº 215",,cação
E.M.PROFESSOR PAULO ROBERTO AZEREDO,Rio de Janeiro,São Gonçalo,School,"RUA BERNARDINO RANGEL, S/Nº",,cação
E.M.PROFESSOR PAULO ROBERTO MACEDO AMARAL,Rio de Janeiro,São Gonçalo,School,"RUA AUGUSTO RUSH, 45",,cação
E.M. PROF MANOEL JUVENAL,Rio de Janeiro,Armação dos Búzios,School,Rua Guilhermina Maria,,cação
E.M.RAUL VEIGA,Rio de Janeiro,São Gonçalo,School,"RUA JOAQUIM PEREIRA DE ALMEIDA,14",,cação
E.M. RAUL WERNECK DE CASTRO,Rio de Janeiro,Mangaratiba,School,Estrada Rio Santos – Ingaíba,,cação
E.M.ROTARY,Rio de Janeiro,São Gonçalo,School,"RUA REGINA COELHO, 83",,cação
E. M. RUBIA MARA DA CRUS PACHECO,Paraná,Fazenda Rio Grande,School,R: Virmond esq. Com Rua Pinhão;,,cação
E.M. SAIN'T HILAIRE,Rio Grande do Sul,Porto Alegre,School,"Rua Triunfo, 427 Vila Panorama -Lomba do Pinheiro",,anjo
E. M. SANTA CECÍLIA,Paraná,Fazenda Rio Grande,School,"R: Maranhão, 74",,cação
E. M. SANTA FÉ,Paraná,Fazenda Rio Grande,School,"R: Rio Tiete, 500",,cação
E.M.SANTA LUZIA,Rio de Janeiro,São Gonçalo,School,"RUA EUCLIDES NINHO, S/Nº",,cação
E. M. SANTA MARIA,Paraná,Fazenda Rio Grande,School,"R: Curitiba, 654",,cação
E. M. SANTO ANTONIO,Rio de Janeiro,Valença,School,"Rua Santa Clara, 368, Serra da Glória",,cação
E. M. SÃO FRANCISCO DE ASSIS,Paraná,Fazenda Rio Grande,School,"R: El Salvador, 471",,cação
E. M. SÃO GABRIEL,Paraná,Fazenda Rio Grande,School,"R: Dinamarca, 737",,cação
E.M.SAO MIGUEL,Rio de Janeiro,São Gonçalo,School,"R. VICENTE DE LIMA CLETO,378",,cação
E.M. SÃO PEDRO,Rio Grande do Sul,Porto Alegre,School,"Rua Beco da taquara, s/n - P. 13 -Lomba do Pinheiro",,anjo
E.M. SEBASTIÃO JOSÉ FERNANDES,Rio de Janeiro,Mangaratiba,School,"Rua B, 517 – Praia Grande",,cação
E.M. SEN. ALBERTO PASQUALINI,Rio Grande do Sul,Porto Alegre,School,"Rua Ten. Arizoly Fagundes, 250 Restinga Nova",,anjo
E. M. TELSINO PEREIRA DE SOUZA,Rio de Janeiro,Valença,School,"Estrada Valença x Rio das Flores, 7670, Paraíso",,cação
E.M. TIMBAÚVA,Rio Grande do Sul,Porto Alegre,School,Rua 6 Loteamento Timbaúva -Rubem Berta,,anjo
E.M.VALERIA DE MATTOS FONTES,Rio de Janeiro,São Gonçalo,School,"AV. IMBOAÇÚ, 301",,cação
E.M. VER. ANTÔNIO ALÍPIO DA SILVA,Rio de Janeiro,Armação dos Búzios,School,Rua Maria Rodrigues,,cação
E.M. VER. ANTONIO GIÚDICE,Rio Grande do Sul,Porto Alegre,School,"Rua Caio Brandão de Mello, s/n Humaitá",,anjo
E.M. VER. CARLOS PESSOA DE BRUM,Rio Grande do Sul,Porto Alegre,School,"Rua da Abolição, s/n – Restinga Velha",,anjo
E.M. VER. EMÍGDIO GONÇALVES COUTINHO,Rio de Janeiro,Armação dos Búzios,School,Av. Roberto Improta Saraiva,,cação
E.M. VER. MARTIM ARANHA,Rio Grande do Sul,Porto Alegre,School,"Rua Cônego Paulo Isidoro Nadal, s/n Cruzeiro",,anjo
E.M. VICTOR DE SOUZA BREVES,Rio de Janeiro,Mangaratiba,School,"Av. 7 de Setembro, 421 – Praia do Saco",,cação
E.M.VIRGINIA DE SEIXAS CRUZ,Rio de Janeiro,São Gonçalo,School,"RUA JOSÉ COELHO FORTES, S/Nº",,cação
E.M.VISCONDE DE SEPETIBA,Rio de Janeiro,São Gonçalo,School,"RUA VICENTE DE LIMA CLETO, 272",,cação
E.M. WENCESLAU FONTOURA,Rio Grande do Sul,Porto Alegre,School,"Rua G, s/n° esq. Rua E -Rubem Berta",,anjo
E.M.WILLIAM ANTUNES DE SOUZA,Rio de Janeiro,São Gonçalo,School,"R.GEN. ANDRADE VILELA, S/Nº",,cação
E.M.ZULMIRA MATHIAS NETTO RIBEIRO,Rio de Janeiro,São Gonçalo,School,"RUA PAUL LEROUX, S/Nº",,cação
E.M ANÍSIO TEIXEIRA,Rio de Janeiro,Maricá,School,RUA 32 - ESQUINA COM A RUA 53 - BAIRRO: ITAIPUAÇU - CIDADE: MARICÁ/RJ - CEP: 24934- 175,,cação
E. M PROF® VALDINÉIA,Paraná,Fazenda Rio Grande,School,"R: Holanda, 110",,cação
E.M PROF ROMILDA DOS SANTOS,Rio de Janeiro,Maricá,School,"RUA DOS QUINTANILHAS, 438 BAIRRO: PIQUETE - CIDADE: MARICÁ/RJ",,cação
E. R. M. FRANCISCO QUIRÍNO MACHADO,Paraná,Fazenda Rio Grande,School,"Av. João Quirino Leal, 392",,cação
E. RURAL MUNICIPAL ALÔ GUIMARÃES,Paraná,Fazenda Rio Grande,School,N/A,,cação
ÉBER LOUZADA ZIPPINOTTI,Espírito Santo,Vitória,School,"R. Natalina Daher Carneiro, 815 Jardim da Penha - 29060-490",,cação
ECEC MARGARETE CRUZ PEREIRA,Espírito Santo,Cariacica,School,"S.Giriquitua, s/n, R’Água",YES,cação
ECORM DA REGIÃO DO CÓRREGO SECO,Espírito Santo,São Mateus,School,Córrego Seco,,cação
EDGAR MONTEIRO CASTANHEIRA (PROFº),Santa Catarina,Joinville,School,"R.: Miosotes, 72",,cação
EDILSON DUARTE,Rio de Janeiro,Cabo Frio,School,"R. Profª Amélia Ferreira, s/nº - Jardim Caiçara",,cação
EDITH CASTRO DOS SANTOS,Rio de Janeiro,Cabo Frio,School,"Rua Dois, nº 138 - Santo Antônio (2º Distrito)",,cação
EDNA DE MATTOS SIQUEIRA GAUDIO,Espírito Santo,Vitória,School,"R. Afonso Sarlo, 260 - Bento Ferreira 29050-790",,cação
EDSON TAVARES DE SOUZA,Espírito Santo,Vila Velha,School,"Rua Sérgio Cardoso, 121",,cação
EDUCANDARIO TERRA SANTA,Rio de Janeiro,Petrópolis,School,RUA MONSENHOR BACELAR 590,,cação
EDUCANDÁRIO THALES THEISEN,Rio Grande do Sul,Santa Cruz do Sul,School,"Rua Walmor Adolfo Possebon, 15",,anjo
EDUCARINHO (ASCOM ALIANÇA),Rio Grande do Sul,Santa Cruz do Sul,School,"Rua Simão Gramlich, 800",,anjo
EDUCARINHO (ASCOM ESMERALDA),Rio Grande do Sul,Santa Cruz do Sul,School,"Rua Carlos Swarowsky, 537",,anjo
EE ABÍLIO FONTES,São Paulo,Itapetininga,School,R: JOÃO BATISTA M. MENDES,,cação
EE ADHERBAL DE PAULA FERREIRA,São Paulo,Itapetininga,School,"AV: PEIXOTO GOMIDE,126",,cação
EE ADIB MIGUEL HADDAD,São Paulo,Jundiaí,School,"Rua Pe. Norberto Mojola, 100",,cação
EE ALBERTINA FORTAREL,São Paulo,Jundiaí,School,"Rua Dante Belode, 330",,cação
EE ALBERTO FERREIRA REZENDE,São Paulo,Louveira,School,"Ricieri Chiquetto, 297 - Santo Antonio",,cação
EE ALCEU GOMES,São Paulo,Itapetininga,School,"R: PADRE BRUNETTI, 1800",,cação
EE ANTENOR SOARES GANDRA,São Paulo,Jundiaí,School,"Rua Barão de Jundiaí, 53",,cação
EE ASTOR VASQUES LOPES,São Paulo,Itapetininga,School,R: Antonio Soares da Silva S/N,,cação
EE ATALIBA JULIO DE OLIVEIRA,São Paulo,Itapetininga,School,"AV: JOSÉ SANTANA DE OLIVEIRA, 116",,cação
EE BARÃO DE JUNDIAÍ,São Paulo,Jundiaí,School,"Rua Jacinto Nalini,451",,cação
EE BENEDITO LOSCHI,São Paulo,Jundiaí,School,"Av. Santo Ceolin, s/nº",,cação
EE BISPO DOM GABRIEL PAULINO BUENO COUTO,São Paulo,Jundiaí,School,"Rua do Retiro, 680",,cação
EE CARLOS EDUARDO MATARAZZO,São Paulo,Itapetininga,School,R: Antonio Soares da Silva S/N,,cação
EE CECÍLIA ROLEMBERG P. GUELLI,São Paulo,Jundiaí,School,"Rua Tiradentes, 100",,cação
EE CEL. SIQUEIRA DE MORAES,São Paulo,Jundiaí,School,"Rua 23 de Maio, 541",,cação
EE CONDE DO PARNAÍBA,São Paulo,Jundiaí,School,"Rua Barão de Jundiaí,1106",,cação
EE CORINA CAÇAPAVA BARTH,São Paulo,Itapetininga,School,"Rua Dr. Coutinho, 1370",,cação
EE DARCY VIEIRA,São Paulo,Itapetininga,School,"R: FRANCISCO RODRIGUES JUNIOR, 289",,cação
EE DEOLINDA COPELLI DE SOUZA LIMA,São Paulo,Jundiaí,School,"Rua Jussara, 140",,cação
EE DESEMBARGADOR BERNARDES JUNIOR,São Paulo,Itapetininga,School,"R: ITAPETININGA, 51",,cação
EE DIÓGENES DUARTE PAES,São Paulo,Jundiaí,School,"Rua Flávio Queiroz Novaes, 280",,cação
EE DOM JOAQUIM JUSTINO CARREIRA(ALMERINDA CHAVES),São Paulo,Jundiaí,School,"Av. José Benedito Constantim da Rosa, s/nº",,cação
EEEF MENEZES COSTA,Rio Grande do Sul,Taquari,School,"5,0 Km da Prefeitura",,anjo
EEE FUNDAMENTAL HENRIQUE LAGE,Rio de Janeiro,Niterói,School,"Rua Guimarães Júnior, n.º 182 - Barreto/ Niterói",,cação
EE ELIZIÁRIO MARTINS DE MELO,São Paulo,Itapetininga,School,"Rua Engenheiro Caio Dias Batista, 240",,cação
EE ELOY DE MIRANDA CHAVES,São Paulo,Jundiaí,School,"Rua Areias, s/nº",,cação
EE ERNESTA XAVIER RABELLO ORSI,São Paulo,Itapetininga,School,"R: JUVENAL ROLIM CIRINEU, 42",,cação
EE ERNESTINA LOUREIRO MIRANDA,São Paulo,Itapetininga,School,R: SANTINO LEME DE ALMEIDA,,cação
EE EURENY DE SOUZA VIEIRA,São Paulo,Itapetininga,School,"R: TEREZINHA VIEIRA PILOTO, 31",,cação
EE EVÔNIO MARQUES - VARGINHA,São Paulo,Itapetininga,School,"Rua Onório Sales, s/n",,cação
EE FAZENDA GRANDE,São Paulo,Jundiaí,School,"Rua Daniel da Silva, 593",,cação
EE FERNANDO PRESTES,São Paulo,Itapetininga,School,"AV: PEIXOTO GOMIDE, 250",,cação
EE FRANCISCO DEROSA,São Paulo,Nazaré Paulista,School,"Praça Alvaro Guião, s/n",,cação
EE FUNDAMENTAL REPÚBLICA,Rio de Janeiro,Rio de Janeiro,School,"Rua Clarimundo de Melo, 847 - Quintino",,cação
EE GETÚLIO NOGUEIRA DE SÁ,São Paulo,Jundiaí,School,"Rua Humberto Cereser, 2770",,cação
EE JAIR BARTH,São Paulo,Itapetininga,School,R: JOSÉ SIDNEY DA CUNHA,,cação
EE JOÃO BATISTA CURADO,São Paulo,Jundiaí,School,"Rua Distrito Federal, 99",,cação
EE JOAQUIM ANTONIO LADEIRA,São Paulo,Louveira,School,"Capitão Álvaro Pereira, 210 - Vila Bossi",,cação
EE JOCENY VILLELA CURADO,São Paulo,Jundiaí,School,"Rua Mário João Bampa, 305",,cação
EE JONAS CORREA,São Paulo,Americana,School,"Rua João Bernestein, 601 – Vila Margarida",,cação
EE JOSÉ DA C. HOLTZ - GRAMADINHO,São Paulo,Itapetininga,School,"Rua Francisco de Almeida, 143",,cação
EE JOSÉ FELICIANO DE OLIVEIRA,São Paulo,Jundiaí,School,"Rua João Victor Attisani, 450",,cação
EE JURANDYR SOUZA LIMA,São Paulo,Jundiaí,School,"Av. Com. Antonio Carbonari, s/nº",,cação
EE JUVENAL PAIVA,São Paulo,Itapetininga,School,"Rua Pedro Lopes de Almeida, 211",,cação
EE LUIZ RIVELLI,São Paulo,Jundiaí,School,"Av. Bento Figueiredo, 680",,cação
EE MAJOR FONSECA,São Paulo,Itapetininga,School,"R: VENÂNCIO AYRES, 108",,cação
E E M ANTENOR MARTINS,Rio de Janeiro,São Gonçalo,School,"ESTRADA DO ANAIA , S/N",,cação
EE MARIA ALMEIDA SCHLEDORN,São Paulo,Jundiaí,School,"Av. Adelino Martins, 1113",,cação
EE MARIA DE LOURDES BARREIRO,São Paulo,Itapetininga,School,"AV: WENCESLAU BRÁS, 395",,cação
EE MARIA DE LOURDES FRANÇA SILVEIRA,São Paulo,Jundiaí,School,"Rua Pedro Nano, 175",,cação
EE MARIA JOSE MAIA DE TOLEDO,São Paulo,Jundiaí,School,Rua Pedro Latance s/n.,,cação
E E M BARÃO DE SÃO GONÇALO,Rio de Janeiro,São Gonçalo,School,"RUA DALVA RAPOSO, 215",,cação
E E M CARLOS MAIA,Rio de Janeiro,São Gonçalo,School,"RUA CATARINA MARTINS, S/N",,cação
E E M MARIANA SODRÉ,Rio de Janeiro,São Gonçalo,School,"ESTRADA VELHA DE MARICÁ, S/N",,cação
E E M MENTOR COUTO,Rio de Janeiro,São Gonçalo,School,"RUA DAMAS ORTIZ, S/Nº",,cação
E E M MONSENHOR ALBUQUERQUE,Rio de Janeiro,São Gonçalo,School,"TRAVESSA TABELIÃO LESSA, S/N",,cação
EE MODESTO TAVARES DE LIMA,São Paulo,Itapetininga,School,"R: ACÁSSIO DE MORAES TERRA, 376",,cação
EE MONSENHOR VENERANDO NALINI,São Paulo,Jundiaí,School,"Rua Archangelo Bianchini, 985",,cação
E E M PROFª MARIA DA GLORIA BORGES LEITE,Rio de Janeiro,São Gonçalo,School,"RUA GENERAL ANTONIO RODRIGUES, 210",,cação
E E MUNICIPALIZADA BAIRRO ALMERINDA,Rio de Janeiro,São Gonçalo,School,"RUA SARGENTO AIRES SILVO DIAS, S/Nº",,cação
E E MUNICIPALIZADA CORONEL AMARANTE,Rio de Janeiro,São Gonçalo,School,"RUA SENA BORGES, S/Nº",,cação
E E MUNICIPALIZADA LUCIO THOME FETEIRA,Rio de Janeiro,São Gonçalo,School,"AV. GOUVEIA, S/Nº",,cação
E E MUNICIPALIZADA PROFESSORA NIUMA GOULART BRANDAO,Rio de Janeiro,São Gonçalo,School,"RUA CAPITÃO ANTÔNIO FRANKLIN, S/Nº",,cação
EE ODILON LEITE FERRAZ - UNIDADE I,São Paulo,Louveira,School,"Irmã Fidelina, 162 - Santo Antonio",,cação
EE PADRE MAURÍLIO TOMANIK,São Paulo,Jundiaí,School,"Rua Alceu Toledo Pontes, 10",,cação
EE PAULO MENDES SILVA,São Paulo,Jundiaí,School,"Av. Fernando Arens, 830",,cação
EE PEDRO YOSHICHIKA IRIE,São Paulo,Louveira,School,"Estrada municipal, s/n° - Leitão",,cação
EE PEIXOTO GOMIDE,São Paulo,Itapetininga,School,"AV: PEIXOTO GOMIDE,198",,cação
EE PERICLES GALVÃO,São Paulo,Itapetininga,School,"Est .M. José Correia De Moraes, s/n",,cação
EE PROF. ADONIRO LADEIRA,São Paulo,Jundiaí,School,"Av. Dr. Benedito Godoy Ferraz, 450",,cação
EE PROF. ALBINO MELO DE OLIVEIRA,São Paulo,Jundiaí,School,Av. Prof. Pedro Clarismundo Fornari s/nº,,cação
EE PROF. CLÉLIA DE BARROS LEITE DA SILVA,São Paulo,Nazaré Paulista,School,"Rod. Juvenal Ponciano de Camargo, km 50",,cação
EE PROF. FABIO HACL PÍNOLA,São Paulo,Nazaré Paulista,School,"Rua José Faria Junior, 65",,cação
EE PROF. FRANCISCO NAPOLEÃO MAIA,São Paulo,Jundiaí,School,"Rua Francisco Salles, 256",,cação
EE PROF. JOSÉ SILVA JÚNIOR,São Paulo,Jundiaí,School,"Rua Sargento Arnaldo Mangile, 100",,cação
EE PROF. LUZIA DELLA ROSA HACL,São Paulo,Nazaré Paulista,School,"Av. Mathias Lopes, s/n",,cação
EE PROF. OROZIMBO SÓSTENA,São Paulo,Jundiaí,School,"Av. Vicente Pires Pardini, 500",,cação
EE PROFª ANNA PINTO DUARTE PAES,São Paulo,Jundiaí,School,"Rua Carlos Gomes, 770",,cação
EE PROFª BENEDITA ARRUDA,São Paulo,Jundiaí,School,"Rua Guaporé, 350",,cação
EE PROF HENRIQUE MIGUEL HACL,São Paulo,Nazaré Paulista,School,Estrada Municipal,,cação
EE PROF MARIA ELOÍZA PINHEIRO,São Paulo,Nazaré Paulista,School,Area 10,,cação
EE RAFAEL DE OLIVEIRA,São Paulo,Jundiaí,School,"Rua Antonio Porcari, 5",,cação
EE RAFAEL MAURO,São Paulo,Jundiaí,School,"Rua Londrina, 55",,cação
EE RESIDENCIAL JUNDIAÍ(PROF.ALESSANDRA C.PEZZATO),São Paulo,Jundiaí,School,"Rua Presbítero Manuel Dias Filho, 1524",,cação
EE SEBASTIÃO PINTO,São Paulo,Itapetininga,School,R: RUBENS VIEIRA DA SILVA,,cação
EE SEBASTIÃO VILAÇA,São Paulo,Itapetininga,School,"R: PADRE ANTONIO BRUNETTI, 933",,cação
EE VIRGILIO SILVEIRA,São Paulo,Itapetininga,School,"Rua João Galdino Camargo, 203",,cação
ELADIR SKIBINSKI (PROFª),Santa Catarina,Joinville,School,"R.: José Gonçalves, 803-Parque Jlle",,cação
ELDINA MARIA SOARES BRAGA,Espírito Santo,Vitória,School,"R. Presidente, 103 - Grande Vitória 29024-077",,cação
ELENICE MARTINS,Rio de Janeiro,Cabo Frio,School,"Rua Seis, s/nº - Reserva do Peró",,cação
ELENITA FERREIRA DOS SANTOS ABREU,Rio de Janeiro,Cabo Frio,School,"Rua das Dunas, 998 - Manoel Corrêa",,cação
ELIANE KRÜGER,Santa Catarina,Joinville,School,"R.:Adolfo da Veiga c/Afonso Moreira, 749",,cação
ELIANE RODRIGUES DOS SANTOS,Espírito Santo,Vitória,School,"R. Felicidade Correia dos Stos, 620 - Ilha das Cajeiras 29032-240",,cação
ELICÉA DA SILVEIRA,Rio de Janeiro,Cabo Frio,School,"Rua Jorge Veiga, 630 – Gamboa",,cação
ELIZABETH VON DREIFUSS (PROFª),Santa Catarina,Joinville,School,"R.: Minas Gerais, 5.876",,cação
ELYSABETH DE MELLO RODRIGUES PROFESSORA,São Paulo,Sumaré,School,N/A,YES,cação
ELZA MARIA SANTA ROSA BERNARDO,Rio de Janeiro,Cabo Frio,School,"Av. Ézio Cardoso da Fonseca, s/nº - J. Esperança",,cação
ELZIRA VIVACQUA DOS SANTOS,Espírito Santo,Vitória,School,"R. Italina Pereira Motta, 501 - Jardim Camburi - 29090-370",,cação
E M ABELARDO DE LAMARE,Rio de Janeiro,Petrópolis,School,ESTRADA DO CAXAMBU - 0,,cação
E M ALCEBIADES AFONSO VIANA FILHO,Rio de Janeiro,Maricá,School,RUA: ERNESTINA DE OLIVEIRA VIANA N. 0 (CACHOEIRA) -BAIRRO: RETIRO - CIDADE: MARICÁ/RJ,,cação
EM ALCIONE APARECIDA FERNANDES PEREIRA,São Paulo,Sumaré,School,N/A,YES,cação
EM ALFREDO CASTRO DONAIRE,São Paulo,Sumaré,School,N/A,YES,cação
E M ALFREDO NICOLAU DA SILVA JUNIOR,Rio de Janeiro,Maricá,School,RUA: VISCONDE DE ITAUNA N.17 - BAIRRO: MARQUÊS - CIDADE: MARICÁ/RJ - CEP: 24.904-510,,cação
EM ALMIRANTE TAMANDARÉ,Rio de Janeiro,Duque de Caxias,School,"Av Automóvel Club, km 52 Jardim Rotsen Imbariê CEP: 25272-660",,cação
E M ALMIRANTE TAMANDARE,Rio de Janeiro,Petrópolis,School,"DR. HERMOGÊNEO SILVA, 0",,cação
E M ALTO INDEPENDENCIA,Rio de Janeiro,Petrópolis,School,"LEONOR MAIA, 1670",,cação
E M AMANDA PENA DE A SOARES,Rio de Janeiro,Maricá,School,RUA: WALTER DE CARVALHO N. 118 - BAIRRO: BANANAL - CIDADE: MARICÁ/RJ - CEP: 24.925- 300,,cação
E M AMERICO FERNANDES RIBEIRO VIEIRA,Rio de Janeiro,Petrópolis,School,ESTR. ALMIRANTE PAULO . 8400,,cação
EM ANDRE DE NADAI,São Paulo,Sumaré,School,N/A,,cação
E M ANTONIO JOSE DE LIMA,Rio de Janeiro,Petrópolis,School,ESTRADA DOS ALBERTOS-BREJAL . 0,YES,cação
E M ANTONIO LEITE GARCIA,Rio de Janeiro,Petrópolis,School,ESTRADA DO SAMAMBAIA . 44,YES,cação
E M ANTONIO LOPES DA FONTOURA,Rio de Janeiro,Maricá,School,AV: PORTINARI - S/N - BAIRRO: ITAPEBA - CIDADE: MARICÁ/RJ - CEP: 24.938-200,YES,cação
E M ANTONIO RUFINO DE SOUZA FILHO,Rio de Janeiro,Maricá,School,ESTRADA DA GAMBOA S/N - BAIRRO: GAMBOA - CIDADE: MARICÁ/RJ - CEP: 24900-000,,cação
EM ARCO-ÍRIS,São Paulo,Sumaré,School,N/A,YES,cação
E M ARNALDO DYCKERHOFF 4110,Rio de Janeiro,Petrópolis,School,ESTRADA ARNALDO DYCKERHOFF,,cação
E M AUGUSTO PUGNALONI,Rio de Janeiro,Petrópolis,School,ESTRADA DO CATOBIRA - 0,,cação
E M AVELINO DE CARVALHO,Rio de Janeiro,Petrópolis,School,ESTRADA DO BREJAL 0,YES,cação
EM BARÃO DA TAQUARA,Rio de Janeiro,Duque de Caxias,School,"Praça São Paulo, 119 Taquara CEP: 25270- 000",,cação
EM BARRO BRANCO,Rio de Janeiro,Duque de Caxias,School,"Av Pedro Álvares Cabral, Lt.27 Qd 10 Jardim Barro Branco CEP: 25267-120",,cação
E M BATAILLARD,Rio de Janeiro,Petrópolis,School,RUA BATAILLARD 0,,cação
E M BENVINDO TAQUES HORTA,Rio de Janeiro,Maricá,School,RUA: D - BAIRRO: UBATIBA - CIDADE: MARICÁ/RJ,,cação
EM BORBOLETINHA AZUL,São Paulo,Sumaré,School,N/A,YES,cação
E M BRASILINA COUTINHO,Rio de Janeiro,Maricá,School,RUA: CHARLES DARWIN BAIRRO: SILVADO - CIDADE: MARICÁ/RJ,,cação
E M CARLOS CANEDO,Rio de Janeiro,Petrópolis,School,"ESTRADA UNIÃO INDUSTRIA, 24681",,cação
EM CARLOS DRUMMOND DE ANDRADE,Rio de Janeiro,Duque de Caxias,School,Rua Goindira. n° 343 Imbariê CEP: 25266- 070,,cação
E M CARLOS MAGNO LEGENTIL DE MATTOS,Rio de Janeiro,Maricá,School,AV: BARAO DE INOÃ N. 100 - BAIRRO: CENTRO - CIDADE: MARICÁ/RJ,,cação
E M CARLOS MANOEL COSTA LIMA (MCMV ITAIPUAÇU),Rio de Janeiro,Maricá,School,RUA: X - SITIO: 100 C - BAIRRO: CHACARAS DE INOÃ -CIDADE: MARICÁ/RJ - CEP: 24940-653,,cação
E M CARMEM NUNES MARTINS,Rio de Janeiro,Petrópolis,School,RUA DR. JOÃO BARCELOS 687,,cação
E M CELINA SCHECHNER,Rio de Janeiro,Petrópolis,School,ESTRADA DAS ARCAS # 3319,,cação
EM CFN EDUARDO GOMES DE OLIVEIRA,Rio de Janeiro,Duque de Caxias,School,"Rua da Lapa, Lts 13/14 Parada Morabi CEP: 25265-180",,cação
E M CLEMENTE FERNANDES,Rio de Janeiro,Petrópolis,School,RUA 24 DE MAIO 517,,cação
E M CLÉRIO BOECHAT DE OLIVEIRA (PEDRA DA MATTA),Rio de Janeiro,Maricá,School,AV: ROBERTO SILVEIRA N.: 2400 - BAIRRO: FLAMENGO - CIDADE: MARICÁ/RJ,,cação
E M CONEGO BATALHA,Rio de Janeiro,Maricá,School,ESTRADA: REAL DE MARICA BAIRRO: SÃO JOSE DE IMBASSAÍ - CIDADE: MARICÁ/RJ,,cação
E M DA MATA ATLANTICA,Rio de Janeiro,Maricá,School,RUA: QUATORZE - BAIRRO: RECANTO DE ITAIPUAÇU - CIDADE: MARICÁ/RJ,,cação
E M DARCY CORREA DA VEIGA,Rio de Janeiro,Petrópolis,School,"ESTRADA CORREA DA VEIGA, 1595",,cação
E M DE EDUCACAO ESPECIAL SANTOS DUMONT,Rio de Janeiro,Petrópolis,School,RUA MONTECASEROS 520,,cação
EM DO CAIC ANDRE DE NADAI,São Paulo,Sumaré,School,N/A,YES,cação
E M DOM MANOEL PEDRO DA CUNHA CINTRA,Rio de Janeiro,Petrópolis,School,DR. JACOB BORDIGNOM 0,,cação
E M DOM PEDRO DE ALCANTARA,Rio de Janeiro,Petrópolis,School,"RODOVIA WASHINGTHON LUIZ, 94",,cação
EM DR. LEANDRO FRANCESCHINI,São Paulo,Sumaré,School,N/A,YES,cação
E M DR BARROS FRANCO,Rio de Janeiro,Petrópolis,School,ESTRADA DE FAGUNDES 0,,cação
E M DR RUBENS DE CASTRO BOMTEMPO,Rio de Janeiro,Petrópolis,School,PERMINIO SCHMITH 0,,cação
E M DR THEODORO MACHADO 0,Rio de Janeiro,Petrópolis,School,"ESTRADA MINISTRO SALGADO FILHO, 0",,cação
E M DUQUE DE CAXIAS,Rio de Janeiro,Petrópolis,School,"TRAVESSA LUCIANO CAMAROTA, 78",,cação
EMEB. ARINO BRESSAN,Santa Catarina,Tubarão,School,N/A,,cação
EMEB. BOM PASTOR,Santa Catarina,Tubarão,School,N/A,,cação
EMEB. CLETO DA SILVA,Santa Catarina,Tubarão,School,N/A,,cação
EMEB. FAUSTINA L. PATRÍCIO *,Santa Catarina,Tubarão,School,N/A,,cação
EMEB. JOÃO HILÁRIO DE MELLO,Santa Catarina,Tubarão,School,N/A,,cação
EMEB. JOÃO PAULO I – CAIC,Santa Catarina,Tubarão,School,N/A,,cação
EMEB. JUSCELINO KUBTSCHECK,Santa Catarina,Tubarão,School,N/A,,cação
EMEB. MANOEL JOSÉ ANTUNES *,Santa Catarina,Tubarão,School,N/A,,cação
EMEB. MANOEL RUFINO FRANCISCO,Santa Catarina,Tubarão,School,N/A,,cação
EMEB. MARIA EMÍLIA ROCHA,Santa Catarina,Tubarão,School,N/A,,cação
EMEB. PROFª MELÂNIA F. BARBOSA,São Paulo,Jundiaí,School,"Rua Rachel Tomazeto Brunelli, 279",,cação
EMEB. SÃO JUDAS TADEU,Santa Catarina,Tubarão,School,N/A,,cação
EMEB. SÃO MARTINHO,Santa Catarina,Tubarão,School,N/A,,cação
EMEB. SOMBRIO,Santa Catarina,Tubarão,School,N/A,,cação
EMEB ABIGAHIL ALVES FÊU BORIM,São Paulo,Jundiaí,School,"AV. CARLOS VEIGA, 250",,cação
EMEB ADAIL DE OLIVEIRA LENHAIOLI,São Paulo,Jundiaí,School,"RUA ANALÂNDIA, 271",,cação
EMEB ALBERTO PASQUALINI,Rio Grande do Sul,Esteio,School,"Rua Arthur da Costa e Silva, 55, São José",,"anjo, cação"
EMEB ALCEU TOLEDO PONTES,São Paulo,Jundiaí,School,"Rua França, 124",,cação
EMEB ALVARINA BARBOSA MARTINS,São Paulo,Jundiaí,School,"RUA PALERMO, 21",,cação
EMEB AMÉLIA LIMA LOPES,São Paulo,Jundiaí,School,"Rua Analândia, 315",,cação
EMEB AMÉRICO MENDES,São Paulo,Jundiaí,School,"Av. Santo Ceolin, s/n°",,cação
EMEB ÂNGELA RINALDI BAGNE,São Paulo,Jundiaí,School,"AV. GERALDO AZZONI, 2115",YES,cação
EMEB ANTONINO MESSINA,São Paulo,Jundiaí,School,"Rua Líbia, 140",,cação
EMEB ANTONIO ADELINO BRANDÃO,São Paulo,Jundiaí,School,"R.Uva Isabel, nº 50",,cação
EMEB ANTÔNIO BRUNHOLI NETTO,São Paulo,Jundiaí,School,"RUA ARI BARROSO, Nº 25",,cação
EMEB ANTONIO DE PÁDUA GIARETTA,São Paulo,Jundiaí,School,"Rua José Garcia Cespedes,143",,cação
EMEB ANTONIO LOUREIRO,São Paulo,Jundiaí,School,"Rua Serra Negra, 203",,cação
EMEB APARECIDA BERNARDI DO AMARAL,São Paulo,Jundiaí,School,Rua Uva Paulistinha n° 50,,cação
EMEB APARECIDA MERINO ELIAS,São Paulo,Jundiaí,School,AV. José Gothard nº 531,,cação
EMEB APARECIDO GARCIA,São Paulo,Jundiaí,School,"Rua Com. Luiz Aiello, 345",,cação
EMEB ARCINA APARECIDA NOGUEIRA BARBOSA,São Paulo,Jundiaí,School,"RUA URBANO RUBBO COPELLI, 124",,cação
EMEB ASSUMPTA SEGANTIM NEGRI,São Paulo,Jundiaí,School,"ALAMEDA DOS IPÊS, 80",,cação
EMEB BEATRIZ BLATNNER PUPO,São Paulo,Jundiaí,School,"Av. Carmine Todaro, 2900",,cação
EMEB BENEDITA ALZIRA CAMUNHAS,São Paulo,Jundiaí,School,"Rua Roberto Gaspari, 550",,cação
EMEB BRÍGIDA GATTO RODRIGUES,São Paulo,Jundiaí,School,"RUA PALERMO, 23",,cação
EMEB CAMILO ALVES,Rio Grande do Sul,Esteio,School,"Rua Novo Hamburgo, 116, Parque Amador",,"anjo, cação"
EMEB CARLA ANDRESSA DE OLIVEIRA SENIGALIA,São Paulo,Jundiaí,School,"RUA PROFª MARIA DE LOURDES FRANÇA SILVEIRA, 410",,cação
EMEB CINIRA CARDONA MAZZALI,São Paulo,Jundiaí,School,"RUA MANOEL DE ALMEIDA CURADO, 200",,cação
EMEB CLEONICE ADOLFO DE FARIA,São Paulo,Jundiaí,School,"RUA DOM JOÃO VI, 101",,cação
EMEB CLEO NOGUEIRA BARBOSA,São Paulo,Jundiaí,School,"Estrada M. do Varjão, s/nº",,cação
EMEB CLODOVINO SOARES,Rio Grande do Sul,Esteio,School,"Rua Ulisses Pimentel, 610, Teópolis",,"anjo, cação"
EMEB COM. HERMENEGILDO MARTINELLI,São Paulo,Jundiaí,School,"Rua José Mezzalira, 40",,cação
EMEB DEODATO JANSKI,São Paulo,Jundiaí,School,"Rua Idalina Gonçalves Dias, 1080",,cação
EMEB DEP. RANIERI MAZZILI,São Paulo,Jundiaí,School,Rua Araraquara s/nº,,cação
EMEB DINA ROSETE ZANDONA CUNNINGHAN,São Paulo,Jundiaí,School,"Rua São Rafael, 100",,cação
EMEB DOS SONHOS PROF. ANEZIO DE OLIVEIRA,São Paulo,Jundiaí,School,"Rua Bento Figueiredo, 900",,cação
EMEB DR. JOSÉ ROMEIRO PEREIRA,São Paulo,Jundiaí,School,"Rua Anita Garibaldi, 228",,cação
EMEB DR. RAMIRO DE ARAÚJO FILHO,São Paulo,Jundiaí,School,"Rua João Scabim, 160",,cação
EMEB DUÍLIO MAZIERO,São Paulo,Jundiaí,School,"Av. Maria Negrini Negro, 2008",,cação
EMEB DULCE DE MORAES,Rio Grande do Sul,Esteio,School,"Rua República Argentina, 150, Liberdade",,"anjo, cação"
EMEB EDWARD ALEIXO DE PAULA,São Paulo,Jundiaí,School,"RUA FIORAVANTI LEONARDI, 193",,cação
EMEB EDWIGES FOGAÇA,Rio Grande do Sul,Esteio,School,"Rua Castro Alves, 660, Parque Tamandaré",,"anjo, cação"
EMEB ÉRICO VERÍSSIMO,Rio Grande do Sul,Esteio,School,"Rua Santana, 253, Vila Olímpica",,"anjo, cação"
EMEB EVA KARNAL,Rio Grande do Sul,Esteio,School,"Rua Alvício Nienow, 202, Liberdade",,"anjo, cação"
EMEB EZEQUIEL NUNES FILHO,Rio Grande do Sul,Esteio,School,"Rua Ezequiel Nunes Filho, no 181, São Sebastião",,"anjo, cação"
EMEB FABIO RODRIGUES MENDES,São Paulo,Jundiaí,School,"Av. Caetano Gonardi, 62",,cação
EMEB FÁTIMA A. D.S. PANDOLPHO,São Paulo,Jundiaí,School,"Rua Rogério Tonetti, 311",,cação
EMEB FLORES DA CUNHA,Rio Grande do Sul,Esteio,School,"Rua Novo Hamburgo, 1511, Parque Amador",,"anjo, cação"
EMEB FLÓRIDA MESTAG,São Paulo,Jundiaí,School,"Rua Antonio Agnolon, 460",,cação
EMEB FLORISA VOLPE,São Paulo,Jundiaí,School,"Av. Monsenhor Higino de Campos, 336",,cação
EMEB FREDERICO PAGOTTO,São Paulo,Louveira,School,"Travessa Alecy Rocha de Azevedo, s/ n° - Residencial Cavali",,cação
EMEB HELENA GALIMBERTI,São Paulo,Jundiaí,School,"RUA FRANCISCO PEDRONE, 455",,cação
EMEB HILDA MARIA ALVES PASCHOALOTTO,São Paulo,Jundiaí,School,"AV. BENTO DO AMARAL GURGEL, 380",,cação
EMEB IRACY FERREIRA BUENO,São Paulo,Jundiaí,School,"Rua Belo Horizonte, 252",,cação
EMEB IRMÃ URSULA GHERELLO,São Paulo,Jundiaí,School,"Rod. Bispo Dom Gabriel P. B. Couto km,65",,cação
EMEB IVO DE BONNA,São Paulo,Jundiaí,School,"Rua Francisco Roveri, 505",,cação
EMEB JOÃO FERNANDES NETTO,São Paulo,Jundiaí,School,"RUA UVA NIAGARA, 1390",,cação
EMEB JOAO LUIS DE CAMPOS,São Paulo,Jundiaí,School,"Rua Padre Pio Bruno Lantieri, 50",,cação
EMEB JOÃO MARIA GONZAGA DE LACERDA,São Paulo,Jundiaí,School,"Av. Sebastião Mendes Silva, 636",,cação
EMEB JOÃO XXIII,Rio Grande do Sul,Esteio,School,"Rua Frederico Dahne, 33, Três Portos",,"anjo, cação"
EMEB JOAQUIM CANDELÁRIO DE FREITAS,São Paulo,Jundiaí,School,"Rua Prof. João Duarte Paes, 359",,cação
EMEB JOSÉ SCIAMARELLI SOBRINHO,São Paulo,Jundiaí,School,"Rua Caetano Fagundes, 10",,cação
EMEB JUDITH ALMEIDA CURADO ARRUDA,São Paulo,Jundiaí,School,"Rua José S. Machado, 500",,cação
EMEB LUCIRIO VALLI,São Paulo,Jundiaí,School,"RUA HENRIQUE ROCHA BLOCK, 92",,cação
EMEB LUIZA FRAGA,Rio Grande do Sul,Esteio,School,"Rua Agostinho Camilo de Borba, 530, Novo Esteio",,"anjo, cação"
EMEB LUIZ BÁRBARO,São Paulo,Jundiaí,School,"Av. São João, 67",,cação
EMEB LUIZ BIELA,São Paulo,Jundiaí,School,"Rua Alice Guimarães Pelegrini, 850",,cação
EMEB LUZIA FRANCISCA DE SOUZA MARTINS,São Paulo,Jundiaí,School,"Rua: José Joaquim dos Santos, 222",,cação
EMEB MANOEL ANÍBAL MARCONDES,São Paulo,Jundiaí,School,"RUA CORONEL LEME DA FONSECA, 366",,cação
EMEB MARCOS GASPARIAN,São Paulo,Jundiaí,School,"Rua Anchieta, 141",,cação
EMEB MARIA ANGELICA LOURENÇON,São Paulo,Jundiaí,School,"Rua Nicola Acieri, 3100",,cação
EMEB MARIA APARECIDA SILVA CONGÍLIO,São Paulo,Jundiaí,School,"RUA CARMINE TODARO, 2850",,cação
EMEB MARIA CORDÉLIA SIMON MARQUES,Rio Grande do Sul,Esteio,School,"Rua Manoel dos Santos, 212, Três Marias",,"anjo, cação"
EMEB MARIA DE LOURDES GONÇALVES BARROS,São Paulo,Jundiaí,School,"RUA ALBERTO LANGUE, 71",,cação
EMEB MARIA DE TOLEDO PONTES,São Paulo,Jundiaí,School,"AV. DOUTOR CAVALCANTI, 351",,cação
EMEB MARIA ELIZABETH DE FRANÇA DA SILVA,São Paulo,Jundiaí,School,"RUA RICARDO CÉSAR FÁVARO, 355",,cação
EMEB MARIA GEMMA GENNARI CARTURAN,São Paulo,Jundiaí,School,"RUA CAPITÃO XAVIER DIAS DA COSTA, 66",,cação
EMEB MARIA LUCIA KLINKE,São Paulo,Jundiaí,School,"Rua João Manzon, 450",,cação
EMEB MARIA LYGIA ANDRADE HAACK,Rio Grande do Sul,Esteio,School,"Rua Osvaldo Jesus Vieira, 345, Parque Primavera",,"anjo, cação"
EMEB MARIA THEREZA DE ALMEIDA NOGUEIRA,São Paulo,Jundiaí,School,RUA FRANCISCO MANGABEIRA Nº 310,,cação
EMEB MARINA DE ALMEIDA RINALDI CARVALHO,São Paulo,Jundiaí,School,"Av. Adelino Martins, 913",,cação
EMEB MARLY DE MARCO MENDES PEREIRA,São Paulo,Jundiaí,School,Av. Henrique Brunini S/N,,cação
EMEB MARTHA BURGOS PEREIRA DA SILVA,São Paulo,Jundiaí,School,AV. HENRIQUE BRUNINI S/N,,cação
EMEB NAMAN TAYAR,São Paulo,Jundiaí,School,"RUA PRIMO FILLIPINI, 170",,cação
EMEB NASSIB CURY,São Paulo,Jundiaí,School,"Rua Roberto Gaspari, 380",,cação
EMEB NILSE MORAES LEITE,São Paulo,Jundiaí,School,"RUA PASTOR MATHEUS DO PRADO, Nº 222",,cação
EMEB ODILA RICHTER,São Paulo,Jundiaí,School,"Rua Um, 61",,cação
EMEB OSWALDO ARANHA,Rio Grande do Sul,Esteio,School,"Rua Rio Grande, 1285, Centro",,"anjo, cação"
EMEB PAULO FREIRE,Rio Grande do Sul,Esteio,School,"Rua Ayrton Senna da Silva, 227, Três Marias",YES,"anjo, cação"
EMEB PAULO GONÇALVES DE MELLO,São Paulo,Jundiaí,School,"RUA BRENO ACCIOLO, Nº 150",,cação
EMEB PEDRO DE OLIVEIRA,São Paulo,Jundiaí,School,"Rua Dino, 151",,cação
EMEB PIER ANGELA,São Paulo,Jundiaí,School,"RUA PEDRO PESSINI, 90",,cação
EMEB PREF. VASCO ANTONIO VENCHIARUTTI,São Paulo,Jundiaí,School,"Rua Roque Domingos Molinari, 100",,cação
EMEB PROF. CARLOS FOOT GUIMARÃES,São Paulo,Jundiaí,School,"Rua Ângelo Bardi, 335",,cação
EMEB PROF. FLÁVIO D'ANGIERI,São Paulo,Jundiaí,School,"Rua Culto à Ciência, 123",,cação
EMEB PROF. ISABEL CHRISTINA MARQUES OLIVEIRA,São Paulo,Jundiaí,School,"Rua Inocêncio Mazzuia, 60",,cação
EMEB PROF. JÂNIO DA SILVA QUADROS,São Paulo,Jundiaí,School,"Av. Carlos Veiga, 400",,cação
EMEB PROF. JOSÉ LEME DO PRADO,São Paulo,Jundiaí,School,"Rua José de Souza Costa, 30",,cação
EMEB PROF. LÁZARO MIRANDA DUARTE,São Paulo,Jundiaí,School,"Rua Oliveira Lima, 22",,cação
EMEB PROF. LUIZ DE CARVALHO,São Paulo,Jundiaí,School,"Rua Dr. José Napoleão Maia, 57",,cação
EMEB PROF. NELSON ÁLVARO FIGUEIREDO BRITO,São Paulo,Jundiaí,School,"Rua Yolanda Seraphine Page, s/nº",,cação
EMEB PROF. OSCAR AUGUSTO GUELLI,São Paulo,Jundiaí,School,"Rua João Batista Spiandorello, 2151",,cação
EMEB PROF. OWEN ZÍLIO,São Paulo,Jundiaí,School,"Rua Pe. Vicente Hirsche, s/nº",,cação
EMEB PROF. PEDRO CLARISMUNDO FORNARI,São Paulo,Jundiaí,School,"Av. Geraldo Azzoni, 2051",,cação
EMEB PROFª. CESARINA FORTAREL GONÇALVES DIAS,São Paulo,Jundiaí,School,"Rua Pietro Chialvo, 53",,cação
EMEB PROFª. HELENA MEIRELLES MAIA TORRES,São Paulo,Jundiaí,School,"Rua Floriano Giglioli,200",,cação
EMEB PROFª. RUTH MIRANDA DUARTE SIRILLO,São Paulo,Jundiaí,School,"Av. Engº Tasso Pinheiro, s/nº",,cação
EMEB PROFª ANNA PONTES CHAGAS,São Paulo,Jundiaí,School,"Rua Carmela Nano, 230",,cação
EMEB PROFª ANNA RITA A. LUDKE,São Paulo,Jundiaí,School,Alameda Sibipiruna s/nº,,cação
EMEB PROFª ARMANDA SANTINA POLENTI,São Paulo,Jundiaí,School,"Av. Vitório Pavan, 360",,cação
EMEB PROFª CELSINA BARBOSA PAZINATTO,São Paulo,Jundiaí,School,"Rua Ibiporã, 495",,cação
EMEB PROFª CLOTILDE COPELLI DE MIRANDA,São Paulo,Jundiaí,School,"Rua João Barbosa, 150",,cação
EMEB PROFª CLOTILDE MAZZALI BOLLINI,São Paulo,Jundiaí,School,"Rua Rubens Pires, 55",,cação
EMEB PROFª GERALDA B. FACCA,São Paulo,Jundiaí,School,"Rua Eduardo Carlos Pereira, 50",,cação
EMEB PROFª GLÓRIA DA SILVA ROCHA GENOVESE,São Paulo,Jundiaí,School,Rua Setembrina de Queiroz Telles s/nº,,cação
EMEB PROFª HAYDÉE DUMANGIN MOJOLA,São Paulo,Jundiaí,School,"Rua Dr. Ramiro de Araújo Filho, 299",,cação
EMEB PROFª JANET FERREIRA PRADO,São Paulo,Jundiaí,School,"Rua Marquês de Maricá, 195",,cação
EMEB PROFª JUDITH ARRUDA CARRETA,São Paulo,Jundiaí,School,"Rua João Xavier Dias da Costa, 66",,cação
EMEB PROFª MARIA APARECIDA ALMEIDA S. RAMOS,São Paulo,Jundiaí,School,"Av. Capitão Francisco Copelli, 1655",,cação
EMEB PROFª MERCEDES BASILE BONITO,São Paulo,Jundiaí,School,Av. Victório Baradel s/nº,,cação
EMEB PROFª PATRÍCIA PIRES,São Paulo,Jundiaí,School,"Rua Oswaldo de Almeida Leite, 400",,cação
EMEB PROFª RUTH CARTURAN WIEMAN,São Paulo,Jundiaí,School,"Rua Bahia, 25",,cação
EMEB REYNALDO DE MONTALVÃO BASILE,São Paulo,Jundiaí,School,"RUA BAHIA, 35",,cação
EMEB ROTARY CLUB,São Paulo,Jundiaí,School,"Av. Francisco Pereira de Castro, 964",,cação
EMEB SANTO INÁCIO,Rio Grande do Sul,Esteio,School,"Rua Padre Urbano Thiesen, 303, Parque Santo Inácio",,"anjo, cação"
EMEB SIMONI DE MANI,São Paulo,Itapetininga,School,"Rua Oswaldo Cruz, 2090",,cação
EMEB TOMÉ DE SOUZA,Rio Grande do Sul,Esteio,School,"Rua Parobé, no 214, Centro",,"anjo, cação"
EMEB TRINDADE,Rio Grande do Sul,Esteio,School,"Rua José Pedro Silveira, 404, Vila Pedreira (BR-116)",,"anjo, cação"
EMEB VER. JOÃO BATISTA TOLEDO,São Paulo,Jundiaí,School,"Rua Carlos Humel Guimarães, 335",,cação
EMEB VER. JOSÉ PEDRO RAYMUNDO,São Paulo,Jundiaí,School,"Rua Tiradentes, 50",,cação
EMEB VILA OLÍMPICA,Rio Grande do Sul,Esteio,School,"Rua Hugo Guilherme Klein, 198, Vila Olímpica",,"anjo, cação"
EMEB VITORINA FABRE,Rio Grande do Sul,Esteio,School,"Rua Senador Salgado Filho, 204, Centro",,"anjo, cação"
EMEB WALDEMIR SAVOY,São Paulo,Jundiaí,School,AV. ADELINO MARTINS Nº 940,,cação
EMEB WILMA NALIN FÁVARO,São Paulo,Jundiaí,School,"RUA VICTÓRIO BARADEL, 255",,cação
EMEF. ABEL BEZERRA,Espírito Santo,Serra,School,"Rua Miosótis, Feu Rosa",,cação
EMEF. ABRAHÃO GOMES DE ARAÚJO,Espírito Santo,Serra,School,"Avenida Região Sul, S/N, Bairro Barcelona",,cação
EMEF. ALDARY NUMES,Espírito Santo,Serra,School,Rua Cantenilha Duarte Nascimento s/n Centro - Serra,,cação
EMEF. AMÉRICO GUIMARÃES COSTA,Espírito Santo,Serra,School,R. Constante Nery - Carapina Grande,,cação
EMEF. ANEXO CIDADE POMAR,Espírito Santo,Serra,School,"Av. Palmeiras/Monte Verde, Igreja Batista",,cação
EMEF. ANEXO DINORAH PEREIRA BARCELOS,Espírito Santo,Serra,School,"Av. Cel. Manoel Nunes, Jardim Tropical",,cação
EMEF.ÂNGELA MARIA BARCELOS,Espírito Santo,Serra,School,"Av. Getúlio Vargas, 141, Centro - Serra",,cação
EMEF. ANTÔNIO VIEIRA DE REZENDE,Espírito Santo,Serra,School,Av. São João - Central Carapina,,cação
EMEF. AUGUSTO RUSCHI,Espírito Santo,Serra,School,R M s/n - Manoel Plaza,,cação
EMEF. AURENÍRIA CORREA PIMENTEL,Espírito Santo,Serra,School,"Rua I, - Bairro Novo Horizonte",,cação
EMEF. CASCATA,Espírito Santo,Serra,School,Rua Crisântemo - Cascata,,cação
EMEF. CENTRO DE JACARAÍPE,Espírito Santo,Serra,School,"Rua Santa Catarina 333, Jacaraípe",,cação
EMEF. CIDADE POMAR,Espírito Santo,Serra,School,Rua Cedro– Bairro Cidade Pomar,,cação
EMEF. DINORAH PEREIRA BARCELLOS,Espírito Santo,Serra,School,"Av. Cel. Manoel Nunes, 60 – Jardim Tropical",,cação
EMEF. DIVINÓPOLIS,Espírito Santo,Serra,School,R. das Furnas – Divinópolis,,cação
EMEF. DJANIRA MARIA DE ARAÚJO,Espírito Santo,Serra,School,R. Elesbão A. Miranda - N. Sra. da Conceição,,cação
EMEF. DOM JOSÉ MAURO,Espírito Santo,Serra,School,R. Arpoador - Morada De Laranjeiras,,cação
EMEF. ELPÍDIA COIMBRA,Espírito Santo,Serra,School,"R: 32, Conjunto Residencial – André Carlone",,cação
EMEF. ESP. ALTER. JARDIM CARAPINA,Espírito Santo,Serra,School,Rua Ladeira – 62 - Bairro Jardim Carapina,,cação
EMEF. EULÁLIA FALQUETO GUSMAN,Espírito Santo,Serra,School,S. Alfredo Galeno - Bairro Vila Nova de Colares,,cação
EMEF. FLOR DE CACTOS,Espírito Santo,Serra,School,R: Flor de Cactos- Bairro Feu Rosa,,cação
EMEF. FRANCELINO MENDES,Santa Catarina,Tubarão,School,N/A,,cação
EMEF. GOVERNADOR CARLOS LINDEMBERG,Espírito Santo,Serra,School,R. Principal - Barro Branco,,cação
EMEF. HERBERT DE SOUZA,Espírito Santo,Serra,School,"R. José Coruja, S/Nº, Bairro Colina da Serra",,cação
EMEF. IRMÃ CLEUZA CAROLINA RODY COELHO,Espírito Santo,Serra,School,"R Leo. Da Vinci, Setor Europa C Continental",,cação
EMEF. IRMÃ DULCE,Espírito Santo,Serra,School,R. Berlim - Parque Res Tubarão,,cação
EMEF. ISMÊNIO ALMEIDA VIDIGAL,Espírito Santo,Serra,School,Av. Cachoeiro Bloco A – Planalto Serrano,,cação
EMEF. JARDIM BELA VISTA,Espírito Santo,Serra,School,"R. 12, Jardim Bela Vista",,cação
EMEF. JOÃO CALMON,Espírito Santo,Serra,School,"R. C, Quadra 66 - Bloco B - Planalto Serrano",,cação
EMEF. JOÃO PAULO II,Espírito Santo,Serra,School,"Av. Jerônimo Monteiro, Bairro Boa Vista",,cação
EMEF. JONAS FARIAS,Espírito Santo,Serra,School,R. Rio Casca - Nova Carapina,,cação
EMEF. JORGE AMADO,Espírito Santo,Serra,School,"Rua Lajinha, Bairro Nova Carapina",,cação
EMEF. LACY ZULEICA NUNES,Espírito Santo,Serra,School,R. São Benedito- Carapina Grande,,cação
EMEF. LEONEL DE MOURA BRIZOLA,Espírito Santo,Serra,School,Av. Todos os Santos – Jacaraípe,,cação
EMEF. MANOEL CARLOS DE MIRANDA,Espírito Santo,Serra,School,"R. Principal, José de Anchieta",,cação
EMEF. MANOEL VIEIRA LESSA,Espírito Santo,Serra,School,Bairro José de Anchieta II,,cação
EMEF. MARIA ANSELMO,Espírito Santo,Serra,School,R. Brasília Nº 13 - B. das Alterosas,,cação
EMEF. MARIA HELENA BAIOCO,Espírito Santo,Serra,School,"Rua Parari, 29, Serra Dourada III",,cação
EMEF. MINISTRO PETRÔNIO PORTELLA,Espírito Santo,Serra,School,R: Serrana - Mata da Serra,,cação
EMEF. NEUSA MARIA PEYNEAU,Espírito Santo,Serra,School,R: Goiânia – 530 – Jacaraipe,,cação
EMEF. NOVO HORIZONTE – CAIC,Espírito Santo,Serra,School,R. STU - Novo Horizonte,,cação
EMEF. OLIVINA SIQUEIRA,Espírito Santo,Serra,School,Av. Dido Fontes – Jardim Tropical,,cação
EMEF. PADRE GABRIEL,Espírito Santo,Serra,School,R. 60- Jardim Carapina,,cação
EMEF. PAULO FREIRE,Espírito Santo,Serra,School,"Av. E, Vista da Serra II",,cação
EMEF. PROF.ª ALBA LÍLIA CASTELO MIGUEL,Espírito Santo,Serra,School,Av. Argentina - Vista da Serra,,cação
EMEF. PROF. LUIZ BAPTISTA,Espírito Santo,Serra,School,R. 13 de Maio Jardim Tropical,,cação
EMEF. PROF. NALY DA ENCARNAÇÃO MIRANDA,Espírito Santo,Serra,School,"Av. Talma Rodrigues Ribeiro, Feu Rosa",,cação
EMEF. PROFª AUREA MARIA FELÍCIO,Espírito Santo,Serra,School,Av Brasil - 150 - Novo Horizonte,,cação
EMEF. PROFª IOLANDA SCHINEIDER,Espírito Santo,Serra,School,"Av. Brasilia, Novo Porto Canoa",,cação
EMEF. PROFª MARIA MAGDALENA PISA,Espírito Santo,Serra,School,Av Presidente Vargas - 66 - São Geraldo,,cação
EMEF. PROFª VALÉRIA MARIA MIRANDA,Espírito Santo,Serra,School,Av. Colares Junior - Vila Nova Colares,,cação
EMEF. RUBEM ALVES,Espírito Santo,Serra,School,"Av. Guarani, Bairro Jacaraípe",,cação
EMEF. SÃO DIOGO,Espírito Santo,Serra,School,R Olavo Bilac s/n - São Diogo,,cação
EMEF. SÃO MARCOS,Espírito Santo,Serra,School,"R. Terezinha, São Marcos – Serra",,cação
EMEF. SERRANA,Espírito Santo,Serra,School,Rua Floriano Peixoto- Centro - Serra,,cação
EMEF. SONIA REGINA G. R. FRANCO,Espírito Santo,Serra,School,Av Vitória- Serra Dourada I,,cação
"EMEF ""ANEDINA ALMEIDA SANTOS""",Espírito Santo,São Mateus,School,"Rua Principal. S/Nº, Nova Lima–Itauninhas",,cação
"EMEF ""AVIAÇÃO""",Espírito Santo,São Mateus,School,"Rua Nanuque, S/Nº, Aviação",,cação
"EMEF ""AYRTON SENNA""",Espírito Santo,São Mateus,School,"Av. Antônio Lougon Moulin, Nº 84, Bom Sucesso",,cação
"EMEF ""BOM SUCESSO""",Espírito Santo,São Mateus,School,"Av. Gileno Santos, S/N°, Bom Sucesso II",,cação
"EMEF ""CORREGO DO MILANEZ""",Espírito Santo,São Mateus,School,"Rodovia São Mateus X Nova Venécia, S/Nº, Km 28",,cação
"EMEF ""CRICARÉ""",Espírito Santo,São Mateus,School,"Av. Cricaré, S/Nº, Beira Rio",,cação
"EMEF ""DORA ARNIZAUT SILVARES""",Espírito Santo,São Mateus,School,"Av. Ayrton Senna, S/Nº, Bairro Bom Sucesso",,cação
"EMEF ""DR. ARNÓBIO ALVES DE HOLANDA""",Espírito Santo,São Mateus,School,"Rua Principal, N° 195, Forno Velho –Cohab",,cação
"EMEF ""EDMO WILSON CARDOSO"" - BLUMENAU",São Paulo,Artur Nogueira,School,Rua Conchal S/N - Jd. Blumenau,,cação
"EMEF ""ELYSIÁRIO DEL'ALAMO"" - SACILOTTO II",São Paulo,Artur Nogueira,School,"Rua Dario Caetano, 301 - Sacilotto II",,cação
"EMEF ""FRANCISCO CARDONA""",São Paulo,Artur Nogueira,School,"Rua Humberto Rossetti, 711 - Ouro Branco",,cação
"EMEF ""GOLFINHO""",Espírito Santo,São Mateus,School,"Rua Ruth Neves Esteves, Nº 286, Ideal",,cação
"EMEF ""GURIRI""",Espírito Santo,São Mateus,School,"Rua Nova Venécia, Nº 1203, Guriri",,cação
"EMEF ""KM 35""",Espírito Santo,São Mateus,School,"Rodovia BR 381, S/Nº, Km 35",,cação
"EMEF ""LILAZINA GOMES DE SOUZA""",Espírito Santo,São Mateus,School,"Rodovia BR 101, Km 65, Posto Esso",,cação
"EMEF ""Mª APARECIDA DOS S. S. FILADELFO""",Espírito Santo,São Mateus,School,"Rua 05, Pomar dos Colibris, S/Nº, Morada do Ribeirão",,cação
"EMEF ""Mª DA CUNHA FUNDÃO""",Espírito Santo,São Mateus,School,"Av. Carina, S/N°, Seac",,cação
"EMEF ""Mª FRANCISCA NUNES COUTINHO""",Espírito Santo,São Mateus,School,"Nativo de Barra Nova, S/N°",,cação
"EMEF ""MERCEDES DE AGUIAR""",Espírito Santo,São Mateus,School,"Rua Principal, S/Nº, Itauninhas",,cação
"EMEF ""OURO NEGRO""",Espírito Santo,São Mateus,School,"Rua Nova Venécia, Nº 969, Guriri",,cação
"EMEF ""PAULO ANTÔNIO DE SOUZA""",Espírito Santo,São Mateus,School,"Rodovia BR 101, Km 83, Paulista",,cação
"EMEF ""PREFEITO EDERALDO ROSSETTI"" - CAIC",São Paulo,Artur Nogueira,School,"Rua Vereador Luiz Guidotti, 335 - Parque dos Trabalhadores",,cação
"EMEF ""PROF.ª. HERINÉIA LIMA OLIVEIRA""",Espírito Santo,São Mateus,School,"Rua Edith Laura Moreira D'Almeida, S/Nº, Guriri",,cação
"EMEF "" PROF.ª. MARIZETE VENÂNCIO DO NASCIMENTO”",Espírito Santo,São Mateus,School,"Av. Dom José Dalvit, S/Nº, Aroeira",,cação
"EMEF ""PROF.ª ALCÍDIA TEIXEIRA WHITAKER MATTEIS"" - ITAMARATY",São Paulo,Artur Nogueira,School,"Rua Serafim da Silva Barros, 241 – Itamaraty",,cação
"EMEF ""PROF. JOÃO PINTO BANDEIRA""",Espírito Santo,São Mateus,School,"Rua Duque de Caxias, Nº 194, Carapina",,cação
"EMEF ""ROSELI PIRES CLEMENTE""",Espírito Santo,São Mateus,School,"Rua Ícaro, S/Nº, Seac",,cação
"EMEF ""SANTA TEREZINHA""",Espírito Santo,São Mateus,School,"Rua Hermes Valadares, Nº 170, Santa Tereza",,cação
"EMEF ""SÃO PIO X""",Espírito Santo,São Mateus,School,"Córrego da Palmeira, Km 47",,cação
"EMEF ""VALÉRIO COSER""",Espírito Santo,São Mateus,School,"Estrada do Nativo, S/Nº, Pedra D' Água",,cação
"EMEF ""VER. LAURINDO SAMARITANO""",Espírito Santo,São Mateus,School,"Rua São João Batista, S/Nº, Litorâneo",,cação
"EMEF ""VER. PROF. AMARO RODRIGUES"" - JARDIM LEONOR",São Paulo,Artur Nogueira,School,"Rua Clementina Cardoso de Fáveri, 80 - Jd. Leonor",,cação
"EMEF ""VILA VERDE""",Espírito Santo,São Mateus,School,"Rua Amazonas, S/Nº, Vila Verde",,cação
"EMEF ""ZUMBI DOS PALMARES""",Espírito Santo,São Mateus,School,"Rodovia 381, Km 53, Nestor Gomes",,cação
EMEF ADALBERTO CRISTO DAS DORES,São Paulo,Itapetininga,School,"R: ALFREDO MAIA, 571",,cação
EMEF ADALBERTO QUEIROZ,Espírito Santo,Cariacica,School,"Rua São Luiz, s/n, Moxuara",,cação
EMEF AGUSTINHA MUNIZ,Espírito Santo,Cariacica,School,"Rua Sonho Lento, S/N, Bairro Vila Prudêncio, CEP 29155-575",,cação
EMEF ALBINO ZIMPEL,Rio Grande do Sul,Nova Hartz,School,"R. TRAVESSA CANUDOS DIREITO, S/Nº",,cação
EMEF ALICE COUTINHO SANTOS,Espírito Santo,Cariacica,School,"Rua Quilombo dos Palmares, nº 286, Bairro Padre Gabriel, CEP 29141-863",,cação
EMEF ALMERINDA PORTELA COLODETE,Espírito Santo,Cariacica,School,"Rua Vascolândia, S/N, Bairro Vila Progresso, CEP 29157-010",,cação
EMEF ALTAIR SIQUEIRA COSTA,Espírito Santo,Serra,School,"R Humberto, de Campos s/n - Jardim Limoeiro",,cação
EMEF ÁLVARO ARMELONI - ANEXO,Espírito Santo,Cariacica,School,"RUA: SÃO JORGE, N° 02 – BAIRRO: ORINTE – CEP: 29.151-120",,cação
EMEF ÁLVARO ARMELONI - SEDE,Espírito Santo,Cariacica,School,"Rua São Paulo, S/N, Bairro Oriente, CEP 29150-600",,cação
EMEF ÁLVARO HAUBERT,Rio Grande do Sul,Taquari,School,Localidade de Fazenda Pereira – 18km da Prefeitura,,anjo
EMEF AMENOPHIS DE ASSIS,Espírito Santo,Cariacica,School,"Rua Doze, S/N, Bairro Vale Esperança, CEP 29141-032",,cação
EMEF ANEXO JARDIM BELA VISTA,Espírito Santo,Serra,School,"R. 20, Quadra Y, Jardim Bela Vista",,cação
EMEF ANGELO ARGENTON FILHO,São Paulo,Louveira,School,"Gualicho, 799 - Monterrey",,cação
EMEF ÂNGELO ZANI,Espírito Santo,Cariacica,School,"Rua Santa Luzia, S/N, Bairro Mucuri, CEP 29148-460",,cação
EMEF ANNA GOMES,Espírito Santo,Serra,School,Rua Sabiá s/n -Serra Dourada III,,cação
EMEF ANTÁRIO ALEXANDRE THEODORO FILHO,Espírito Santo,Cariacica,School,"Rua Edson Bonadiman, S/N, Bairro São Francisco, CEP 29148-460",,cação
EMEF ANTERO JOSÉ NASCIMENTO,Espírito Santo,Cariacica,School,"Rua Rei Ciro, S/N, Bairro Vale Dos Reis, CEP 29158-213",,cação
EMEF ANTÔNIO C. DE OLIVEIRA,Espírito Santo,Cariacica,School,"Rua Emilia Monjardim, S/N, Bairro Retiro Saudoso, CEP 29140-660",,cação
EMEF ANTÔNIO ESTEVES,Espírito Santo,Cariacica,School,"Rua Monte Castelo, s/n, Vera Cruz",,cação
EMEF ANTÔNIO PALIOTO,São Paulo,Sumaré,School,N/A,,cação
EMEF APARECIDA MYRTES,São Paulo,Itapetininga,School,"R: PADRE CARLOS RIGATIERI, 780",,cação
EMEF ARTHUR DA COSTA E SILVA,Espírito Santo,Cariacica,School,"Rua Presidente Costa e Silva, S/N, Bairro Aparecida, CEP 29152-860",,cação
EMEF AYRTON SENNA - ANEXO,Espírito Santo,Cariacica,School,"Rua Jardim América, nº 48, Bairro Bela Aurora, CEP 29141-514",,cação
EMEF AYRTON SENNA - SEDE,Espírito Santo,Cariacica,School,"Rua dos Pardais, nº 33, Bairro Vista Mar, CEP 29143-210",,cação
EMEF BENEDITA MADALENA,São Paulo,Itapetininga,School,"R: OSVALDO CRUZ, 1992",,cação
EMEF BERNARDO LEMKE,Rio Grande do Sul,Nova Hartz,School,"R. CARLOS NOBRE, 181",,cação
EMEF BICANGA,Espírito Santo,Serra,School,Praia de Bicanga,,cação
EMEF BOA VISTA,Espírito Santo,Cariacica,School,"Rua Principal, s/nº - Novo Brasil – CEP: 29.158-992",,cação
EMEF CACHOEIRINHA (ANEXO VALDICE),Espírito Santo,Cariacica,School,"Rua Principal, s/n. Zona Rural",,cação
EMEF CARLA PATRÍCIA.,Espírito Santo,Serra,School,"R Cangerona, 226 –Balneário Carapebus",,cação
EMEF CELESTINO DE ALMEIDA,Espírito Santo,Cariacica,School,"Rua Londrina, nº 7, Bairro Bela Vista, CEP 29142-295",,cação
EMEF CEL ORLADY ROCHA FILHO,Espírito Santo,Cariacica,School,"rua Mauá, s/n, Itanguá",,cação
EMEF CLEILZA AMARAL VAZ,Espírito Santo,Cariacica,School,"Rua Osvaldo de Azevedo, S/N, Bairro Vila Merlo, CEP 29149-080",,cação
EMEF CÔNEGO LUIZ G. BIASI,São Paulo,Louveira,School,"Estrada municipal, 155 - Abadia",,cação
EMEF DARCY RIBEIRO,São Paulo,Americana,School,"Rua da Igualdade, nº 65 – Jd. Da Paz",,cação
EMEF DEOCLECIANO FRANCISCO DA VITÓRIA,Espírito Santo,Cariacica,School,"Rua Setiba, nº114, Bairro Vista Dourada, CEP 29149-080",,cação
EMEF DOM HELDER PESSOA CÂMARA,Espírito Santo,Serra,School,R. Abido Saadi – Jacaraípe,,cação
EMEF DR. HÉLIO FERRAZ,Espírito Santo,Serra,School,R. Rio Orenoco - Hélio Ferraz,,cação
EMEF EDISON DE ABREU SOUZA,São Paulo,Itapetininga,School,"Rua Dr. Francisco de Assis Iglesias, s/nº",,cação
EMEF ELIESER BATISTA,Espírito Santo,Cariacica,School,"BR 262, KM 0,01, Jardim América",,cação
EMEF EUDOXIA FERRAZ,São Paulo,Itapetininga,School,"Rua Pedro Lopes de Almeida, s/n",,cação
EMEF EURIDES GABRIEL,Espírito Santo,Cariacica,School,"Rua Princesa Izabel, S/N, Bairro Campo Belo, CEP 29153-150",,cação
EMEF EUVIRA BENEDITA CARDOSO,Espírito Santo,Cariacica,School,"Av. Moxuara, S/N, Bairro Novo Brasil, CEP 29158-992",,cação
EMEF EVANILDE SHIRLEY,São Paulo,Itapetininga,School,"R: EVILÁSIO MASSAINE PIRES,1530",,cação
EMEF FAZENDA FLORESTAL ESTADUAL,São Paulo,Itapetininga,School,Fazenda Floresta Estadual,,cação
EMEF FERDINANDO SANTÓRIO,Espírito Santo,Cariacica,School,"Rua Colatina, S/N, Bairro Vila Capixaba, CEP 29148-150",,cação
EMEF FEU ROSA,Espírito Santo,Serra,School,R. dos Cravos - Dr Pedro Feu Rosa,,cação
EMEF FLORESTAN FERNANDES,São Paulo,Americana,School,"Rua Japão, 701 – Morada Do Sol",,cação
EMEF FRANCISCO FABIANO ALVES,São Paulo,Itapetininga,School,"R: ELESBÃO BRANCO DA SILVA, 295",,cação
EMEF GENERAL TIBÚRCIO,Espírito Santo,Cariacica,School,"Rua Gabino Rios, S/N, Bairro Porto de Santana, CEP 29153-010",,cação
EMEF GLADISTON REGIS BARBOSA,Espírito Santo,Cariacica,School,"Rua Almirante Tamandaré, S/N, Bairro Jardim Botânico, CEP 29142- 678",,cação
EMEF HÉLIO DAMANTE,São Paulo,Bom Jesus dos Perdões,School,"Rua Maria Cele Costa, s/n - Country Residencial Félix",,cação
EMEF HEMOGÊNIA MARIA DA CONCEIÇÃO,Espírito Santo,Cariacica,School,"Rua Pernambuco, nº 500, Bairro Piranema, CEP 29148-336",,cação
EMEF HILÁRIO VIEIRA DA SILVA,Espírito Santo,Cariacica,School,"Rua Ceará, nº 299, Bairro Jardim Campo Grande, CEP 29144-828",,cação
EMEF HILDA SCARPINO,Espírito Santo,Cariacica,School,"Rua Domingos de Paula Ramos, S/N, Bairro Porto Novo, CEP 29155- 350",,cação
EMEF HILDA WEISS,São Paulo,Itapetininga,School,"R: LUCAS NOGUEIRA GARCES, 500",,cação
EMEF ILDA MEIRELES – ANEXO ECEC,Espírito Santo,Cariacica,School,"Rua Principal, S/N, Bairro Zona Rural, CEP 29140-100",,cação
EMEF IMIGRANTE,Rio Grande do Sul,Nova Hartz,School,"R. IMPÉRIO SERRANO, 88",,cação
EMEF IRACY GOBBI,Espírito Santo,Cariacica,School,"Travessa Graciano Salles, S/N, Bairro Expedito, CEP 29151-780",,cação
EMEF JANDYRA VIEIRA MARCONDES,São Paulo,Itapetininga,School,"R: GENERAL CARNEIRO, 400",,cação
EMEF JOANA MARIA DA SILVA,Espírito Santo,Cariacica,School,"Rua Joana Maria da Silva, s/n, Castelo Branco, CEP 29140-844",,cação
EMEF JOÃO PEDRO DA SILVA,Espírito Santo,Cariacica,School,"Rua da Assembleia, nº 57, Bairro Porto de Santana, CEP 29153-100",,cação
EMEF JOCARLY GOMES SALLES,Espírito Santo,Cariacica,School,"Rua América, nº 53, Bairro Alto Lage, CEP 29151-200",,cação
EMEF JONES DOS SANTOS NEVES,Espírito Santo,Cariacica,School,"Rua Sete de Setembro, nº175, Bairro Boa Sorte, CEP 29141-240",,cação
EMEF JOSÉ GOMES DA SILVA NETO,São Paulo,Itapetininga,School,"EST. MUNICIPAL FRANCISCO CESAR ROSA, 111",,cação
EMEF JOSE LAURO FERREIRA - VARGINHA,São Paulo,Itapetininga,School,Bairro da Varginha,,cação
EMEF JOSÉ MARIA FERREIRA,Espírito Santo,Cariacica,School,"Rua Cachoeiro de Itapemirim, n.º 173, Nova Brasilia",,cação
EMEF JOSÉ ODAIR MONTELATTO,São Paulo,Louveira,School,"Geraldo Burck, 611 - Residencial Burck",,cação
EMEF JOSÉ PEREIRA DUTRA,São Paulo,Louveira,School,"Francisco Pereira Dutra, 889 Estiva",,cação
EMEF JOSÉ SALEM NETO,São Paulo,Itapetininga,School,"R: ITAPETININGA, 341",,cação
EMEF JOSÉ SCHMIDT,Rio Grande do Sul,Nova Hartz,School,"R. DA IGREJA, S/N",,cação
EMEF JULIETA ROLIM DA SILVA,São Paulo,Itapetininga,School,"Rua Justino Machado Meira, 151",,cação
EMEF JULITE MIRANDA FREITAS,Espírito Santo,Serra,School,Av. Jaime V. de Rezende - Nov. Almeida,,cação
EMEF LA SALLE,Rio Grande do Sul,Taquari,School,"Bairro São João – 846,28m da Prefeitura",,anjo
EMEF LAURINDA PEREIRA NASCIMENTO,Espírito Santo,Cariacica,School,"Rua Laurinda Pereira Nascimento, S/N, Bairro Vila Graúna, CEP 29154-620",,cação
EMEF LEONILDA DAS GRAÇAS LANGA,Espírito Santo,Cariacica,School,"Rua Belo Horizonte, nº 39, Bairro Nova Valverde, CEP 29151-817",,cação
EMEF LEONOR MIGUEL FEU ROSA,Espírito Santo,Serra,School,R. Maria Penedo - Nova Almeida,,cação
EMEF LEONOR VIEIRA MELIM,São Paulo,Itapetininga,School,"Rua Francisco Correa da Silva, 954",,cação
EMEF LOIDE LARA,São Paulo,Itapetininga,School,"Rua Av. Ciro de Albuquerque, 3000",,cação
EMEF LUZBEL PRETTI,Espírito Santo,Cariacica,School,"Rua dos Professores, nº 358, Bairro Operário, CEP 29147-662",,cação
EMEF Mª ALMERINDA,Rio Grande do Sul,Nova Hartz,School,"R. SERGIPE, 140",,cação
EMEF MANOEL MELO SOBRINHO,Espírito Santo,Cariacica,School,"Rua Santa Fé, S/N, Bairro Vila Palestina, CEP 29154-670",,cação
EMEF MANOEL PASCHOAL DE OLIVEIRA,Espírito Santo,Cariacica,School,"Av. Nova Canaa, 289, Bairro Nova Canaa, CEP 29153-000",,cação
EMEF MARIA APARECIDA BRISOLA FRANCI,São Paulo,Itapetininga,School,"Est. Jose Correa de Moraes, 266",,cação
EMEF MARIA APARECIDA IDÁLIO,São Paulo,Itapetininga,School,"R: EDUARDO TEODORO, 200",,cação
EMEF MARIA AUGUSTA TAVARES,Espírito Santo,Cariacica,School,"Rua Viana, nº 25, Bairro Jardim Botânico, CEP 29142-680",,cação
EMEF MARIA CECÍLIA ROLIM NALESSO,São Paulo,Itapetininga,School,R: Samuele Venturelli S/N,,cação
EMEF MARIA GUILHERMINA DE CASTRO,Espírito Santo,Cariacica,School,"Rua Santa Leopoldina, S/N, Bairro Campo Verde, CEP 29157-784",,cação
EMEF MARIA ISTELA MODENESI,Espírito Santo,Serra,School,R. Caiçaras – Jacaraipe,,cação
EMEF MARIA PAIVA,Espírito Santo,Cariacica,School,"Rua Esmeralda, S/N, Bairro São Geraldo, CEP 29156-760",,cação
EMEF MARIA TEREZA,São Paulo,Bom Jesus dos Perdões,School,"Estrada Municipal Sd. José Menino de Souza, Km 4,5 - Cachoeirinha",,cação
EMEF MARILIA DE REZENDE COUTINHO,Espírito Santo,Cariacica,School,"Rua São Sebastião, nº 110, Bairro Santa Cecilia CEP 29147-499",,cação
EMEF MARIUZA SECHIN,Espírito Santo,Cariacica,School,"Rua Noventa e Cinco, S/N, Bairro Nova Rosa da Penha II, CEP 29157-000",,cação
EMEF MARTIM LUTERO,Espírito Santo,Cariacica,School,"Rua Tupiniquins, S/N, Bairro Flexal II, CEP 29155-770",,cação
EMEF MELISSA SICAGLIONE,São Paulo,Louveira,School,"Romeu Chicalhoni, 91 - - Jd. Belo Horizonte",,cação
EMEF NAZIRA YARED,São Paulo,Itapetininga,School,"Rua Cristovão Colombo, 204",,cação
EMEF NILTON GOMES,Espírito Santo,Cariacica,School,"Rua São Domingos, S/N, Bairro Cruzeiro do Sul, CEP 29144-120",,cação
EMEF NOEMIA COSTA DE LIMA,Espírito Santo,Cariacica,School,"Rua Chile nº 35, Bairro Vista Mar, CEP 29143-222",,cação
EMEF NOSSA SENHORA APARECIDA,São Paulo,Bom Jesus dos Perdões,School,"Rua Luiz de Souza Ramos, 15 - Serra Negra",,cação
EMEF NOSSA SENHORA DA ASSUNÇÃO,Rio Grande do Sul,Taquari,School,"Bairro Rincão São José – 7,10Km da Prefeitura",,anjo
EMEF ODILON LEITE FERRAZ,São Paulo,Louveira,School,"Pascoal Dinofre, 82 Santo Antonio",,cação
EMEF OLIVEIRA CASTRO,Espírito Santo,Cariacica,School,"Rua Muniz Freire, nº 1129, Bairro Itaquari, CEP 29151-560",,cação
EMEF OLIVINO ROCHA,Espírito Santo,Cariacica,School,"Rua Olivino Rocha, S/N, Bairro São João Batista, CEP 29156-620",,cação
EMEF ORLANDO MOREIRA LIMA,Espírito Santo,Cariacica,School,"Rua Holanda, S/N, Bairro Itapemirim, CEP 29150-000",,cação
EMEF OSVALDO FERREIRA BRANDÃO,Rio Grande do Sul,Taquari,School,"Bairro Prado – 1,79Km da Prefeitura",,anjo
EMEF PADRE ANTHONIUS LUTES,Espírito Santo,Cariacica,School,"Rua Paraguai, S/N, Bairro Nova Esperança, CEP 29140-156",,cação
EMEF PADRE ARNALDO,São Paulo,Bom Jesus dos Perdões,School,"Rua Pires Machado, 100 - Marf I",,cação
EMEF PADRE GABRIEL - CAIC,Espírito Santo,Cariacica,School,"Rua Manoel Joaquim dos Santos, S/N, Bairro Itacibá, CEP 29150-270",,cação
EMEF PASTOR WARTENBERG,Rio Grande do Sul,Nova Hartz,School,"R. OSMAR JOST, 272",,cação
EMEF PAULO FREIRE,São Paulo,Americana,School,"Rua Guarujá, 480 – Pq. Novo Mundo",,cação
EMEF PAUTILA RODRIGUES XAVIER,Espírito Santo,Cariacica,School,"Rua Amazonas, s/n, Jardim América",,cação
EMEF PEDRO PEREIRA MACHADO,Rio Grande do Sul,Taquari,School,"Localidade de Amoras – 11,57Km da Prefeitura",,anjo
EMEF PEDRO VENTURIM,Espírito Santo,Cariacica,School,"Rua Domingos Martins, S/N, Bairro Rosa da Penha, CEP 29143-490",,cação
EMEF PRIMAVERA,Rio Grande do Sul,Nova Hartz,School,"R. IGUATEMI, 140",,cação
EMEF PROF. DARCY RIBEIRO,Espírito Santo,Serra,School,Parque das Gaivotas 1 - Nova Almeida,,cação
EMEF PROF. FAUSTINO PENALVA,São Paulo,Nazaré Paulista,School,"Rua Helena de Moraes Pinheiro, 310",,cação
EMEF PROF* FLORA,São Paulo,Sumaré,School,N/A,,cação
EMEF PROF* NILZA THOMAZINI,São Paulo,Sumaré,School,N/A,,cação
EMEF PROFª. TÂNIA PÔNCIO LEITE,Espírito Santo,Cariacica,School,"Rua Principal, S/N, Bairro Vila Cajueiro, CEP 29140-000",,cação
EMEF PROFª AMÉLIA LOUREIRO,Espírito Santo,Serra,School,"R. Mario Trevisani, Enseada Jacaraípe",,cação
EMEF PROF ANÁLIA DE OLIVEIRA NASCIMENTO,São Paulo,Sumaré,School,N/A,,cação
EMEF PROF ELIANA MINCHIN VAUGHAN,São Paulo,Sumaré,School,N/A,YES,cação
EMEF PROFESSOR EMILIO SCHENK,Rio Grande do Sul,Taquari,School,"Bairro Léo Alvim Faller – 2,77Km da Prefeitura",,anjo
EMEF PROFESSOR LUIZ TREZZI,Rio Grande do Sul,Nova Hartz,School,"R. EUCLIDES CÂMARA BUENO, 275",,cação
EMEF PROF NEUSA DE SOUZA CAMPOS,São Paulo,Sumaré,School,N/A,,cação
EMEF PROFº. CERQUEIRA LIMA,Espírito Santo,Cariacica,School,"Av. Brasil, S/N, Bairro Jardim América, CEP 29140-490",,cação
EMEF PROFº JOSÉ ZACH,Espírito Santo,Cariacica,School,"Rua Vicente Santório Fantini, nº 141, Bairro Flexal I, CEP 29156-970",,cação
EMEF RAMONA CANHETE PINTO,São Paulo,Sumaré,School,N/A,,cação
EMEFR D. AUGUSTA RAVAGNANI BASSO,São Paulo,Sumaré,School,N/A,YES,cação
EMEF RENASCER,Espírito Santo,Cariacica,School,"Av. Padre Gabriel, S/N, Bairro Padre Gabriel, CEP 29143-651",,cação
EMEFR M SUPERSCRIPT(A) AP J.SEGURA,São Paulo,Sumaré,School,N/A,YES,cação
EMEF ROSA BADIM,São Paulo,Itapetininga,School,"R: HILDA MATARAZZO DELMANTO, 59",,cação
EMEF ROSA DA PENHA,Espírito Santo,Cariacica,School,"Rua Castelo Branco, nº 34, Bairro Rosa da Penha, CEP 29143-362",,cação
EMEF SÃO JOÃO CHRISÓSTOMO - ANEXO,Espírito Santo,Cariacica,School,"Rua A, nº 38, Bairro Jardim Botânico",,cação
EMEF SÃO JOÃO CHRISÓSTOMO - SEDE,Espírito Santo,Cariacica,School,"Rua Liberdade, nº 43, Bairro Liberdade, CEP 29142-702",,cação
EMEF SÃO JORGE,Espírito Santo,Cariacica,School,"Rua Principal, nº1424, Bairro Rio Marinho, CEP 29140-580",,cação
EMEF SEBASTIÃO RODRIGUES SOBRINHO,Espírito Santo,Cariacica,School,"Rua das Tulipas, nº 256, Bairro Flor do Campo, CEP 29145-831",,cação
EMEF SELMA NELI P. DE OLIVEIRA,São Paulo,Itapetininga,School,"AV: JOSÉ LEMBO, 651",,cação
EMEF SERGIO VIANA,São Paulo,Bom Jesus dos Perdões,School,"Av. Eliseu Corrêa Dias, 325 - Jd. Belo Horizonte",,cação
EMEF STÉLIDA DIAS,Espírito Santo,Cariacica,School,"Rua Bolívar de Abreu, S/N, Bairro Campo Grande, CEP 29146-330",,cação
EMEF TALMA SARMENTO DE MIRANDA,Espírito Santo,Cariacica,School,"Rua da Matriz, nº 33, Bairro São Geraldo, CEP 29146-670",,cação
EMEF TANCREDO DE ALMEIDA NEVES,Espírito Santo,Cariacica,School,"Rua Amaro Pereira da Silva, S/N, Bairro Santa Bárbara, CEP 29145- 010",,cação
EMEF TANCREDO DE ALMEIDA NEVES,Espírito Santo,Serra,School,Rod Jacaraípe - Camará Clube -,,cação
EMEF TEREZINHA ANUNCIATO,São Paulo,Itapetininga,School,"EST. MUN. VICENTE ROD. FURTADO, 1346",,cação
EMEF TERFINA ROCHA FERREIRA,Espírito Santo,Cariacica,School,"Rua Itaguaçú, S/N, Bairro Itacibá, CEP 29150-170",,cação
EMEF TIMOTEO JUNQUEIRA DOS SANTOS,Rio Grande do Sul,Taquari,School,"Bairro Rincão São José – 7,59Km da Prefeitura",,anjo
EMEF TIRADENTES,Espírito Santo,Cariacica,School,"Rua Ferro e Aço, S/N, Bairro Bela Aurora, CEP 29141-000",,cação
EMEF TURVO DOS CATÓLICOS,São Paulo,Itapetininga,School,Turvo dos Católicos,,cação
EMEF VALDECI CEZÁRIO,Espírito Santo,Cariacica,School,"Rua Tiradentes, nº 39, Bairro Vila Rica, CEP 29144-742",,cação
EMEF VALDICI ALVES BAIER,Espírito Santo,Cariacica,School,"Rua Alfredo Couto Teixeira, S/N, Bairro Areinha, CEP 29156-415",,cação
EMEF VALERIANA ROSA CEZAR,Espírito Santo,Serra,School,"R: Anchieta, Nova Almeida",,cação
EMEF VENTINO DA COSTA BRANDÃO,Espírito Santo,Cariacica,School,"Rua: Amazonas, s/nº - Rosa da Penha - CEP:",,cação
EMEF VIENNA R. GUTERRES - ANEXO,Espírito Santo,Cariacica,School,"Rua Dulce Ferreira, S/N, Bairro Santana, CEP 29154-110",,cação
EMEF VIENNA R. GUTERRES – SEDE,Espírito Santo,Cariacica,School,"Rua Mario Araújo, nº 176, Bairro Santana, CEP 29154-100",,cação
EMEF VILA PASTI,São Paulo,Louveira,School,"Orlando Pasti, 239 Vila Pasti",,cação
EMEF VIRGILIO FRANCISCO SCHWAB,Espírito Santo,Cariacica,School,"Rod. José Sete, Km 12, Bairro Porto de Cariacica, CEP 29156-700",,cação
EMEF WELINTON FERREIRA BORGES,Espírito Santo,Cariacica,School,"Rua um, n.º 170, Antônio Ferreira Borges",,cação
EMEF ZAÍRA MANHÃES DE ANDRADE,Espírito Santo,Cariacica,School,"Rua Quinze, S/N, Quadra 12, Bairro Nova Rosa da Penha II, CEP 29157-413",,cação
EMEF ZARIFE YARED,São Paulo,Itapetininga,School,"AV: PROF. FRANCISCO VÁLIO, 505",,cação
"EMEI ""LUIZ AMARO RODRIGUES"" - JARDIM AMARO",São Paulo,Artur Nogueira,School,"Rua Antonio Sia, 300 - Jd. Amaro",YES,cação
"EMEI ""MARIA LÚCIA DE CARVALHO CASTRO"" - CAIC",São Paulo,Artur Nogueira,School,"Rua Ver. Luiz Guidotti, S/N - Parque dos Trabalhadores",YES,cação
"EMEI ""REGINA APARECIDA POSI DE OLIVEIRA"" - PARQUE DOS TRABALHADORES",São Paulo,Artur Nogueira,School,"Rua José Mansur, S/N - Parque dos Trabalhadores",YES,cação
"EMEI ""SERGIO MANOEL LEME"" - XV DE NOVEMBRO",São Paulo,Artur Nogueira,School,"Rua XV de Novembro, 1655 - Jd. Planalto",YES,cação
EMEI ANA FLAVIA TURELLI,São Paulo,Itapetininga,School,R: MARCIA MARTINS LOPES,YES,cação
EMEI ANA JULIA V. GOMES HELENO,São Paulo,Itapetininga,School,"R: ALFREDO MAIA, 406",YES,cação
EMEI ANGELINA G. DA SILVA MARTINS,São Paulo,Itapetininga,School,"Rua Joaquim Felicio de Oliveira, 181",YES,cação
EMEI ANGELINA TURELLI,São Paulo,Itapetininga,School,"Rua João dos S. Silvério Sobrinho, 61",YES,cação
EMEI ANINHA,São Paulo,Itapetininga,School,"R: ISAU ISAAC, 123",YES,cação
EMEI ANTONIO PRADO,São Paulo,Bom Jesus dos Perdões,School,Rua Canela s/n - Jd. Palmas,YES,cação
EMEI APRENDER BRINCANDO,Rio Grande do Sul,Esteio,School,"Rua Manoel dos Santos, 236, Três Marias",YES,anjo
EMEI ARAÇARI,São Paulo,Americana,School,"Rua João Crivelani, 51 – Vila Bertini",YES,cação
EMEI ARACATI,São Paulo,Americana,School,"Rua Ari Meirelles, 907 – Vila Gallo",YES,cação
EMEI BACURI,São Paulo,Americana,School,"Av. Nove de Julho, 245 – V. Redher",YES,cação
EMEI BATUIRA,São Paulo,Americana,School,"Rua Humberto Casagrande, 635 – São Luis",YES,cação
EMEI CACILDA DE ANDRADE NERY,São Paulo,Itapetininga,School,"Av. Waldomiro de Carvalho, 1294",YES,cação
EMEI CANTINHO DAS ROSAS,Rio Grande do Sul,Nova Hartz,School,"R. HENRIQUE HOFFMANN, 2018",YES,cação
EMEI CARANDÁ,São Paulo,Americana,School,"Rua dos Tucanos, 200 – V.Mathiesen",YES,cação
EMEI CARLOS SALZANO VIEIRA DA CUNHA,Rio Grande do Sul,Taquari,School,Bairro Colônia 20 – 2Km da Prefeitura,YES,anjo
EMEI CASA DA CRIANÇA,Rio Grande do Sul,Taquari,School,"Bairro Léo Alvim Faller – 2,59Km da Prefeitura",YES,anjo
EMEI CASA DA PROVIDÊNCIA,São Paulo,Itapetininga,School,"Rua Francisco Weiss Junior, 2821",YES,cação
EMEI CECI,São Paulo,Americana,School,"Rua Albina Basseto, 250 – Jd. Brasilia",YES,cação
EMEI CECÍLIA MOREIRA,São Paulo,Itapetininga,School,"R: DAS SAUDADES, 111",YES,cação
EMEI COLORINDO O APRENDER,Rio Grande do Sul,Esteio,School,"Rua Vila Lobos, 858, Parque Tamandaré",YES,"anjo, cação"
EMEI CORIMBÓ,São Paulo,Americana,School,"Rua dos Jequitibas, 861 – Jd. São Paulo",YES,cação
EMEI CUNHATAÍ,São Paulo,Americana,School,"Rua Netuno, 265 Jd. Alvorada",YES,cação
EMEI CURUMIM,São Paulo,Americana,School,Av. Comendador Thomas Fortunato s/n,YES,cação
EMEI DARCY RIBEIRO,Rio Grande do Sul,Taquari,School,"Bairro Léo Alvim Faller - 2,76Km da Prefeitura",YES,anjo
EMEI DENISE BORTOLINI,Rio Grande do Sul,Esteio,School,"Rua Taquara, 125, Vila Olímpica",YES,"anjo, cação"
EMEI DIEGO,São Paulo,Bom Jesus dos Perdões,School,"R. José Luis de Abreu, nº 103; Vila São José",YES,cação
EMEI DOIS DE DEZEMBRO,Rio Grande do Sul,Nova Hartz,School,"R. VAL PARAISO, 1079",YES,cação
"EMEIEF ""MARIA PLASCIDINA DE ALMEIDA FILIPPINI"" - BAIRRINHO",São Paulo,Artur Nogueira,School,"Rodovia SP 107, KM 38 – Bairrinho",YES,cação
"EMEIEF ""OSNI JOSÉ DE SOUZA"" - MINHA CASA MINHA VIDA",São Paulo,Artur Nogueira,School,"Rua Otacílio Ferreira Natal, 25 - São João dos Pinheiros",YES,cação
"EMEIEF ""PROF.ª APARECIDA DIAS DOS SANTOS"" - LARANJEIRAS",São Paulo,Artur Nogueira,School,"Rua Francisco Cabrino, 2251 – Laranjeiras",YES,cação
EMEIEF BAIRRO DO CUIABÁ,São Paulo,Nazaré Paulista,School,N/A,YES,cação
EMEIEF BAIRRO DO DIVININHO,São Paulo,Nazaré Paulista,School,N/A,YES,cação
EMEIEF BAIRRO DOS FERREIRAS,São Paulo,Nazaré Paulista,School,N/A,YES,cação
EMEIEF BAIRRO MASCATE (MONTE VERDE),São Paulo,Nazaré Paulista,School,"Rua Sergipe, 195",YES,cação
EMEIEF BAIRRO MASCATE GRANDE DE CIMA,São Paulo,Nazaré Paulista,School,N/A,YES,cação
EMEIEF BAIRRO MORRO GRANDE,São Paulo,Nazaré Paulista,School,N/A,YES,cação
EMEIEF JOAQUIM FRANCISCO BUENO BAIRRO ATIBAINHA,São Paulo,Nazaré Paulista,School,N/A,YES,cação
EMEIEF MONSENHO AFONSO,São Paulo,Nazaré Paulista,School,"Rod. Juvenal Ponciano de Camargo, s/n",YES,cação
EMEIEF NICO MARIANO,São Paulo,Nazaré Paulista,School,N/A,YES,cação
EMEIEF PROF. DORALI APARECIDA PINHEIRO,São Paulo,Nazaré Paulista,School,N/A,YES,cação
EMEI ESTHER BARSANTI,São Paulo,Itapetininga,School,N/A,YES,cação
EMEIF ADRIANA PORTO ROCHA - B.º M. A,São Paulo,Itapetininga,School,"Rua João Ayres da Rocha, 246",YES,cação
EMEIF BAIRRO DO RETIRO,São Paulo,Itapetininga,School,Bairro do Retiro,YES,cação
EMEIF HELENA DE OLIVEIRA PLENS,São Paulo,Itapetininga,School,R: OSVALDO GONÇALVES S. VIANA,YES,cação
EMEIF IRACEMA R. TEIXEIRA,São Paulo,Itapetininga,School,AV: WENCESLAU BRÁS,YES,cação
EMEIF JACY FERREIRA CERQUEIRA,São Paulo,Itapetininga,School,"R: OSVALDO CRUZ, 2027",YES,cação
EMEIF JOÃO CRESCÊNCIO DA ROCHA - SÃO ROQUE,São Paulo,Itapetininga,School,Bairro São Roque,YES,cação
EMEIF JOAQUINA M. ANTUNES - T. RODRI,São Paulo,Itapetininga,School,Turvo dos Rodrigues,YES,cação
EMEIF JOSÉ PIRES DE CAMPOS - RIO ACIMA,São Paulo,Itapetininga,School,Bairro do Rio Acima,YES,cação
EMEIF JULIANA FABIANO ALVES,São Paulo,Itapetininga,School,"R: PEDRO EUGÊNIO DA SILVA, 14",YES,cação
EMEIF LAZARA GALVÃO,São Paulo,Itapetininga,School,"R: CORINA CAÇAPAVA BARTH, 87",YES,cação
EMEI FLORESCER,Rio Grande do Sul,Esteio,School,"Rua Orestes Pianta, 174, prédio B, Parque Primavera",YES,"anjo, cação"
EMEIF MARIA GOMES DOS S.B. CONCEIÇÃO,São Paulo,Itapetininga,School,"Rua São Bento, 222",YES,cação
EMEIF SRA. ANTÔNIA DEOCLÉCIA DE FREITAS,São Paulo,Itapetininga,School,"Rua Benedito Bicudo de Albuquerque,100",YES,cação
EMEIF ZILÁ MARÃO,São Paulo,Itapetininga,School,"R: HUMBERTO FERNANDO NOTARY, 330",YES,cação
EMEI GABRIEL MOISES OZI DE LIMA,São Paulo,Itapetininga,School,"Estr Mun Vicente Rodrigues Furtado, 1039",YES,cação
EMEI IRMÃ SIBILA ANA BURIN,Rio Grande do Sul,Esteio,School,"Rua Marechal Floriano, 45, Novo Esteio",YES,"anjo, cação"
EMEI ISALTINO VÁLIO,São Paulo,Itapetininga,School,"Rua Sebastião Silva Leite Fernandes,410",YES,cação
EMEI ISOLINA LEONEL FERREIRA,São Paulo,Itapetininga,School,SALVADOR LOPES DE VIEIRA,YES,cação
EMEI ITAMAC,São Paulo,Itapetininga,School,"R: HUMBERTO FERNANDO NOTARY, 150",YES,cação
EMEI IVO DOS SANTOS LAUTERT,Rio Grande do Sul,Taquari,School,"Bairro Parque do Meio – 1,15Km da Prefeitura",YES,anjo
EMEI JACINA,São Paulo,Americana,School,"Av. Paulista, 270 – Jd. Colina",YES,cação
EMEI JOAQUIM FABIANO ALVES,São Paulo,Itapetininga,School,"R: NORBERTO FRANÇA, 341",YES,cação
EMEI LAURA CALAZANS DE MOURA LUZ,São Paulo,Itapetininga,School,"R: ARGEMIRO VIRIRA DE MORAES, 280",YES,cação
EMEI LAURINHA,São Paulo,Itapetininga,School,"R: EDELVINA CAETANO LOBO, 311",YES,cação
EMEI LENI APARECIDA PRESTES,São Paulo,Itapetininga,School,"Rua Maria Lirio Ralarico, nº 20",YES,cação
EMEI LEONEL BRIZOLA,Rio Grande do Sul,Nova Hartz,School,"R. IGUATEMI, 310",YES,cação
EMEI LIANI,São Paulo,Bom Jesus dos Perdões,School,"Rua Ângelo Santoni, 416 – Centro",YES,cação
EMEI LUCILA PIEDADE,São Paulo,Itapetininga,School,"R: IRMÃ NAIR DE CAMARGO, 640",YES,cação
EMEI LUÍZ ALBERTO CASSIANO TEIXERIA,São Paulo,Itapetininga,School,"Rua Arlindo Bento Mariano, 180",YES,cação
EMEI LUIZ GONZAGA,São Paulo,Bom Jesus dos Perdões,School,"Travessa Bélgica, s/n - Pq. Hortênsia",YES,cação
EMEI MANAI,São Paulo,Americana,School,"Rua Guarujá, 480 – Pq. Novo Mundo",YES,cação
EMEI MARIA AP. CARDOSO SILVA,São Paulo,Itapetininga,School,"Rua Jose Ferreira Menk, 03",YES,cação
EMEI MARIA BENEDICTA BASTOS MARTINS,São Paulo,Itapetininga,School,"R: AMÉRICO IZZO, 430",YES,cação
EMEI MARIA EMÍLIA SIMÕES CARDOSO,São Paulo,Itapetininga,School,"Rua Joaquim Pedro de Oliveira, 321",YES,cação
EMEI MARIA FRANCISCA QUARENTEI,São Paulo,Itapetininga,School,"R: Cel. FERNANDO PRESTES, 941",YES,cação
EMEI MARIA MUNHOZ,São Paulo,Itapetininga,School,"R: PROCÓPIO VAZ MOREIRA, 62",YES,cação
EMEI MARIA TEREZINHA VÁLIO ELIAS,São Paulo,Itapetininga,School,"R: ISAAT DIB, 317",YES,cação
EMEI MENINO JESUS,São Paulo,Itapetininga,School,"R: FIRMINO JOSÉ DE ARAUJO, 300",YES,cação
EMEI NAIR DO CARMO FERRIELLO DE MATTOS,São Paulo,Itapetininga,School,"Rua Angelo Poles, 45",YES,cação
EMEI NELSON,São Paulo,Bom Jesus dos Perdões,School,"Rua Diomar Antônio Ramos, 73 - Vila Operária",YES,cação
EMEI NICOLAU FINAMORE,São Paulo,Louveira,School,"Monsenhor Domingos Herculano Casarim, 179 Vila Bossi",YES,cação
EMEI NORMA SUARD AGUIAR,São Paulo,Itapetininga,School,"AV: JOSÉ LEMBO, 1571",YES,cação
EMEI NOSSA SENHORA DAS GRAÇAS,Rio Grande do Sul,Taquari,School,"Bairro Rincão São José – 6,13Km da Prefeitura",YES,anjo
EMEI OLENCA VALENTE,Rio Grande do Sul,Gravataí,School,"Av. Vila Rica, nº 1839 - Pda. 62 – Vila Branca",YES,anjo
EMEI OLIVIA PELEGRINI,São Paulo,Itapetininga,School,"Rua Benedito Soares Hungria, 155",YES,cação
EMEI PARQUE DO SABIÁ,Rio Grande do Sul,Esteio,School,"Rua Águia, 403, Três Marias",YES,"anjo, cação"
EMEI PATATIVA,São Paulo,Americana,School,"Av. Afonso Schimidt, 920 – Antonio Zanaga II",YES,cação
EMEI PATURI,São Paulo,Americana,School,"Rua Ernesto Furini, 290 – Vila Mariana",YES,cação
EMEI PAULO FREIRE,Rio Grande do Sul,Taquari,School,"Bairro Praia –1,8 Km da Prefeitura",YES,anjo
EMEI PEDACINHO DO CÉU,Rio Grande do Sul,Esteio,School,"R.: São Miguel, 769",YES,"anjo, cação"
EMEI PEDRO MIQUELETTO,São Paulo,Louveira,School,"Vereador José Carlos Conti, 17 Santo Antonio",YES,cação
EMEI PEQUENO APRENDIZ,Rio Grande do Sul,Taquari,School,"Localidade de Amoras – 14,64Km da Prefeitura",YES,anjo
EMEI POTIRA,São Paulo,Americana,School,"Rua Francisco de Assis, 184 – São Manoel",YES,cação
EMEI PROF. ESTANISLAU GONZAGA PINHEIRO,São Paulo,Nazaré Paulista,School,"Rua Helena de Moraes Pinheiro, 310",YES,cação
EMEI RAIO DE SOL,Rio Grande do Sul,Esteio,School,"Rua Tri-Campeão do Mundo, 136, São José",YES,"anjo, cação"
EMEI REGIANE,São Paulo,Bom Jesus dos Perdões,School,"Rua Antônio Carlos Bueno, s/n loteamento Miranda D'Ouro - Laranja Azeda",YES,cação
EMEI ROTARY CLUB,São Paulo,Itapetininga,School,"R: BRIGADEIRO FARIA DE LIMA, 801",YES,cação
EMEI SABIÁ,São Paulo,Americana,School,"Rua Dona Amábile Boer, 713 – Santa Maria",YES,cação
EMEI SÃO CRISTOVÃO,São Paulo,Itapetininga,School,"Rua Lucas Nogueira Garcês, 339",YES,cação
EMEI SÃO JOSÉ,Rio Grande do Sul,Taquari,School,"Bairro São José – 3,72Km da Prefeitura",YES,anjo
EMEI SÃO JOSÉ,São Paulo,Itapetininga,School,"R: SILVA JARDIM, 121",YES,cação
EMEI SÃO PAULO APÓSTOLO,São Paulo,Itapetininga,School,"R: QUINTINO BOCAIUVA, 289",YES,cação
EMEI SONHO MÁGICO,Rio Grande do Sul,Esteio,School,"Rua Santa Maria, 60, Novo Esteio",YES,"anjo, cação"
EMEI TANGARÁ,São Paulo,Americana,School,"Rua Venezuela, 133 – Frezzarin",YES,cação
EMEI TEREZINHA DE JESUS ALGUZ (V.M) 1,São Paulo,Itapetininga,School,"Rua Prof Abigail Holtz de Moraes, 490",YES,cação
EMEI TEREZINHA DE JESUS ALGUZ (V.M) 2,São Paulo,Itapetininga,School,N/A,YES,cação
EMEI THEREZINHA,São Paulo,Bom Jesus dos Perdões,School,"Rua Tupi, s/n – Jardim São Marcos",YES,cação
EMEI VALTER ALIBERT,São Paulo,Itapetininga,School,"R: JOSÉ BONIFÁCIO, 739",YES,cação
EMEI VIVENDO A INFÂNCIA,Rio Grande do Sul,Esteio,School,"Rua Orestes Pianta, 204, Parque Primavera",YES,"anjo, cação"
EMEI VÓ LAURA,Rio Grande do Sul,Taquari,School,"Bairro Colônia Vinte de Setembro – 2,30Km da Prefeitura",YES,anjo
EMEI YOLANDA CARVALHO PINTO,São Paulo,Itapetininga,School,"R: PEDRO MARQUES, 781",YES,cação
EMEI ZENITH GALVÃO TERRA,São Paulo,Itapetininga,School,"R: ITAPEVA, 395",YES,cação
EMES,Rio Grande do Sul,Gravataí,School,"Rua Adib Teixeira Chedid, nº 25 – Centro",,anjo
E M ESPRAIADO,Rio de Janeiro,Maricá,School,RUA: CHARLES DARWIN - BAIRRO : ESPRAIADO - CIDADE: MARICÁ/RJ,,cação
E M FABRICA DO SABER,Rio de Janeiro,Petrópolis,School,"RUA MACHADO FAGUNDES F, 269",,cação
E M FELIX WAN ERVEN DE BARROS,Rio de Janeiro,Petrópolis,School,ESTRADA SILVEIRA DA MOTTA 0,,cação
EM FRANCISCO BARBOSA LEITE,Rio de Janeiro,Duque de Caxias,School,"Rua Dois, s/n° Conj. Imbarié III CEP: 25270- 450",,cação
EM GENERAL MOURÃO FILHO,Rio de Janeiro,Duque de Caxias,School,"R. Violeta, s/n° - Jd. Anhangá CEP: 25468-420",,cação
E M GERALDO VENTURA DIAS,Rio de Janeiro,Petrópolis,School,ESTRADA VELHA DA ESTRELA A 0,,cação
E M GOVERNADOR MARCELLO ALENCAR,Rio de Janeiro,Petrópolis,School,RUA AMARAL PEIXOTO . 0,,cação
E M GUARATIBA,Rio de Janeiro,Maricá,School,RUA: 4 N. 13 E - BAIRRO: GUARATIBA - CIDADE: MARICÁ/RJ,,cação
E M HERCILIA HENRIQUES MORET,Rio de Janeiro,Petrópolis,School,RUA VIGARIO CORREA # 238,,cação
E M HILDEBRANDO DE CARVALHO,Rio de Janeiro,Petrópolis,School,ESTRADA SILVEIRA DA MOTTA . 0,,cação
EMÍLIO PAULO ROBERTO HARDT,Santa Catarina,Joinville,School,"R.: Emílio Hardt, 720 - Canela",,cação
EMÍLIO STOCK JR. (PREF.),Santa Catarina,Joinville,School,"Estrada do Salto II, 3.664",,cação
E M INDIGENA GUARANI KYRINGUE ARANDUA (ITAIPUAÇU),Rio de Janeiro,Maricá,School,RUA: TURQUESAS QD: 15 LT: 01 BAIRRO: RECANTO DE ITAIPUAÇU - CIDADE: MARICÁ/RJ,,cação
E M INDIGENA GUARANI PARA POTI NHE E JÁ (S.J),Rio de Janeiro,Maricá,School,RUA: PREF ALCEBIADES MENDES - KM: 19 BAIRRO: SÃO JOSÉ DE IMBASSAÍ - CIDADE: MARICÁ/RJ,,cação
E M JACINTHO LUIZ CAETANO,Rio de Janeiro,Maricá,School,ESTRADA DO CAJU - BAIRRO: CAJU - CIDADE: MARICÁ/RJ,,cação
EM JARDIM ANHANGÁ,Rio de Janeiro,Duque de Caxias,School,Rua M. Lt. 32 Qd 59 Jd. Anhangá CEP: 25264-530,,cação
EM JARDIM BOM RETIRO,São Paulo,Sumaré,School,N/A,YES,cação
EM JARDIM DENADAI,São Paulo,Sumaré,School,N/A,YES,cação
EM JARDIM LUCIA,São Paulo,Sumaré,School,N/A,YES,cação
EM JARDIM MARIA ANTONIA,São Paulo,Sumaré,School,N/A,YES,cação
EM JARDIM SÃO JUDAS TADEU,São Paulo,Sumaré,School,N/A,YES,cação
E M JOAO KOPKE,Rio de Janeiro,Petrópolis,School,"ESTRADA DA FAZENDA INGLESA, 4695",,cação
E M JOÃO MONTEIRO,Rio de Janeiro,Maricá,School,RUA: SARA GOMES TEMPORÃO - S/N - BAIRRO: RECANTO DE ITAIPUAÇU - CIDADE: MARICÁ/RJ,,cação
E M JOAO PEDRO MACHADO,Rio de Janeiro,Maricá,School,RUA: R RODOVIAL AMARAL PEIXOTO BAIRRO: MANOEL RIBEIRO - CIDADE: MARICÁ/RJ,,cação
E M JOAQUIM EUGENIO DOS SANTOS,Rio de Janeiro,Maricá,School,RUA: LEDO BARROSO BITTENCOURT - S/N - BAIRRO: MUMBUCA - CIDADE: MARICÁ/RJ - CEP: 24913-730,,cação
E M JOHANN NOEL,Rio de Janeiro,Petrópolis,School,RUA BINGEN 843,,cação
E M JORGE AMADO,Rio de Janeiro,Petrópolis,School,ESTRADA DA SAUDADE I 1397,,cação
EM JOSE DE ANCHIETA,São Paulo,Sumaré,School,N/A,,cação
EM LASQUINHA DE GENTE,São Paulo,Sumaré,School,N/A,YES,cação
E M LUCIA DE ALMEIDA BRAGA,Rio de Janeiro,Petrópolis,School,WALDEMAR VIEIRA AFONSO . 7,,cação
E M LÚCIO THOMÉ GUERRA FETEIRA,Rio de Janeiro,Maricá,School,RUA: CORDEIRO S/N - BAIRRO: CORDEIRINHO - CIDADE: MARICÁ/RJ,,cação
E M LUIZ CARLOS SOARES,Rio de Janeiro,Petrópolis,School,"RUA EUVALDO LODDI, 0",,cação
EM LUIZ GAMA BORGES,Rio de Janeiro,Duque de Caxias,School,"R. Malherbe, Lt. 01 Qd 90 Pq. Paulista CEP: 25261-440",,cação
EM MAGDALENA MARIA VEDOVATO CALLEGARI,São Paulo,Sumaré,School,N/A,,cação
E M MAJOR JULIO FREDERICO KOELER,Rio de Janeiro,Petrópolis,School,RUA FELIPE CAMARAO . 374,,cação
E M MAJOR THEOFILO DE CARVALHO,Rio de Janeiro,Petrópolis,School,ROCINHA 0,,cação
EM MARCIO FIAT,Rio de Janeiro,Duque de Caxias,School,"Rua São Cristóvão, Lt 17 Qd 07 Parada Angélica CEP: 25272-292",,cação
E M MARCUS VINICIUS CAETANO SANTANA,Rio de Janeiro,Maricá,School,AVENIDA : 3 LT: 45 QD: 91 - BAIRRO: DA AMIZADE - CIDADE: MARICÁ/RJ - CEP:,,cação
EM MARECHAL FLORIANO PEIXOTO,Rio de Janeiro,Duque de Caxias,School,"Rua David Campista, n° 08 Parada Angélica CEP: 25272-540",,cação
E M MARIA CRISTINA DE LIMA CORRÊA (VALERIA PASSOS II),Rio de Janeiro,Maricá,School,RUA : WILSON MACHADO JARDIM (ANTIGA RUA 9/SN) BAIRRO: JARDIM ATLÂNTICO - CIDADE: MARICÁ/RJ,,cação
EM MARIA LUISA CIA MEDEIROS,São Paulo,Sumaré,School,N/A,YES,cação
E M MARIETA GONCALVES,Rio de Janeiro,Petrópolis,School,"RUA NOSSA SENHORA DA GLORIA, 1329",,cação
E M MARISA LETÍCIA LULA DA SILVA (ROBSON LOU),Rio de Janeiro,Maricá,School,RUA CINCO N. 15 QD 19 BAIRRO: CHACARAS DE INOÃ - CIDADE: MARICÁ/RJ,,cação
E M MARQUES DE MARICA,Rio de Janeiro,Maricá,School,"RUA: DOUGLAS MARQUES RIENTI, N. 0 - BAIRRO: ITAIPUAÇU -CIDADE: MARICÁ/RJ - CEP: 24942-395",,cação
EM MARTHA SMOLLI DOMINGUES,São Paulo,Sumaré,School,N/A,YES,cação
E M MAURICIO ANTUNES DE CARVALHO,Rio de Janeiro,Maricá,School,RUA:N. 1 RUA: B LT:01 QD 127 - BAIRRO: SACO DAS FLORES - CIDADE: MARICÁ/RJ,,cação
E M MONSENHOR CIRILLO CALAON,Rio de Janeiro,Petrópolis,School,RUA AROLDO MANO 0,,cação
E M MONSENHOR JOAO DE DEUS RODRIGUES,Rio de Janeiro,Petrópolis,School,DR. BARROS FRANCO 0,,cação
E M NILO PECANHA,Rio de Janeiro,Petrópolis,School,ESTRADA UNIÃO INDUSTRIA a 19691,,cação
EM NOVA CAMPINAS,Rio de Janeiro,Duque de Caxias,School,"Rua B, Lts 17 a 23, Qd 12 Nova Campinas CEP: 25271-020",,cação
E M ODETTE FONSECA,Rio de Janeiro,Petrópolis,School,ESTRADA RIO PETROPOLIS KM 85 . 5,,cação
EM O MUNDO ALEGRE DA CRIANÇA,São Paulo,Sumaré,School,N/A,YES,cação
E M OSWALDO DA COSTA FRIAS,Rio de Janeiro,Petrópolis,School,ESTRADA DO JURUA 0,,cação
EM OSWALDO RONCOLATTO,São Paulo,Sumaré,School,N/A,YES,cação
EM PALHACINHO DENGOSO,São Paulo,Sumaré,School,N/A,YES,cação
E M PAPA JOAO PAULO II,Rio de Janeiro,Petrópolis,School,SÃO SEBASTIÃO 625,,cação
EM PARQUE BANDEIRANTES II,São Paulo,Sumaré,School,N/A,YES,cação
EM PARQUE DAS NAÇÕES,São Paulo,Sumaré,School,N/A,YES,cação
EM PARQUE RESIDENCIAL REGINA,São Paulo,Sumaré,School,N/A,YES,cação
E M PASTOR HAROLDO GOMES,Rio de Janeiro,São Gonçalo,School,"ESTR. DAS PALMEIRAS, S/N",,cação
E M PASTOR JOSE AUGUSTO GRASSINI,Rio de Janeiro,São Gonçalo,School,R. JÚLIO DE CASTILHO,,cação
E M PAULO FREIRE,Rio de Janeiro,Petrópolis,School,RUA BUARQUE DE MACEDO . 53,,cação
EM PAULO RODRIGUES PEREIRA,Rio de Janeiro,Duque de Caxias,School,"Rua Voltaire, Lt 13 Qd 67 - Imbariê CEP: 25275-300",,cação
E M PAULO SALDANHA,Rio de Janeiro,Petrópolis,School,ESTRADA DA SAUDADE 0,,cação
E M PEDRO AMADO,Rio de Janeiro,Petrópolis,School,ESTRADA VELHA DA ESTRELA . 436,,cação
EM PEDRO PAULO DA SILVA,Rio de Janeiro,Duque de Caxias,School,"Rua 20, Lt. 12, Qd. 23 - Santa Cruz da Serra CEP: 25260-220",,cação
E M PREFEITO JAMIL SABRA,Rio de Janeiro,Petrópolis,School,RUA CORONEL VEIGA 1130,,cação
EM PROF® CARMEM CORRÊA DE CARVALHO REIS BRAZ,Rio de Janeiro,Duque de Caxias,School,"Av Coronel Sisson, s/n° Imbariê CEP: 25266- 000",,cação
EM PROF* MARIA DE ARAUJO DA SILVA,Rio de Janeiro,Duque de Caxias,School,"Rua General Francisco de Lima, s/n° - Taquara CEP: 25275-000",,cação
E M PROFª ALCIONE SOARES RANGEL DA SILVA,Rio de Janeiro,Maricá,School,"RUA: OITENTA E DOIS QD: 125 LT: 02, 03 e 04 BAIRRO: BALNEARIO BAMBUI - CIDADE: MARICÁ/RJ",,cação
E M PROFª DILZA DA SILVA SA REGO,Rio de Janeiro,Maricá,School,RUA: VINTE E DOIS BAIRRO: JACONÉ - CIDADE: MARICÁ/RJ,,cação
E M PROFª DIRCE MARINHO GOMES,Rio de Janeiro,Maricá,School,RUA SEIS - BAIRRO: PONTA GROSSA - CIDADE: MARICÁ/RJ - CEP:,,cação
E M PROF ATALIBA DE MACEDO DOMINGUES,Rio de Janeiro,Maricá,School,"RUA: DAS TURMALINAS, MORADA DAS ÁGUIAS LOTE 10 QUADRA 08 - BAIRRO: ITAIPUAÇÚ - CIDADE: MARICÁ/RJ - CEP. 24.938-200",,cação
EM PROF CARMEN LUCIA RESENDE ALVIN DA SILVA,Rio de Janeiro,Duque de Caxias,School,"Rua Projetada, n° 3 Lt 7 Qd 44 Sta Cruz da Serra CEP: 25255-220",,cação
EM PROF DALVA BORGES DA CUNHA,Rio de Janeiro,Duque de Caxias,School,"Av Automóvel Club, Lt 23 Qd 35 km 53 Taquara CEP: 25070-189",,cação
E M PROF DARCY RIBEIRO,Rio de Janeiro,Maricá,School,RUA: EUCLYDES PAULO DA SILVA S/N BAIRRO: INOÃ - CIDADE: MARICÁ/RJ CEP: 24943-195,,cação
EM PROF DULCE TRINDADE BRAGA,Rio de Janeiro,Duque de Caxias,School,"Av. Hélio de Oliveira, s/n° Jdim Anhangá CEP: 25264-350",,cação
E M PROFESSORA MARIA CAMPOS DA SILVA,Rio de Janeiro,Petrópolis,School,RUA BUENOS AIRES Y 108,,cação
E M PROFESSOR FLAVIO MACIEL,Rio de Janeiro,Petrópolis,School,RUA AMARAL PEIXOTO . 0,,cação
E M PROFESSOR JOAQUIM DEISTER,Rio de Janeiro,Petrópolis,School,"RUA DR. JOAO GLASS VEIGA, 0",,cação
E M PROFESSOR JOSEMAR CONTAGE,Rio de Janeiro,Petrópolis,School,RUA CASTRO ALVES * 80,,cação
E M PROFESSOR PAULO MONTE,Rio de Janeiro,Petrópolis,School,FAZENDA DE ARARAS . 0,,cação
E M PROF MARIA DA GLORIA QUEIROZ DE,Rio de Janeiro,Petrópolis,School,RUA A 0,,cação
E M PROF NILTON COSTA PEREIRA SÃO THIAGO,Rio de Janeiro,Petrópolis,School,AV.LEOPOLDINA 561,,cação
E M PROF OSWALDO LIMA RODRIGUES,Rio de Janeiro,Maricá,School,ESTRADA DOS CAJUEIROS S/N - BAIRRO: CAJUEIROS - CIDADE: MARICÁ/RJ,,cação
E M REGINALDO DOMINGUES DOS SANTOS,Rio de Janeiro,Maricá,School,RUA: SÃO PEDRO APOSTOLO S/N - BAIRRO: PONTA NEGRA - CIDADE: MARICÁ/RJ CEP: 24922- 295,,cação
EM REINO DA GAROTADA,São Paulo,Sumaré,School,N/A,YES,cação
E M RETIRO,Rio de Janeiro,Maricá,School,RUA : CHARLES DARWIN BAIRRO: RETIRO - CIDADE: MARICÁ/RJ,,cação
E M RITA SAMPAIO CARTAXO,Rio de Janeiro,Maricá,School,RUA: GUARANI BAIRRO: ITAOCAIA VALLEY - CIDADE: MARICÁ/RJ,,cação
EM ROBERTO WEGUELIN DE ABREU,Rio de Janeiro,Duque de Caxias,School,"Rua Tormin, n° 179 - Conj. Res. 22 de Abril - Imbariê CEP: 25271-540",,cação
E M ROMILDA NUNES (MCMV INOÃ),Rio de Janeiro,Maricá,School,RUA: LEONARDO JOSE ANTUNES BAIRRO: INOÃ - CIDADE: MARICÁ/RJ CEP: 24.943-255,,cação
E M ROSALINA NICOLAY,Rio de Janeiro,Petrópolis,School,PRESIDENTE SODRE . 1026,,cação
E M ROSEMIRA DE OLIVEIRA CAVALCANTI,Rio de Janeiro,Petrópolis,School,RUA JOÃO DE FARIAS 0,,cação
EM ROTARY,Rio de Janeiro,Duque de Caxias,School,"Rua Alagoas, n° 12 - Santa Cruz da Serra CEP: 25255-070",,cação
E M ROTARY,Rio de Janeiro,Petrópolis,School,RUA BARÁO DO RIO BRANCO . 1967,,cação
EM SABIDINHO,São Paulo,Sumaré,School,N/A,YES,cação
EM SANTA LUZIA,Rio de Janeiro,Duque de Caxias,School,"Rua Marquês de Lafaiete, n° 70 - Parque Equitativa CEP: 25260-370",,cação
EM SANTO TOMAZIN,São Paulo,Sumaré,School,N/A,YES,cação
E M SAO BENTO DA LAGOA,Rio de Janeiro,Maricá,School,RUA: DAS TURMALINAS LT: 10 QD: 08 BAIRRO: MORADA DAS ÁGUIAS CIDADE: MARICÁ/RJ CEP: 24937-625,,cação
E M SEBASTIAO LACERDA,Rio de Janeiro,Petrópolis,School,ESTR. DA VARGEM GRANDE . 0,,cação
EM SENADOR AFONSO ARINOS,Rio de Janeiro,Duque de Caxias,School,"Av A, s/n° - Qd 86 - Nova Campinas CEP: 25268-370",,cação
E M SOROPTIMISTA,Rio de Janeiro,Petrópolis,School,"TEOFILO JOSE DA SILVA, 0",,cação
E M STEFAN ZWEIG,Rio de Janeiro,Petrópolis,School,RUA SERGIPE 49,,cação
E M VER ANICETO ELIAS,Rio de Janeiro,Maricá,School,RUA: LEONARDO JOSE ANTUNES BAIRRO : INOÃ,,cação
E M VEREADOR JOSÉ FERNANDES DA SILVA,Rio de Janeiro,Petrópolis,School,RUA TERESA 1781,,cação
E M VER JOAO DA SILVA BEZERRA,Rio de Janeiro,Maricá,School,PRAÇA ANA FERREIRA N. 1 - BAIRRO: DIVINEIA - MARICÁ/RJ - CEP:,,cação
E M VER LEVY CARLOS RIBEIRO,Rio de Janeiro,Maricá,School,RUA: B BAIRRO: SÃO JOSÉ DE IMBASSAI - CIDADE: MARICÁ/RJ,,cação
E M VER OSDEVALDO MARINS DA MATTA,Rio de Janeiro,Maricá,School,ESTRADA DE CASSOROTIBA S/N SANTA PAULA(INOÃ) - MARICÁ/RJ - CEP: 24944-660,,cação
EM VISCONDE DE SABUGOSA,São Paulo,Sumaré,School,N/A,YES,cação
EM XODO DA TITIA,São Paulo,Sumaré,School,N/A,YES,cação
EPAM,São Paulo,Itapetininga,School,"R: JOSÉ PÉRSIO DOS SANTOS, 306",,cação
"EPM ""ALICE MOREIRA MACHADO""",Espírito Santo,São Mateus,School,Estrada do Nativo de Barra Nova,,cação
"EPM ""ALMIRA DIAS PERIN""",Espírito Santo,São Mateus,School,"Córrego do Jacaré, Jaguaré",,cação
"EPM ""ANNA LUBBER LONARDELLI""",Espírito Santo,São Mateus,School,Zona rural,,cação
"EPM ""ANTONIO MACIEL FILHO""",Espírito Santo,São Mateus,School,Jambeiro,YES,cação
"EPM ""BERNADETE LOURDES BASTOS""",Espírito Santo,São Mateus,School,"Rodovia São Mateus X Nova Venécia, Km 29",,cação
"EPM ""CAMPO GRANDE DE BAIXO""",Espírito Santo,São Mateus,School,Estrada do Nativo de Barra Nova,,cação
"EPM ""CÓRREGO DO ATERRO""",Espírito Santo,São Mateus,School,"Rodovia 381, Miguel Curry Carneiro, Km 35",,cação
"EPM ""CÓRREGO DO CHIADO""",Espírito Santo,São Mateus,School,Rodovia São Mateus X Boa Esperança,,cação
"EPM ""CÓRREGO DO GAMA""",Espírito Santo,São Mateus,School,"Rodovia São Mateus X Boa Esperança, Fazenda Córrego do Gama",,cação
"EPM ""CÓRREGO DO RANCHO""",Espírito Santo,São Mateus,School,"Rodovia São Mateus X Nova Venécia, Km 28",,cação
"EPM ""CÓRREGO GRANDE""",Espírito Santo,São Mateus,School,Rodovia São Mateus X Nova Venécia,,cação
"EPM ""CÓRREGO GRANDE DE CIMA""",Espírito Santo,São Mateus,School,"Rodovia São Mateus X Nova Venécia, Km 35",,cação
"EPM ""CÓRREGO MATA SEDE""",Espírito Santo,São Mateus,School,"Rodovia 381, Miguel Curry Carneiro, Km 29",,cação
"EPM ""CÓRREGO SECO""",Espírito Santo,São Mateus,School,"Rodovia 381, Miguel Curry Carneiro, Km 41",,cação
"EPM ""DILÔ BARBOSA""",Espírito Santo,São Mateus,School,Rodovia São Mateus X Boa Esperança,,cação
"EPM ""DIVINO ESPÍRITO SANTO""",Espírito Santo,São Mateus,School,"Rodovia BR 101, KM 23",,cação
"EPM ""ENEDINO MONTEIRO""",Espírito Santo,São Mateus,School,"Estrada do Nativo, Barra Nova Sul",,cação
"EPM ""GIRASSOL""",Espírito Santo,São Mateus,School,Rodovia São Mateus X Nova Venécia,,cação
"EPM ""KM 20""",Espírito Santo,São Mateus,School,Km 20,,cação
"EPM ""MARIRICU""",Espírito Santo,São Mateus,School,Zona rural,,cação
"EPM ""MILITINO CARRAFA""",Espírito Santo,São Mateus,School,"Rodovia 381, Miguel Curry Carneiro, Km 13",,cação
"EPM ""NOVA VISTA""",Espírito Santo,São Mateus,School,"Rodovia São Mateus X Boa Esperança, Nova Vista",,cação
"EPM ""PALMITO""",Espírito Santo,São Mateus,School,"Rodovia São Mateus X Nova Venécia, Km 23",,cação
"EPM ""PATRIMÔNIO CÓRREGO DA AREIA""",Espírito Santo,São Mateus,School,Zona rural,,cação
"EPM ""RIO PRETO""",Espírito Santo,São Mateus,School,"Rodovia Othovarino Duarte Santos, Rua São Gabriel, S/Nº - Rio Preto",,cação
"EPM ""SÃO DOMINGOS DE ITAUNINHAS""",Espírito Santo,São Mateus,School,Rodovia São Mateus X Boa Esperança,,cação
"EPM ""SÃO JORGE""",Espírito Santo,São Mateus,School,Rodovia São Mateus X Boa Esperança,,cação
"EPM ""SÃO MIGUEL""",Espírito Santo,São Mateus,School,Estrada do Nativo de Barra Nova,,cação
"EPM ""VAVERSA""",Espírito Santo,São Mateus,School,"Rodovia 381, Miguel Curry Carneiro, Km 16",,cação
ÉRICO VERRÍSSIMO,Rio Grande do Sul,Gravataí,School,"Rua Bagé, nº 468 – Pda: 64 – Vila Vera Cruz",,anjo
ERNESTINA PESSOA,Espírito Santo,Vitória,School,"R.Loren Reno, 115 Parque Moscoso 29018-120",,cação
ESC ESPECIAL RYNALDA RODRIGUES DA SILVA,Rio de Janeiro,Maricá,School,RUA: JUIZ OSWALDO LIMA RODRIGUES N. 200 - BAIRRO: CENTRO - CIDADE: MARICÁ/RJ,,cação
ESCOLA AÇU DO CAPIVARA,Bahia,Camaçari,School,"Fazenda Açu do Capivara, S/N, Coqueiro de Arembepe",,cação
ESCOLA ALOÍSIO DE OLIVEIRA,Bahia,Camaçari,School,"Rua Saco, s/n - Monte Gordo",,cação
ESCOLA AMACIDIO RUFINO DOS SANTOS,Pará,Tracuateua,School,"Rua: Estirão, Próximo Rio Caete - Tracuateua",,cação
ESCOLA AMÉLIA RODRIGUES,Bahia,Camaçari,School,R São Bento s/n - Monte Gordo,,cação
ESCOLA ANTONIO ROSA,Pará,Tracuateua,School,"Rua: Vila do Torres, Igreja Católica - Tracuateua",,cação
ESCOLA BÁSICA ACÁCIO GARIBALDI SÃO THIAGO,Santa Catarina,Florianopolis,School,"Rua Altamiro Barcelos Dutra, 1195",,cação
ESCOLA BÁSICA ADOTIVA LIBERATO VALENTIM,Santa Catarina,Florianopolis,School,"Avenida Jorge Lacerda, 1559",,cação
ESCOLA BÁSICA ALBERTINA MADALENA DIAS - NEI VARGEM GRANDE,Santa Catarina,Florianopolis,School,"Rua Cristóvão Machado de Campos, 1537",,cação
ESCOLA BÁSICA ALMIRANTE CARVALHAL,Santa Catarina,Florianopolis,School,"Rua Bento Goiá, 113",,cação
ESCOLA BÁSICA ANÍSIO TEIXEIRA,Santa Catarina,Florianopolis,School,"Rua João Câncio Jacques, 1461",,cação
ESCOLA BÁSICA ANTÔNIO PASCHOAL APÓSTOLO,Santa Catarina,Florianopolis,School,"Rodovia João Gualberto Soares, 6809",,cação
ESCOLA BÁSICA BATISTA PEREIRA,Santa Catarina,Florianopolis,School,"Rodovia Baldicero Filomeno, 3000",,cação
ESCOLA BÁSICA BEATRIZ DE SOUZA BRITO,Santa Catarina,Florianopolis,School,"Rua Deputado AntonioEdú Vieira, 600",,cação
ESCOLA BÁSICA BRIGADEIRO EDUARDO GOMES,Santa Catarina,Florianopolis,School,"Avenida Pequeno Príncipe, 2939",,cação
ESCOLA BÁSICA DILMA LÚCIA DOS SANTOS,Santa Catarina,Florianopolis,School,"Rodovia SC 406, 6050",,cação
ESCOLA BÁSICA DONÍCIA MARIA DA COSTA,Santa Catarina,Florianopolis,School,"Rodovia Virgílio Várzea, s/n",,cação
ESCOLA BÁSICA GENTIL MATHIAS DA SILVA,Santa Catarina,Florianopolis,School,"Rua Dom João Becker, 988",,cação
ESCOLA BÁSICA HENRIQUE VERAS,Santa Catarina,Florianopolis,School,"Rua João Pacheco da Costa, 249",,cação
ESCOLA BÁSICA INTENDENTE ARICOMEDES DA SILVA,Santa Catarina,Florianopolis,School,"Rodovia Leonel Pereira, 930",,cação
ESCOLA BÁSICA JOÃO ALFREDO ROHR,Santa Catarina,Florianopolis,School,"Rua João Pio Duarte Silva, 1123",,cação
ESCOLA BÁSICA JOÃO GONÇALVES PINHEIRO,Santa Catarina,Florianopolis,School,"Rua: Sílvio Lopes Araújo, s/n",,cação
ESCOLA BÁSICA JOSÉ AMARO CORDEIRO - NEI MORRO DAS PEDRAS,Santa Catarina,Florianopolis,School,"Rodovia Francisco Thomaz dos Santos, 1691",,cação
ESCOLA BÁSICA JOSÉ DO VALLE PEREIRA,Santa Catarina,Florianopolis,School,"Rodovia João Paulo, 1268",,cação
ESCOLA BÁSICA LUIZ CÂNDIDO DA LUZ,Santa Catarina,Florianopolis,School,"Rodovia SC 403, Km 3",,cação
ESCOLA BÁSICA MANCIO COSTA,Santa Catarina,Florianopolis,School,"Rua Intendente Antonio Damasco, 3131",,cação
ESCOLA BÁSICA MARIA CONCEIÇÃO NUNES,Santa Catarina,Florianopolis,School,Rua Luiz Duarte Soares,,cação
ESCOLA BÁSICA MARIA TOMÁZIA COELHO,Santa Catarina,Florianopolis,School,"Rua Vereador Onildo Lemos, 1409",,cação
ESCOLA BÁSICA OSMAR CUNHA,Santa Catarina,Florianopolis,School,"Rodovia Tertúliano Brito Xavier, 661",,cação
ESCOLA BÁSICA OSVALDO MACHADO,Santa Catarina,Florianopolis,School,"Rua Luiz Boiteux Piazza, 6542",,cação
ESCOLA BÁSICA PAULO FONTES,Santa Catarina,Florianopolis,School,"Rua Osni Barbatto, 168",,cação
ESCOLA BÁSICA VITOR MIGUEL DE SOUZA,Santa Catarina,Florianopolis,School,"Rua Vitor Miguel de Souza, 186",,cação
ESCOLA BENEDITO DE OLIVEIRA REIS,Pará,Tracuateua,School,"Rua: Vila do Carana, Próximo A Igreja / Zona Rural, Tracuateua",,cação
ESCOLA BENJAMIN RAMOS,Pará,Tracuateua,School,"Rua: Flexeira, Campos de Cima / Zona Rural, Tracuateua",,cação
ESCOLA BENTO SARAIVA DA SILVA,Pará,Tracuateua,School,"Rua: Piquia, Vila Fatima - Zona Rural, Tracuateua",,cação
ESCOLA BOA ESPERANÇA,Bahia,Camaçari,School,R. Boa Esperança s/n - Monte Gordo,,cação
ESCOLA CÂNDIDO ADOLFO DA ROSA,Pará,Tracuateua,School,"Rua: Quatro Bocas, Est Santa Tereza - Zona Rural, Tracuateua",,cação
ESCOLA CATU DE ABRANTES,Bahia,Camaçari,School,Lot. Curva do Rio s/n - Catu de Abrantes,,cação
ESCOLA CEL PINHEIRO JUNIOR,Pará,Tracuateua,School,"Rua: Avenida Mario Nogueira N 326, 326/ Centro, Tracuateua",,cação
ESCOLA CLUBE DE MÃES,Bahia,Camaçari,School,R Tabuleiro da Baiana - Lama Preta,,cação
ESCOLA COLÔNIA MONTENEGRO,Bahia,Camaçari,School,Lot. Colonia de Féruas Montenegro km 14,,cação
ESCOLA COMUNITÁRIA SEMEANDO O FUTURO ( JESF),Rio de Janeiro,São Gonçalo,School,"R. Mario Tinoco,90",,cação
ESCOLA COQUEIRO DE AREMBEPE,Bahia,Camaçari,School,R. Coqueiro de Arembepe s/n Arembepe,,cação
ESCOLA CORONEL PINHEIRO JUNIOR,Pará,Tracuateua,School,"Rua: Avenida Mario Nogueira, 326, Restaurante D Romana - Centro, Tracuateua",,cação
ESCOLA COSME DE FARIAS,Bahia,Camaçari,School,R. da Begonia - PHOC I,,cação
ESCOLA COSMO MOREIRA DE SOUSA,Pará,Tracuateua,School,"Rua: Tracuateuazinho, Próximo Igreja Católica -Tracuateua",,cação
ESCOLA DAS COMUNIDADES SANTO ANTONIO,Rio de Janeiro,Petrópolis,School,RUA CORONEL ALBINO SIQUEIRA . 197,,cação
ESCOLA DE EDUCAÇÃO BÁSICA EDUCAR-SE,Rio Grande do Sul,Santa Cruz do Sul,School,"Av. Independência, 2.293",,anjo
ESCOLA DE EDUCAÇÃO ESPECIAL INTERATIVA – APAE,Rio Grande do Sul,Santa Cruz do Sul,School,"Rua Félix Hopp, 53",,anjo
ESCOLA DE ENSINO FUNDAMENTAL GUSTAVO NORDLUND,Rio Grande do Sul,Esteio,School,"Rua Taquara, 765, Vila Olímpica",,"anjo, cação"
ESCOLA DENISE TAVARES,Bahia,Camaçari,School,Av. Radial C - Bomba,,cação
ESCOLA DESDOBRADA COSTA DA LAGOA - NEI COSTA DA LAGOA,Santa Catarina,Florianopolis,School,Estrada Geral Costa da Lagoa,,cação
ESCOLA DESDOBRADA COSTA DE DENTRO - NEI COSTA DE DENTRO,Santa Catarina,Florianopolis,School,"Rua Rosália Paulina Ferreira, 2550",,cação
ESCOLA DESDOBRADA JOÃO FRANCISCO GARCEZ,Santa Catarina,Florianopolis,School,Rua Laurindo Januário da Silveira,,cação
ESCOLA DESDOBRADA JOSÉ JACINTO CARDOSO - NEI SERRINHA,Santa Catarina,Florianopolis,School,"Rua Marcus Aurélio Homem, 132",,cação
ESCOLA DESDOBRADA JURERÊ - NEI JURERÊ,Santa Catarina,Florianopolis,School,"Rua Jurerê Tradicional, 230",,cação
ESCOLA DESDOBRADA LUPÉRCIO BELARMINO DA SILVA,Santa Catarina,Florianopolis,School,"Rodovia Baldicero Filomeno, 16123",,cação
ESCOLA DESDOBRADA MARCOLINO JOSÉ DE LIMA,Santa Catarina,Florianopolis,School,"Rua Isid Dutra, 1200",,cação
ESCOLA DESDOBRADA OSVALDO GALUPO - NEI MORRO DO HORÁCIO,Santa Catarina,Florianopolis,School,"Rua Antônio Carlos Ferreira, 1110",,cação
ESCOLA DESDOBRADA PRAIA DO FORTE - NEI PRAIA DO FORTE,Santa Catarina,Florianopolis,School,"Rua José Cardoso de Oliveira, 3547",,cação
ESCOLA DESDOBRADA RETIRO DA LAGOA - NEI RETIRO DA LAGOA,Santa Catarina,Florianopolis,School,"Rua Acácio Garibaldi Santiago, 210",,cação
ESCOLA DOMESTICA DE NOSSA SENHORA DO,Rio de Janeiro,Petrópolis,School,"AVENIDA ROBERTO SILVEIRA, 150",,cação
ESCOLA DO NATAL,Bahia,Camaçari,School,R do Natal 124 - Bomba,,cação
ESCOLA ECOLÓGICA MARCELINO CHAMPAGNAT,Paraná,Almirante Tamandaré,School,"R. Cinfrônio de Andrade, 200 - Jardim do Norte",,cação
ESCOLA EDIVALDO MACHADO BOAVENTURA,Bahia,Camaçari,School,"Rua Castro Alves, Centro. S/N",,cação
ESCOLA EDOM DO NASCIMENTO PINHEIRO,Pará,Tracuateua,School,"Rua: Rodovia Braganca-Belém, Br-308 - Vila Fatima, Tracuateua",,cação
ESCOLA ELIZA DIAS DE AZEVEDO,Bahia,Camaçari,School,Estrada de Buris - Vila de Abrantes,,cação
ESCOLA EMAÚS,Bahia,Camaçari,School,Monte Gordo,,cação
ESCOLA ENGENHEIRO RAY BACELAR,Bahia,Camaçari,School,Av RADIAL A,,cação
ESCOLA EPIFANIO MELO,Pará,Tracuateua,School,"Rua: Santa Teresa, Próximo Igreja Católica - Zona Rural, Tracuateua",,cação
ESCOLA ESPECIAL FAVO DE MEL,Rio de Janeiro,Rio de Janeiro,School,"Rua Clarimundo de Melo, 847 - Quintino Bocaiúva, Rio de Janeiro - RJ",,cação
ESCOLA ESTADUAL BAIRRO DO PARQUE,Rio Grande do Sul,Esteio,School,"Rua Clarice Lispector, 163, Novo Esteio",,"anjo, cação"
ESCOLA ESTADUAL JARDIM PLANALTO,Rio Grande do Sul,Esteio,School,"Rua Coelho Neto, 100, Jardim Planalto",,"anjo, cação"
ESCOLA ESTADUAL MUNICIPALIZADA GUAXINDIBA,Rio de Janeiro,São Gonçalo,School,"RUA SILVA PORTO, S/Nº",,cação
ESCOLA ESTADUAL MUNICIPALIZADA SALGADO FILHO,Rio de Janeiro,São Gonçalo,School,"RUA LUIZ FERREIRA, S/Nº",,cação
ESCOLA EXPERIMENTAL PROFESSORA MARINA TAVARES CARDOSO,Bahia,Camaçari,School,Rua do Verão - Caminho 55 S/N - Gleba E,,cação
ESCOLA FAMÍLIA AGRÍCOLA DO KM 41,Espírito Santo,São Mateus,School,"Km 41, Nestor Gomes",,cação
ESCOLA FAMÍLIA AGRÍCOLA SANTA CRUZ DO SUL,Rio Grande do Sul,Santa Cruz do Sul,School,"Av. Orlando O. Baumhardt, 4.016",,anjo
ESCOLA FAZENDA CAJAZEIRAS,Bahia,Camaçari,School,Rua São Roque s/n Cajazeiras de Abrantes,,cação
ESCOLA FAZENDA PIABAS,Bahia,Camaçari,School,Fazenda Piabas s/n - Piabas,,cação
ESCOLA FÉLIX JOAQUIM DE MORAES,Bahia,Camaçari,School,R do Canário - Camaçari de Dentro,,cação
ESCOLA FRANCISCO NASCIMENTO,Pará,Tracuateua,School,"Rua: Rua Santa Maria, Próximo Ao Mercado - Santa Maria, Tracuateua",,cação
ESCOLA FRANCISCO SIMAO DOS SANTOS,Pará,Tracuateua,School,"Rua: Ponta Grossa, Campos de Cima - Zona Rural, Tracuateua",,cação
ESCOLA GERMANO VALENTE,Rio de Janeiro,Petrópolis,School,RUA DR. SA EARP . 88,,cação
ESCOLA GUILHERMINA MAIA,Pará,Tracuateua,School,"Rua: Ilha dos Pintos, Ferreira /Tracuateua",,cação
ESCOLA HELENA CELESTINO DE MAGALHÃES,Bahia,Camaçari,School,Av do Canal - Gravatá,,cação
ESCOLA JANDIRA PINHEIRO,Pará,Tracuateua,School,"Rua: Ponta da Areia, Campos de Baixo - Tracuateua",,cação
ESCOLA JOAO DE DEUS DA ROSA REIS,Pará,Tracuateua,School,"Rua: Pedreira da Prefeitura, Próximo A União / Zona Rural, Tracuateua",,cação
ESCOLA JOAO FLORENCIO DE SOUSA,Pará,Tracuateua,School,"Rua: Fundo da Dispensa, Próximo Ao Peri / Zona Rural, Tracuateua",,cação
ESCOLA JOAQUIM ROSA,Pará,Tracuateua,School,"Rua: Mimim Campos de Cima, Prox. Igreja Católica / Zona Rural, Tracuateua",,cação
ESCOLA JOSE CARDOSO DO VALE,Pará,Tracuateua,School,"Rua: Vitoria Campos de Cima, Próximo Hotel Fazenda - Zona Rural, Tracuateua",,cação
ESCOLA JOSE DA SILVEIRA BATISTA,Pará,Tracuateua,School,"Rua: Sessenta - Campos de Cima, Prox. Chapada - Tracuateua",,cação
ESCOLA JOSE DE SOUSA GAMA,Pará,Tracuateua,School,"Rua: Anoera dos Gamas, Campo Futebol / Tracuateua",,cação
ESCOLA JOSÉ MARQUES TEIXEIRA,Bahia,Camaçari,School,Faz. Cachoeira s/n Barra de Pojuca,,cação
ESCOLA JOSE MOREIRA RAMOS,Pará,Tracuateua,School,"Rua: Vila Manoel dos Santos, 200, Igreja Católica - Tracuateua",,cação
ESCOLA JOSE OLEGARIO PINHEIRO,Pará,Tracuateua,School,"Rua: São Mateus, BR 308 / Zona Rural, Tracuateua",,cação
ESCOLA JOSE TITO DE SOUSA,Pará,Tracuateua,School,"Rua: Pinheiro - Campos de Cima, Próximo Nana / Zona Rural, Tracuateua",,cação
ESCOLA JULIA DA SILVEIRA GOMES,Pará,Tracuateua,School,"Rua: Chapada, Campos de Cima Tracuateua",,cação
ESCOLA LAURENTINO EPIFANIO DA COSTA,Pará,Tracuateua,School,"Rua: Santo André, Campos de Cima / Zona Rural, Tracuateua",,cação
ESCOLA LEVINA DE OLIVEIRA REIS,Pará,Tracuateua,School,"Rua: Rua Juscelino Monteiro, Próximo Ao Cras / Nova Esperança, Tracuateua",,cação
ESCOLA LIONSDAS IRMÃS N. S DE FÁTIMA,Rio de Janeiro,São Gonçalo,School,"Trav. Constância Gomes de Araújo,178",,cação
ESCOLA LUDUVINO ANTONIO DE ARAÚJO,Pará,Tracuateua,School,"Rua: Jurussaca, Próximo Campo de Futebol - Zona Rural, Tracuateua",,cação
ESCOLA MACLINA MARIA DA GLÓRIA,Bahia,Camaçari,School,R. Direta do Phoc - Buris de Abrantes,,cação
ESCOLA MANCIO JOAQUIM DE SOUSA,Pará,Tracuateua,School,"Rua: Boa Vista Campo de Cima, Casa da Vivi -Tracuateua",,cação
ESCOLA MANOEL FELICIO DA SILVA,Pará,Tracuateua,School,"Rua: Apicum Campos de Cima, Prox. Flexeira / Tracuateua",,cação
ESCOLA MANOEL GOMES DE AGUIAR,Pará,Tracuateua,School,"Rua: Rio das Pedras, Taocas / Zona Rural, Tracuateua",,cação
ESCOLA MANOEL PEDRO DA SILVA,Pará,Tracuateua,School,Rua: Sem endereço -Tracuateua,,cação
ESCOLA MANOEL SOARES DE FREITAS,Pará,Tracuateua,School,"Rua: Areia Branca, BR 308 - Zona Rural, Tracuateua",,cação
ESCOLA MANOEL TITO DA LUZ,Pará,Tracuateua,School,"Rua: Vila da Mangueira, Próximo Toka da Amizade - Zona Rural, Tracuateua",,cação
ESCOLA MARCAL FELIX DE BRITO,Pará,Tracuateua,School,"Rua: Cajueiro Grande, Próximo Campo de Futebol - Tracuateua",,cação
ESCOLA MARIA DEUZARINA RODRIGUES,Pará,Tracuateua,School,"Rua: Cajueiro do Tatu, Campos de Cima - Zona Rural, Tracuateua",,cação
ESCOLA MARIA FRANCISCA DA CUNHA,Pará,Tracuateua,School,"Rua: Vila dos Cunha, Prox. A Igreja / Tracuateua",,cação
ESCOLA MARILDA FIGUEIREDO NUNES,Pará,Tracuateua,School,Rua: Rod Bragança Belém - Vila Fatima - Tracuateua,,cação
ESCOLA MONSENHOR GENTIL,Rio de Janeiro,Petrópolis,School,RUA MARECHAL FLORIANO PEIXOTO . 0,,cação
ESCOLA MUNICIPAL ALEXANDRE PERUSSI,Paraná,Almirante Tamandaré,School,"Rua Prof°Antonio Rodrigues Dias, S/N - Jd Bonfim - 83506-000",,cação
ESCOLA MUNICIPAL ALMIRANTE TAMANDARÉ,Paraná,Almirante Tamandaré,School,"Rua José Carlos Colodel, 139, Centro -83501-140",,cação
ESCOLA MUNICIPAL ALVARENGA PEIXOTO,Paraná,Almirante Tamandaré,School,"Rua Cel. João Candido de Oliveira, 126, Centro - 83501-010",,cação
ESCOLA MUNICIPAL ALVORADA,Paraná,Almirante Tamandaré,School,"Rua Indaial, 60 - Jd Apucarana - 83505-100",,cação
ESCOLA MUNICIPAL AMELIA ANTUNES RABELLO,Rio de Janeiro,Petrópolis,School,ESTRADA DE TERESÓPOLIS 1 0,,cação
ESCOLA MUNICIPAL AMÉRICO FERREIRA DOS SANTOS,Bahia,Camaçari,School,R. Filogonio de Oliveira s/n Barra de Pojuca,,cação
ESCOLA MUNICIPAL ANA MOHAMMAD,Rio de Janeiro,Petrópolis,School,ESTRADA DO PARAÍSO 701,,cação
ESCOLA MUNICIPAL ÂNGELA MISGA DE OLIVEIRA,Paraná,Almirante Tamandaré,School,"Rua João Goularte, nº70 Jardim Cerejeiras -83504-370",,cação
ESCOLA MUNICIPAL ANGIOLINA TEIXEIRA DE SOUZA,Bahia,Camaçari,School,"Rua Eixo E, 19 - Piaçaveira",,cação
ESCOLA MUNICIPAL ANÍSIO TEIXEIRA,Bahia,Camaçari,School,"R. das Flores, Cam 55 - Gleba E",,cação
ESCOLA MUNICIPAL ANTÔNIO RODRIGUES DIAS,Paraná,Almirante Tamandaré,School,"Rua: Luiz Júlio Falcade, 58 - Jardim NovosHorizontes - 83502-130",YES,cação
ESCOLA MUNICIPAL ARCO ÍRIS,Paraná,Almirante Tamandaré,School,"Rua Piraquara, 500 - Jd. Roma - CAIC 83504-110",,cação
ESCOLA MUNICIPAL ASTROGILDO DE MACEDO,Paraná,Almirante Tamandaré,School,"Rodovia dos Minérios, Km 18 - Rua Valfrido de Paula Cavalheiro, 100 - Mato Dentro -83513-992",,cação
ESCOLA MUNICIPAL BARRA DO JACUIPE,Bahia,Camaçari,School,Rua das Flores S:'N - Barra do Jacuipe,,cação
ESCOLA MUNICIPAL BEATRIZ ZALESKI 0,Rio de Janeiro,Petrópolis,School,ESTRADA UNIÃO INDUSTRIA KM 89,,cação
ESCOLA MUNICIPAL BORTOLO LOVATO,Paraná,Almirante Tamandaré,School,"R: Frederico Domingos Gulin, 70-Tranqueira -83514-150",,cação
ESCOLA MUNICIPAL CLAIR DO ROCIO SANDRI,Paraná,Almirante Tamandaré,School,"Rua Roberto Drescheler, 22 Tanguá",,cação
ESCOLA MUNICIPAL CLARA ANADIR BUSATO,Paraná,Almirante Tamandaré,School,"Rua Nilo Cropolato Matias, 107 Areias -83514-210",,cação
ESCOLA MUNICIPAL CLEUSA MARIA DE CARVALHO MOREIRA,Bahia,Camaçari,School,R São Bento - Camaçari de Dentro,,cação
ESCOLA MUNICIPAL CONCEIÇÃO DE MARIA,Bahia,Camaçari,School,Largo 2 de Julho - Parafuso,,cação
ESCOLA MUNICIPAL CORONEL JOÃO CÂNDIDO DE OLIVEIRA,Paraná,Almirante Tamandaré,School,"Rua Travessa José Ferreira, nº 93 - São Venâncio",,cação
ESCOLA MUNICIPAL DE EDUCAÇÃO INFANTIL,Rio Grande do Sul,Alto Feliz,School,"Rua Roberto Scherer, 396 – Centro, Alto Feliz",YES,anjo
ESCOLA MUNICIPAL DE EDUCAÇÃO INFANTIL DA NOVA VITÓRIA,Bahia,Camaçari,School,Terceira Travessa da Maria Meire — Rua B - Nova Vitória,YES,cação
ESCOLA MUNICIPAL DO GRAVATÁ,Bahia,Camaçari,School,Av. do Canal - Gravatá,,cação
ESCOLA MUNICIPAL DR PAULA BUARQUE,Rio de Janeiro,Petrópolis,School,ESTRADA DE TERESÓPOLIS 0,,cação
ESCOLA MUNICIPAL EURÍPEDES DE SIQUEIRA,Paraná,Almirante Tamandaré,School,"Rua Leonardo Murask, 238 Jd. Paraíso -83512-140",,cação
ESCOLA MUNICIPAL EUSTÁQUIO ALVES SANTANA,Bahia,Camaçari,School,R Bela Vista - Parafuso,,cação
ESCOLA MUNICIPAL FONTE DA CAIXA,Bahia,Camaçari,School,Lot Fonte da Caixa - Q 17,,cação
ESCOLA MUNICIPAL GENERAL HEITOR BORGES,Rio de Janeiro,Petrópolis,School,"RUA CAPITÃO CARLOS AGOSTINI, 0",,cação
ESCOLA MUNICIPAL GILTÔNIA PEREIRA DE SOUZA,Bahia,Camaçari,School,R Parati sin Volta do Robalo - Arembepe,,cação
ESCOLA MUNICIPAL HELENA WITOSLAWSKI,Paraná,Almirante Tamandaré,School,"Rua Justo Manfron, nº2000-Lamenha Pequena",,cação
ESCOLA MUNICIPAL ILAY GARCIA ELLERY,Bahia,Camaçari,School,R. Praça do Comércio - Novo Honzonte,,cação
ESCOLA MUNICIPALIZADA BARRA DE ZACARIAS,Rio de Janeiro,Maricá,School,RUA: JERONIMO MARCOS MONTEIRO QD: 0 LT:19 - BAIRRO: ZACARIAS - MARICÁ/RJ - CEP: 24.915-420,,cação
ESCOLA MUNICIPALIZADA DE INOÃ,Rio de Janeiro,Maricá,School,"ROD: ERNANI DO AMARAL PEIXOTO KM: 17,5 BAIRRO: INOÃ CIDADE: MARICÁ/RJ - CEP: 24.941-525",,cação
ESCOLA MUNICIPALIZADA FREI ANICETO,Rio de Janeiro,Petrópolis,School,"RUA MOSELA, 1445",,cação
ESCOLA MUNICIPALIZADA MINISTRO LUIS SPARANO,Rio de Janeiro,Maricá,School,RUA: ROD AMARAL PEIXOTO KM: 13 - PRAÇA JULIO BEZERRA S/N - BAIRRO: SPAR/INOÃ -CIDADE: MARICÁ/RJ - CEP: 24944-268,,cação
ESCOLA MUNICIPALIZADA MOYSES FURTADO,Rio de Janeiro,Petrópolis,School,PRAÇA FLAVIO CASTRIOTO I 0,,cação
ESCOLA MUNICIPALIZADA PINDOBAS,Rio de Janeiro,Maricá,School,RUA PINDOBAS N. 1 BAIRRO : PINDOBAS -CIDADE: MARICÁ/RJ,,cação
ESCOLA MUNICIPALIZADA SANTA TEREZINHA,Rio de Janeiro,Petrópolis,School,RUA C. 0,,cação
ESCOLA MUNICIPAL JARDIM GRAZIELA,Paraná,Almirante Tamandaré,School,"Rua Austria, S/N - Jd. Graziela",,cação
ESCOLA MUNICIPAL JARDIM IPÊ,Paraná,Almirante Tamandaré,School,"Rua José Francisco Glodzinski, 37-Vila Feliz -83505-000",,cação
ESCOLA MUNICIPAL JARDIM ROMA,Paraná,Almirante Tamandaré,School,"Rua Campo Largo, 1031 – Jd. Roma",,cação
ESCOLA MUNICIPAL JARDIM SANTO ANTÔNIO,Bahia,Camaçari,School,Lot. Santo Antônio - Santo Antonio,,cação
ESCOLA MUNICIPAL JARDIM TAIZA,Paraná,Almirante Tamandaré,School,"Rua Maringá, 100 - Jd. Taiza",,cação
ESCOLA MUNICIPAL JOANA ANGÉLICA,Bahia,Camaçari,School,R. Irecê - Mangueiral,,cação
ESCOLA MUNICIPAL JOÃO BATISTA DE SIQUEIRA,Paraná,Almirante Tamandaré,School,"Rua Pedro Teixeira Alves, 1799, Mato Dentro",,cação
ESCOLA MUNICIPAL JOÃO MERTINS SOBRINHO,Rio Grande do Sul,Alto Feliz,School,s/nº - Arroio Alegre,,anjo
ESCOLA MUNICIPAL JOSÉ ANTONIACOMI,Paraná,Almirante Tamandaré,School,"Rua Carlos Manfrom, 85 - Tranqueira - 83514-380",,cação
ESCOLA MUNICIPAL LOURENÇO ANGELO BUSATO,Paraná,Almirante Tamandaré,School,"Rua São Bento, 50, Jd. Monte Santo -83501-360",,cação
ESCOLA MUNICIPAL LUÍS PEREIRA COSTA,Bahia,Camaçari,School,Trav. N. Sra do Carmo - 2 de Julho,,cação
ESCOLA MUNICIPAL LUIZ EDUARDO CUMIN,Paraná,Almirante Tamandaré,School,"Rua Antônio Oliveira Cruz, 82, São João Batista",,cação
ESCOLA MUNICIPAL MAGDALENA TAGLIAFERRO,Rio de Janeiro,Petrópolis,School,"CAPITÃO JOÃO AMANCIO DE S.COUTINHO, 0",,cação
ESCOLA MUNICIPAL MANOEL MERCÊS,Bahia,Camaçari,School,"Av. Radial B, 30 - Centro",,cação
ESCOLA MUNICIPAL MARCUS IVO BONA,Bahia,Camaçari,School,Condomínio Busca Vida L27 - Catu Abrantes,,cação
ESCOLA MUNICIPAL MARIA CAVASSIM MANFRON,Paraná,Almirante Tamandaré,School,"Rua: Antenor Manfron, nº 372 - Capivara dos Manfron",,cação
ESCOLA MUNICIPAL MARIA JOSÉ DE MATTOS DA CONCEIÇÃO,Bahia,Camaçari,School,R. Alto da Bela Vista 44 Bomba,,cação
ESCOLA MUNICIPAL MIRTA NAVES PROSDÓCIMO,Paraná,Almirante Tamandaré,School,Rua Doutor Plácido Gome. 105 Vila Rica -83507-050,,cação
ESCOLA MUNICIPAL NEUZA MENEZES BARRETO,Bahia,Camaçari,School,Av. Radial C - Parque Satélite,,cação
ESCOLA MUNICIPAL ODETTE YOUNG MONTEIRO,Rio de Janeiro,Petrópolis,School,ALEXANDRE ALVES ANTUNES 133,,cação
ESCOLA MUNICIPAL PADRE PAULO MARIA TONUCCI,Bahia,Camaçari,School,R. Araraquara - Novo Horizonte,,cação
ESCOLA MUNICIPAL PARQUE VERDE,Bahia,Camaçari,School,Cond. Rio da Prata - Parque Verde,,cação
ESCOLA MUNICIPAL PE. JOÃO BATISTA RULAND,Rio Grande do Sul,Alto Feliz,School,"Rua Eugênio Kuhn, 200 – Centro, Alto Feliz",,anjo
ESCOLA MUNICIPAL PROF.ª. ROZA BINI DE OLIVEIRA,Paraná,Almirante Tamandaré,School,"Rua Piraquara, 500 - Jd. Roma - CAIC 83504-110",,cação
ESCOLA MUNICIPAL PROF.ª ROSILDA APARECIDA KOWALSKI,Paraná,Almirante Tamandaré,School,"Avenida Emilio Johnson, 1172 Centro",,cação
ESCOLA MUNICIPAL PROF. LAURITA SOUZA RIBEIRO,Bahia,Camaçari,School,Av. Radial A 178 - DERBA,,cação
ESCOLA MUNICIPAL PROF. LÍDIA COELHO PINTO,Bahia,Camaçari,School,Rua Guilherme Machado S/N - Arembepe,,cação
ESCOLA MUNICIPAL PROF. MARCELINA BISPO DA SILVA,Bahia,Camaçari,School,R. Direta de Itaipu - M. Gordo.,,cação
ESCOLA MUNICIPAL PROF.º IGNÁCIO LIPSKI,Paraná,Almirante Tamandaré,School,"Rua dos Pinheiros, 100, esquina com Av. Wadislau Bugauski",,cação
ESCOLA MUNICIPAL PROFESSORA EDELZUITA BARRETO BAHIA,Bahia,Camaçari,School,R Campo Formoso - PHOC II,,cação
ESCOLA MUNICIPAL PROFESSOR JOSÉ ALAN RIBEIRO PAZ,Bahia,Camaçari,School,R. Abaré - Gleba C,,cação
ESCOLA MUNICIPAL ROBERT KENNEDY,Rio de Janeiro,Petrópolis,School,"RUA CRISTOVAO COLOMBO, 783",,cação
ESCOLA MUNICIPAL RURAL BOA UNIÃO,Bahia,Camaçari,School,Colônia Boa União S/N - Catu Abrantes,,cação
ESCOLA MUNICIPAL RURAL DO JORDÃO,Bahia,Camaçari,School,Rua Sto Antônio S/N - Jordão,,cação
ESCOLA MUNICIPAL RURAL JOÃO JOHNSON,Paraná,Almirante Tamandaré,School,"Estrada Principal da Capivara (Francisco de Lara Vaz, s/nº), Capivara dos Manfron",,cação
ESCOLA MUNICIPAL SALVADOR KLING,Rio de Janeiro,Petrópolis,School,"RUA MOSELA, 995",,cação
ESCOLA MUNICIPAL SANTA MARIA,Bahia,Camaçari,School,R das Conchinhas - Santa Maria,,cação
ESCOLA MUNICIPAL SÃO FRANCISCO,Paraná,Almirante Tamandaré,School,Rua José Real Prado nº1573 São Francisco -83501-470,,cação
ESCOLA MUNICIPAL SÃO JORGE,Paraná,Almirante Tamandaré,School,"Av: São José, 724 - Parque São Jorge - 83503-170",,cação
ESCOLA MUNICIPAL SÃO JOSÉ,Bahia,Camaçari,School,Faz São José - Lodo,,cação
ESCOLA MUNICIPAL SÃO THOMAZ DE CANTUÁRIA,Bahia,Camaçari,School,R. Ponciano de Oliveira - 27,,cação
ESCOLA MUNICIPAL SENADOR MARIO MARTINS,Rio de Janeiro,Petrópolis,School,RUA FLAVIO CAVALCANTI . 0,,cação
ESCOLA MUNICIPAL SERZEDELO DE SIQUEIRA,Paraná,Almirante Tamandaré,School,Estrada Principal do Pacotuba- Pacotuba,,cação
ESCOLA MUNICIPAL SONIA REGINA DE SOUZA,Bahia,Camaçari,School,R da Flecha - PHOC III,,cação
ESCOLA MUNICIPAL SUCUPIRA,Bahia,Camaçari,School,Rua Direta de Sucupira S/N - Zona Rural de Abrantes,,cação
ESCOLA MUNICIPAL TAQUARIL,Rio de Janeiro,Petrópolis,School,RUA MANOEL BATISTA ANDRADE . 0,,cação
ESCOLA MUNICIPAL VÁRZEA DE SANTO ANTÔNIO AMBIENTAL,Bahia,Camaçari,School,Várzea de Santo Antônio — Estrada da Tiririca s/n —- Barra de Pojuca,,cação
ESCOLA MUNICIPAL VEREADOR ATÍLIO BINI,Paraná,Almirante Tamandaré,School,"Rua Jaci Ramos Bini, 80 - Vila Grecia -83502-490",,cação
ESCOLA MUNICIPAL VEREADOR VICENTE KOCHANY,Paraná,Almirante Tamandaré,School,"Av. Wadislau Bugauski, 4230- Lamenha Grande - 83507-270",,cação
ESCOLA MUNICIPAL VIRGINIA REIS TUDE,Bahia,Camaçari,School,R. Petrolina - Verde Horizonte,,cação
ESCOLA NORMAL DE CAMAÇARI,Bahia,Camaçari,School,R. Ponciano de Oliveira - Centro,,cação
ESCOLA NOSSA SENHORA DE FATIMA,Rio de Janeiro,Petrópolis,School,"RODOVIA BR040 KM66 , 0",,cação
ESCOLA NOSSA SENHORA SANTANA,Bahia,Camaçari,School,Rua Direta de Cordoaria S/N - Cordorina - Abrantes,,cação
ESCOLA ODILON HOLANDA PONTES,Pará,Tracuateua,School,"Rua: Vila Socorro, Próximo Ao PSF II - Tracuateua",,cação
ESCOLA PADRE RENATO CANARELLIA,Pará,Tracuateua,School,"Rua: Avenida Bragança, Prox. Radisco - Centro, Tracuateua",,cação
ESCOLA PAROQUIAL BOM JESUS,Rio de Janeiro,Petrópolis,School,RUA DR. THOUZET . 820,,cação
ESCOLA PAROQUIAL CARLOS DEMIA,Rio de Janeiro,Petrópolis,School,RUA FERNANDES VIEIRA 110,,cação
ESCOLA PAROQUIAL DA ALCOBACA,Rio de Janeiro,Petrópolis,School,LUIZ SALOMÃO VIANA . 128,,cação
ESCOLA PAROQUIAL NOSSA SENHORA DAS GRACAS,Rio de Janeiro,Petrópolis,School,RUA PROFESSOR JOÃO DE DEUS 345,,cação
ESCOLA PAROQUIAL NOSSA SENHORA DO CARMO,Rio de Janeiro,Petrópolis,School,RUA ATÍLIO MAROTTI 570,,cação
ESCOLA PAROQUIAL SANTA BERNADETE,Rio de Janeiro,Petrópolis,School,RUA BERNARDO COUTINHO . 0,,cação
ESCOLA PAROQUIAL SAO FRANCISCO DE ASSIS,Rio de Janeiro,Petrópolis,School,"RUA MARCOLINO SIMÕES FERREIRA , 254",,cação
ESCOLA PAROQUIAL SAO PEDRO DE ALCANTARA,Rio de Janeiro,Petrópolis,School,RUA IPIRANGA 182,,cação
ESCOLA PAROQUIAL SAO PIO X,Rio de Janeiro,Petrópolis,School,"RUA LUIS IMBROISI , 0",,cação
ESCOLA PARQUE FLORESTAL,Bahia,Camaçari,School,R São Caetano - Parque Florestal,,cação
ESCOLA PEDRO JOSE DO NASCIMENTO,Pará,Tracuateua,School,"Rua: Peri - Campos de Cima, Campo de Futebol - Zona Rural, Tracuateua",,cação
ESCOLA PEDRO LEANDRO DA CUNHA,Pará,Tracuateua,School,Rua: Pimenta - Tracuateua,,cação
ESCOLA PROF. RAIMUNDA JOANA DA SILVA,Pará,Tracuateua,School,"Rua: Cajueirinho, Parada Bom Jesus - Tracuateua",,cação
ESCOLA PROFESSORA MARIA DAS DORES,Pará,Tracuateua,School,"Rua: Nana, Campos de Cima / Tracuateua",,cação
ESCOLA PROFESSORA MARIA LUCIMAR DE CASTRO CASTELO BRANCO,Pará,Tracuateua,School,"Rua: Cocai, Próximo ao campo Futebol - Tracuateua",,cação
ESCOLA PROFESSOR ELIAS FERES GORAYEB,Pará,Tracuateua,School,"Rua: Avenida São Sebastiao, 143, Próximo Igreja Católica, Centro, Tracuateua",,cação
ESCOLA PROFESSOR LUIS ROGÉRIO DE SOUZA,Bahia,Camaçari,School,R. Abaré - Gleba C,,cação
ESCOLA RAIMUNDO ACILIODORO DA COSTA,Pará,Tracuateua,School,"Rua: Flexal, Campos de Cima / Zona Rural, Tracuateua",,cação
ESCOLA RAIMUNDO CORPES DE MOURA,Pará,Tracuateua,School,"Rua: Poranduba, Arraial de São Joao - Tracuateua",,cação
ESCOLA RAIMUNDO COSTA,Pará,Tracuateua,School,"Rua: Icarau, Próximo Mimim - Zona Rural, Tracuateua",,cação
ESCOLA RAIMUNDO GOMES DE LIMA,Pará,Tracuateua,School,"Rua: Cariperana, Prox. Chapada - Zona Rural, Tracuateua",,cação
ESCOLA RAIMUNDO OLÍMPIO DE MORAES,Pará,Tracuateua,School,"Rua: Curral do Meio, Igreja Católica / Zona Rural, Tracuateua",,cação
ESCOLA RAIMUNDO PINHEIRO DE MELO,Pará,Tracuateua,School,"Rua: Rua Raimundo Vieira, 163, Esquina Rua Manoel Sena - Agua Fria, Tracuateua",,cação
ESCOLA RESALINA COSTA DE PAULA,Bahia,Camaçari,School,Fazenda Maracaiuba S/N - Vila de Abrantes,,cação
ESCOLA ROSILDA RAMOS,Pará,Tracuateua,School,"Rua: Praia de Quatipuru Mirim, Comercio do Gavião - Tracuateua",,cação
ESCOLA SABINO PEREIRA LIMA FILHO,Pará,Tracuateua,School,"Rua: Fazenda Santa, Próximo Ilha Serrada - Zona Rural, Tracuateua",,cação
ESCOLA SANTA LUZIA,Bahia,Camaçari,School,"Fazenda Tiririca sn, Camaçari - BA, 42825-000, Brazil",,cação
ESCOLA SANTA MARIA,Pará,Tracuateua,School,"Rua: Cajueiro Boa Esperança, Campo de Futebol - Tracuateua",,cação
ESCOLA SANTA MARIA GORETTI,Rio de Janeiro,Petrópolis,School,RUA DR. PAULO HERVE 1539,,cação
ESCOLA SANTA RITA DE CASSIA,Rio de Janeiro,Petrópolis,School,"RUA CORONEL DUARTE DA SILVEIRA , 940",,cação
ESCOLA SANTO ANTONIO,Bahia,Camaçari,School,Rua da praça S/N - Machadinho,,cação
ESCOLA SANTO ANTONIO - CUIABA,Rio de Janeiro,Petrópolis,School,ESTRADA MINISTRO SALGADO FILHO . 0,,cação
ESCOLA SAO CRISTOVAO,Rio de Janeiro,Petrópolis,School,PRAÇA PASTEUR 79,,cação
ESCOLA SAO GERALDO,Rio de Janeiro,Petrópolis,School,ESTRADA DIVINO ESPIRITO SANTO 740,,cação
ESCOLA SAO JOAO BATISTA,Rio de Janeiro,Petrópolis,School,RUA LUIZ WINTER 0,,cação
ESCOLA SAO JUDAS TADEU,Rio de Janeiro,Petrópolis,School,"RUA MOSELA , 1445",,cação
ESCOLA SÃO SALVADOR,Bahia,Camaçari,School,Rua Direta do Coqueiro S/N — Monte Gordo,,cação
ESCOLA SÁTIRO BIBIANO DA SILVA,Pará,Tracuateua,School,"Rua: Flexeira, Campos de Cima / Tracuateua",,cação
ESCOLA SEBASTIAO RODRIGUES DA SILVA,Pará,Tracuateua,School,"Rua: Tracua, Próximo Campo de Futebol - Tracuateua",,cação
ESCOLA SÍLVIO PEREIRA FRANCO,Bahia,Camaçari,School,"V. Simara Ellery, 07, Catu de Abrantes",,cação
ESCOLA SOCIAL IR. HENRI (MARISTA),Paraná,Fazenda Rio Grande,School,R; Japim Esquina com a RUA JURUVIARIA,,cação
ESCOLA TERRA MAIOR,Bahia,Camaçari,School,Rua Direta de Terra Maior S/N - Abrantes,,cação
ESCOLA THOMAZ CAMILO,Bahia,Camaçari,School,R. da Mangueira - Areias,,cação
ESCOLA VALDEMAR PINHEIRO DA SILVA,Pará,Tracuateua,School,"Rua: Rua Principal, 409, BR 308 - Vila Fatima. Tracuateua",,cação
ESCOLA VALDEMAR SOARES DA SILVA,Pará,Tracuateua,School,"Rua: Estrada do Almoço Cajueiro Boa Esperança, Zona Rural, Tracuateua",,cação
ESCOLA VITAL JOAQUIM DE SOUSA,Pará,Tracuateua,School,"Rua: itabocal, Estrada do Cajueiro - Tracuateua",,cação
ESCOLA ZULMIRA PINTO GUEDES,Pará,Tracuateua,School,"Rua: Rua Principal, Próximo Igreja Católica - Vila dos Neves, Tracuateua",,cação
ESCOLA ZUMBI DOS PALMARES,Bahia,Camaçari,School,Parque Real Serra Verde,,cação
ESC PAROQUIAL DO LOTEAMENTO SAMAMBAIA,Rio de Janeiro,Petrópolis,School,"JOÃO AUGUSTO DE OLIVEIRA FILHO , 28",,cação
ESC PAROQUIAL N SENHORA DA GLORIA,Rio de Janeiro,Petrópolis,School,RUA AUGUSTO SEVERO 0,,cação
ESC SAO FRANCISCO DE ASSIS,Rio de Janeiro,Petrópolis,School,JOÃO XAVIER 0,,cação
ESC SAO JOSE DO CAETITU,Rio de Janeiro,Petrópolis,School,ESTRADA DO CAETITU . 1036,,cação
ESC STA LUIZA DE MARILLAC,Rio de Janeiro,Petrópolis,School,RUA DO IMPERADOR 689,,cação
ESPAÇO DA CRIANÇA,Santa Catarina,Joinville,School,"R.:Adolpho W.Jr. c/ Álvaro Maia, 327",YES,cação
ESPAÇO ENCANTADO,Santa Catarina,Joinville,School,"Av.: Procópio Gomes, 749",,cação
ESPERANÇA,Santa Catarina,Joinville,School,"R.: Vicente Celestino, 240",,cação
ESPERANÇA CORDEIRO,Rio Grande do Sul,Porto Alegre,School,"R. Júlio Stregue, 55",YES,anjo
ESPINHEIROS,Santa Catarina,Joinville,School,"R.: Agostinho dos Santos, 568 - CAIC Esp.",,cação
Escola Superior de Polícia Militar,Rio de Janeiro,Niterói,Military,"Av Feliciano Sodré, s/nº	Niterói",,cação
ESTRADA PALMEIRAS(E.M.)EXT. HERMANN MULLER,Santa Catarina,Joinville,School,"Estr. Palmeiras, 1.7",,cação
ESTRELA MÁGICA,Rio Grande do Sul,Porto Alegre,School,"Estr. João de Oliveira Remião, 6056 Lomba do Pinheiro",YES,anjo
ESTRELINHA BRILHANTE,Santa Catarina,Joinville,School,"R.:Santa Isabel, 152",,cação
ESTRELINHA DO AMANHÃ,Rio Grande do Sul,Porto Alegre,School,"R. Donário Braga, 159",YES,anjo
ESTRELINHA DO CÉU,Rio Grande do Sul,Porto Alegre,School,"R. Ulisses A. Brandão, 205",YES,anjo
ETE ADOLPHO BLOCH,Rio de Janeiro,Rio de Janeiro,School,"Av. Bartolomeu de Gusmão, n.º 850 - São Cristóvão",,cação
ETE AGRÍCOLA ANTÔNIO SARLO,Rio de Janeiro,Campos dos Goytacazes,School,"Rua Wilson Batista, s/n.° - Parque Aldeia",,cação
ETE BACAXÁ,Rio de Janeiro,Saquarema,School,"Rua Capitão Nunes, s/n.º - Saquarema",,cação
ETE BENEDITO STORANI,São Paulo,Jundiaí,School,"Av.Antonio Pincinato, 4355",,cação
ETEC- DARCY PEREIRA,São Paulo,Itapetininga,School,"Av. Moisés Nalesso, 2888",,cação
ETEC- EDSON GALVÃO (ESCOLA AGRÍCOLA),São Paulo,Itapetininga,School,"Av. Rodovia Gladys B. Minhoto, Km 11",,cação
ETE FERREIRA VIANA,Rio de Janeiro,Rio de Janeiro,School,"Rua General Canabarro, n.º 291 - Maracanã",,cação
ETE IMBARIÊ,Rio de Janeiro,Duque de Caxias,School,"Rua Almirante Cochrane, s/n.º - Imbariê/ Duque de Caxias - RJ",,cação
ETE JOÃO BARCELOS MARTINS,Rio de Janeiro,Campos dos Goytacazes,School,"Avenida Alberto Lamego, n.º 712 - Horto Campos",,cação
ETE JOÃO LUIZ DO NASCIMENTO,Rio de Janeiro,Nova Iguaçu,School,"Rua Luiz de Lima, n.º 272 - Centro de Nova Iguaçu - RJ",,cação
ETE JUSCELINO KUBITSCHEK,Rio de Janeiro,Rio de Janeiro,School,"Rua Jornalista Antonio Freitas, n.º 75 - Jardim América",,cação
ETELVINA SANTANA DA FONSECA,Rio de Janeiro,Cabo Frio,School,"Rua do Moinho, s/nº - Peró",,cação
ETE REPÚBLICA,Rio de Janeiro,Rio de Janeiro,School,"Rua Clarimundo de Melo, 847 - Quintino",,cação
ETE VASCO ANTÔNIO VENCHIARUTTI,São Paulo,Jundiaí,School,"Via Anhanguera, Km 53",,cação
ETE VOLTA REDONDA,Rio de Janeiro,Volta Redonda,School,"Rua 1015, s/nº - Santo Agostinho",,cação
EUCLIDES MIRANDA VEREADOR,São Paulo,Sumaré,School,N/A,,cação
EUGÊNIO KLUG,Santa Catarina,Joinville,School,"Estrada Mildau, 835",,cação
"EUM ""ANA GELCA DE MATOS""",Espírito Santo,São Mateus,School,"Rua Principal, S/Nº, Itauninhas",,cação
"EUM ""ANTÔNIO LIMA""",Espírito Santo,São Mateus,School,Córrego Grande,YES,cação
"EUM ""CÓRREGO DE SANTA MARIA""",Espírito Santo,São Mateus,School,"Rodovia São Mateus X Nova Venécia, Km 23",,cação
"EUM ""CÓRREGO DO PIQUI""",Espírito Santo,São Mateus,School,"Rodovia BR 101, Km 83, Paulista",,cação
"EUM ""CÓRREGO SANTA RITA""",Espírito Santo,São Mateus,School,"Rodovia BR 101, Comunidade Santa Rita",,cação
"EUM ""NOSSA SENHORA DE LOURDES""",Espírito Santo,São Mateus,School,"Rodovia BR 101, Córrego da Onça",,cação
"EUM ""SANTA ROSA DE LIMA""",Espírito Santo,São Mateus,School,"Rodovia 381, Miguel Curry Carneiro, Km 35",,cação
"EUM ""SAPUCAIA II""",Espírito Santo,São Mateus,School,Riozinho,,cação
EUM CÓRREGO DEZOITO,Espírito Santo,São Mateus,School,Córrego Dezoito,,cação
EUM SANTO ANJO,Espírito Santo,São Mateus,School,Zona Rural,,cação
EUM UNIÃO,Espírito Santo,São Mateus,School,Zona Rural,,cação
EUM “SÃO JOÃO BOSCO”,Espírito Santo,São Mateus,School,Zona rural,,cação
EUNICE PEREIRA SILVEIRA,Espírito Santo,Vitória,School,"Av Cel José Martins de Figueiredo, 45 Tabuazeiro - 29043-405",,cação
EVALDO KOEHLER,Santa Catarina,Joinville,School,"Estrada Cubatão Raab, 46",,cação
EVALDO SALLES,Rio de Janeiro,Cabo Frio,School,"Rua do Moinho, s/nº - Peró",,cação
EXPERIMENTAL DE VITÓRIA UFES,Espírito Santo,Vitória,School,"Av. Fernando Ferrari, 514 - Goiabeiras (Campus Universitário) - 29075-910",,cação
FADA MADRINHA,Rio Grande do Sul,Gravataí,School,"Rua Lopes Trivão, nº 84 - Morada do Vale II",YES,anjo
FARMÁCIA/ALMOXARIFADO,São Paulo,Bom Jesus dos Perdões,Healthcare,"Rua Barbara Cardoso, n°42, Bom Jesus dos Perdões/SP",,cação
FARROUPILHA,Rio Grande do Sul,Gravataí,School,"RS 30, nº 14250 – Passo da Taquara – Pda. 112",,anjo
FASC - FUNDAÇÃO DE ASSISTÊNCIA SOCIAL E CIDADANIA (SEDE),Rio Grande do Sul,Porto Alegre,Social Services,"Rua Av. Bento Gonçalves, 255 - Azenha - Cep: 90310-000",,anjo
FÁTIMA,Santa Catarina,Joinville,School,"R.: Damásio Mathias de Oliveira, 240",,cação
FAVO DE MEL,Rio Grande do Sul,Gravataí,School,"Rua Antônio Francisco Fonseca, nº 85, Centro",,anjo
FRANCISCA NAZARETH DE SOUZA,Rio de Janeiro,Cabo Frio,School,"Rodovia Amaral Peixoto, Km 118 - Campos Novos",,cação
FRANCISCO FRANCO,Rio de Janeiro,Cabo Frio,School,"Estrada da Agrisa, s/nº - Araçá",,cação
FRANCISCO JOSÉ R. DE OLIVEIRA (CAIC),Santa Catarina,Joinville,School,"R.:Agostinho dos Santos, 568",,cação
FRANCISCO LACERDA DE AGUIAR,Espírito Santo,Vitória,School,"R. Guilherme Bassini, 57 - São Pedro - 29030-015",,cação
FRANCISCO RIEPER (PROFº),Santa Catarina,Joinville,School,"Estrada do Pico, 48 –SC 418 Km14",,cação
FRITZ BENKENDORF,Santa Catarina,Joinville,School,"Estrada Caminho Curto, 1.697",,cação
FUNDACAO BENEFICENTE EVANGÉLICA JESUS DE NAZARÉ,Rio de Janeiro,Duque de Caxias,School,Rua 3. n° 644 área:2 Nova Campinas Duque de Caxias Rj Telefone 3666-1076,YES,cação
FUNDO SOCIAL DE SOLIDARIEDADE,São Paulo,Bom Jesus dos Perdões,Social Services,"Rua Joaquim Rodrigues dos Santos, 268 - Centro - Bom Jesus dos Perdões/SP",,cação
GAADI - Grupo de Apoio à Adoção de Itapetininga,São Paulo,Itapetininga,Social Services,AV: PADRE BRUNETTI VILA RIO BRANCO,,cação
GALPÃO DA MERENDA ESCOLAR,São Paulo,Nazaré Paulista,School,"Rua Helena de Moraes Pinheiro, 310",,cação
GALPÃOZINHO,Rio Grande do Sul,Porto Alegre,School,"Av. Dique, 521",YES,anjo
GASP GRUPO DE ASSIST SOCIAL DO PARAÍSO,Santa Catarina,Joinville,School,"Rua Régulus, 33",,cação
GEISLA DA CRUZ MILITÃO,Espírito Santo,Vitória,School,"Rod. Serafim Derenzi, 5620 - Redenção - 29032-760",,cação
GEORGINA DA TRINDADE FARIA,Espírito Santo,Vitória,School,"Rod. Serafim Derenzi, 4684 - São José - 29031-800",,cação
GERALDO WETZEL (PREF.),Santa Catarina,Joinville,School,"R.: Passo Fundo, 315",,cação
GERMANO LENSCHOW,Santa Catarina,Joinville,School,"Estrada Dª Francisca- Km 21,",,cação
GIL BERNARDES,Espírito Santo,Vila Velha,School,"Rua Itororó, s/n",,cação
GILDA DE ATHAYDE RAMOS,Espírito Santo,Vitória,School,"R. Guilherme Bassini, 305 - São Pedro - 29030-015",,cação
GIOVANI CAVALIERE,Espírito Santo,Vila Velha,School,"Rua Euclides da Cunha, 322",,cação
GIRASSOL,Rio Grande do Sul,Porto Alegre,School,"R. Wolfran Metzeler, 567",YES,anjo
GIRASSOL,Santa Catarina,Joinville,School,"R.: Vice-Prefeito Luiz Carlos Garcia, 1.035",,cação
GOTAS DE AMOR,Rio Grande do Sul,Porto Alegre,School,"Wencesalu Escobar, 3891",YES,anjo
GOV. CRISTIANO DIAS LOPES FILHO,Espírito Santo,Vila Velha,School,Rua Ita s/n,,cação
GOVERNO DO ESTADO CASA CIVIL - MATERIAIS E PATRIMÔNIO,Rio Grande do Sul,Porto Alegre,Other,RUA DUQUE DE CAXIAS 1005 CENTRO HISTORICO PORTO ALEGRE RS,,anjo
GRACIANO NEVES,Espírito Santo,Vila Velha,School,Rua Couto Aguirre s/n,,cação
GRUPO COMUNITÁRIO CORAÇÃO DE MARIA,Rio de Janeiro,São Gonçalo,School,R. Florentino Geovane,,cação
GUILHERME ALMEIDA,Rio Grande do Sul,Gravataí,School,"Rua Itacolomi, nº 336 - Vila Branca",,anjo
GUILHERME SANTOS,Espírito Santo,Vila Velha,School,Rua Bernardo Santos s/n,,cação
HANS DIETER SCHMIDT (DR.),Santa Catarina,Joinville,School,"R.: Carina, 95",,cação
HANS MÜLLER (PASTOR),Santa Catarina,Joinville,School,"R.: Pastor Hans Müller, 102",,cação
Hospital Central da Polícia Militar,Rio de Janeiro,Rio de Janeiro,Healthcare,"Rua Estácio de Sá, nº 20 Estácio",,cação
HÉLIDA FIGUEIREDO MILAGRES,Espírito Santo,Vila Velha,School,"Av.Equador, s/n",,cação
HELOISA ABREU JÚDICE DE MATTOS,Espírito Santo,Vitória,School,"R. Manoel F. Constantino, 400 Bela Vista 29027-482",,cação
HERIBERTO HÜLSE (GOV.),Santa Catarina,Joinville,School,"R.: Conselheiro Lafayette, 225",,cação
HERMANN MÜLLER,Santa Catarina,Joinville,School,"Estrada Palmeira, 4.239",,cação
HERONDINA DA SILVA VIEIRA,Santa Catarina,Joinville,School,"R.: Pedro Castro Breis, 352",,cação
HILDA ANNA KRISCH (ENFERMEIRA),Santa Catarina,Joinville,School,"R.: Selma Dering Bruhns, s/nº",,cação
HONÓRIO SALDO (PROFº),Santa Catarina,Joinville,School,"Estrada Quiriri, 3.467 (APA Quiriri)",,cação
HOSPITAL DE DERMATOLOGIA SANITÁRIA DE PIRAQUARA,Paraná,Piraquara,Healthcare,"Av. Brasília, 1115, Jd. Esmeralda",,cação
HOSPITAL DE PRONTO SOCORRO,Rio Grande do Sul,Porto Alegre,Healthcare,"Largo Teodoro Herzl s/n, Porto Alegre - RS",,anjo
HOSPITAL DO TRABALHADOR,Paraná,Curitiba,Healthcare,"Avenida República Argentina, 4406, Novo Mundo",,cação
HOSPITAL DR. ANÍSIO FIGUEIREDO,Paraná,Londrina,Healthcare,"Rua Odilon Braga, 199, Cj. Sebastião de Melo César",,cação
HOSPITAL EULALINO IGNÁCIO DE ANDRADE,Paraná,Londrina,Healthcare,"Rua das Orquideas, nº 75, Parque Ouro Branco",,cação
HOSPITAL LUIZA BORBA CARNEIRO,Paraná,Tibagi,Healthcare,"Rua Frei Gaudêncio, 417, Centro",,cação
HOSPITAL MUNICIPAL DE NOVO HAMBURGO,Rio Grande do Sul,Novo Hamburgo,Healthcare,"Av. Pedro Adams Filho, 6520 - Centro, Novo Hamburgo - RS",,"anjo, cação"
HOSPITAL OSWALDO CRUZ,Paraná,Curitiba,Healthcare,"Rua Ubaldino Amaral, 545, Alto da Glória",,cação
HOSPITAL REGIONAL INFANTIL DE CAMPO LARGO,Paraná,Campo Largo,Healthcare,"Rua XV de Novembro, 3701, Bom Jesus",,cação
HOSPITAL REGIONAL SÃO SEBASTIÃO DA LAPA,Paraná,Lapa,Healthcare,"Rodovia do Xisto, Km 192, Sanatório",,cação
HOSPITAL REGIONAL WALTER PECOITS (SUDOESTE),Paraná,Francisco Beltrão,Healthcare,"Rodovia Contorno Leste, 200, Bairro Água Branca",,cação
HOSPITAL UNIVERSITÁRIO PEDRO ERNESTO,Rio de Janeiro,Rio de Janeiro,Healthcare,"Blvd. 28 de Setembro, 77 - Vila Isabel, Rio de Janeiro - RJ",,cação
Hospital da Polícia Militar Niterói (HPM/NIT),Rio de Janeiro,Niterói,Healthcare,"Rua Martins Torres, nº 245 Stª ",,cação
HUBERT HÜBENER (VEREADOR),Santa Catarina,Joinville,School,"Estrada Alto Quiriri, 6.771 (APA Quiriri)",,cação
HUMBERTO DE CAMPOS,Rio Grande do Sul,Gravataí,School,"Estrada Henrique Closs, nº 4030 – Santa Tecla",,anjo
IDR - INSTITUTO DE DESENVOLVIMENTO RURAL DO PARANÁ - IAPAR-EMATER,Paraná,Pato Branco,Other,"Rodovia BR 158, - km 5.517 - Bom Retiro - Pato Branco/PR",,cação
"IFE - INSTITUTO FEDERAL - Instituto Federal de Educação, Ciência e Tecnologia de São Paulo, Campus Itapetininga",São Paulo,Itapetininga,School,"Rua Olímpio de Oliveira, 1561 Vila Assem",,cação
ILHA DA JUSSARA,Espírito Santo,Vila Velha,School,"Rua da Saúde, s/n",,cação
INEFI,Rio de Janeiro,Armação dos Búzios,School,Av. José Bento Ribeiro Dantas,,cação
INGÁ BRITA - ABRIGO MUNICIPAL INGÁ BRITA,Rio Grande do Sul,Porto Alegre,Social Services,"Rua A-E, s/nº - Jardim Guanabara",,anjo
INST. PROVIDÊNCIA,Rio Grande do Sul,Porto Alegre,School,"Rua Demétrio Ribeiro, 594",YES,anjo
INST EDUC ESP PROFª LIA R S J DE SANTIS,Santa Catarina,Joinville,School,"Rua José Elias Giuliari, 111",,cação
INSTIT. ED. INFANTIL MENINO JESUS,Rio Grande do Sul,Porto Alegre,School,"R. Mississipi,30",YES,anjo
INSTITUIÇÃO SOCIAL DE AMOR E AMPARO A CRIANÇA - ISAAC,Rio de Janeiro,São Gonçalo,School,"R. Hermes Fontes, 105, Mutondo, SG - RJ",YES,cação
INSTITUTO BAHA’I,Rio Grande do Sul,Gravataí,School,"Rua Santa Ana, nº 198 – Pda: 67 – Vila Branca",,anjo
INSTITUTO BEM QUERER,São Paulo,Sumaré,School,N/A,YES,cação
INSTITUTO CRECHE PIO XII,São Paulo,Sumaré,School,N/A,YES,cação
INSTITUTO GERAÇÃO,São Paulo,Itapetininga,School,"Rua Joaquim Montuno Sobrinho, s/n",,cação
INSTITUTO NOSSO LAR,São Paulo,Itapetininga,School,"R: JOÃO MARCONDES, 81",,cação
INSTITUTO RAIZ DO FUTURO,Rio de Janeiro,São Gonçalo,School,"R Fernando Galiane, Lt15",YES,cação
INSTITUTO SÃO BENEDITO,Rio Grande do Sul,Porto Alegre,School,"R. N. S. de Belém, 119",YES,anjo
INSTITUTO SOCIAL MATHER,Rio de Janeiro,São Gonçalo,School,"R. Alameda Alagoas,171, Qd 49",,cação
INSTITUTO SOCIAL SONIA GOUVEA FARIA,Rio de Janeiro,São Gonçalo,School,R. Tibirica,,cação
INSTITUTO SOCIAL SONIA GOUVEA FARIA - FILIAL,Rio de Janeiro,São Gonçalo,School,"Rua Lino Coutinho, nº 65",,cação
IRACI SCHMIDLIN,Santa Catarina,Joinville,School,"R.: São Francisco do Sul, 235",YES,cação
IRINEU DA FRAGA NEVES,Espírito Santo,Vila Velha,School,"Estrada de Capuaba, s/n",,cação
IRMÃ FELICIANA GARCIA,Espírito Santo,Vila Velha,School,"Rua Eucaliptos, 22",,cação
IRMÃ JACINTA SOARES DE SOUZA LIMA,Espírito Santo,Vitória,School,"R. Maria de Lourdes Garcia, 312 - Ilha de Santa Maria - 29051-250",,cação
ISABEL SILVEIRA MACHADO (PROFª),Santa Catarina,Joinville,School,"R.:Dorothóvio do Nascimento, 4.723",,cação
ISEPAM (ENSINO MÉDIO),Rio de Janeiro,Campos dos Goytacazes,School,"Avenida Alair Ferreira, n.º 37 - Turf Club/ Campos",,cação
ISEPAM - EDUCAÇÃO INFANTIL,Rio de Janeiro,Campos dos Goytacazes,School,"Avenida Alair Ferreira, n.º 37 - Turf Club, Campos dos Goytacazes/RJ",YES,cação
ISERJ 1º SEGMENTO,Rio de Janeiro,Rio de Janeiro,School,"Rua Mariz e Barros, n.º 273 - Praça da Bandeira",,cação
ISERJ 2º SEGMENTO,Rio de Janeiro,Rio de Janeiro,School,"Rua Mariz e Barros, n.º 273 - Praça da Bandeira",,cação
ISERJ CRECHE,Rio de Janeiro,Rio de Janeiro,School,"Rua Mariz e Barros, nº 273, Praça da Bandeira, Rio de Janeiro – RJ",YES,cação
ISERJ EDUCAÇÃO INFANTIL,Rio de Janeiro,Rio de Janeiro,School,"Rua Mariz e Barros, nº 273, Praça da Bandeira, Rio de Janeiro – RJ",YES,cação
ITAUM,Santa Catarina,Joinville,School,"R.: Botafogo, 148",YES,cação
IVANI APARECIDA QUEIROZ PEREZ PROFESSORA,São Paulo,Sumaré,School,N/A,YES,cação
IVAN RODRIGUES,Santa Catarina,Joinville,School,"R.: Xaxim, 32",,cação
IVETE SERAFINI,Rio Grande do Sul,Gravataí,School,Rua Marcírio Silveira de Jesus nº 301 – Pda: 90 – Dona Mercedes,,anjo
IZABEL CORREIA DA SILVA,Espírito Santo,Vila Velha,School,"Rua Pastor Ambrosino Barbosa, s/n",,cação
IZABEL DOS SANTOS MACHADO,Rio de Janeiro,Cabo Frio,School,"Rua França, s/nº - Jardim Caiçara",,cação
IZALTINA ALMEIDA FERNANDES,Espírito Santo,Vila Velha,School,"Av. Castelo Branco, s/n",,cação
IZAURA MARQUES DA SILVA,Espírito Santo,Vitória,School,"Av. Leitão da Silva, 4165 Andorinhas 29045-215",,cação
J.I. CANTINHO AMIGO,Rio Grande do Sul,Porto Alegre,School,"Praça Garibaldi, s/n° Cidade Baixa",YES,anjo
J.I. CIRANDINHA,Rio Grande do Sul,Porto Alegre,School,"Rua 24 de Outubro, 211 Praça Intendente Montauri - Independência",YES,anjo
J.I. GIRAFINHA,Rio Grande do Sul,Porto Alegre,School,"Praça Jaime Telles, 26 Partenon",YES,anjo
J.I.M. TRENZINHO DA ESPERANCA,Rio de Janeiro,Maricá,School,RUA OITO BAIRRO: GUARATIBA - CIDADE: MARICÁ/RJ,YES,cação
J.I. MEU AMIGUINHO,Rio Grande do Sul,Porto Alegre,School,Praça Bartolomeu de Gusmão Farrapos,YES,anjo
J.I. PASSARINHO DOURADO,Rio Grande do Sul,Porto Alegre,School,"Av. Guido Mondin, esq. Ceará Praça São Geraldo",YES,anjo
J.I. PATINHO FEIO,Rio Grande do Sul,Porto Alegre,School,"Av. Brasil, 593 Praça Pinheiro Machado",YES,anjo
J.I. PICA-PAU AMARELO,Rio Grande do Sul,Porto Alegre,School,"Praça General Osório, s/n - Rua Duque de Caxias",YES,anjo
JACY ALVES FRAGA,Espírito Santo,Vitória,School,"R. Herlon Bastos, 32, Tabuazeiro 29043-447",,cação
JACYNTHA FERREIRA DE SOUZA SIMÕES,Espírito Santo,Vitória,School,"R. José Alves, s/n° Goiabeiras 29075-080",,cação
JAIME DE BARROS CÂMARA (DOM),Santa Catarina,Joinville,School,"R.:João Ebert, 836",,cação
JANAINA TELES MARTINS,Rio de Janeiro,Cabo Frio,School,"Rua Nova Friburgo, 7 – Aquariús",,cação
JARDIM CASCATA,Rio Grande do Sul,Porto Alegre,School,"Rua Ocidente, 125",YES,anjo
JARDIM DAS ORQUIDEAS,São Paulo,Sumaré,School,N/A,YES,cação
JARDIM DE INFANCIA MENINO JESUS,Rio de Janeiro,São Gonçalo,School,"AMÉLIA LOUZADA, S/Nº",YES,cação
JARDIM FLORIDO,Rio Grande do Sul,Gravataí,School,"Rua Guarulhos, nº 570 – Pda: 62 – Parque Florido",,anjo
JARDIM GUAIANUBA,Rio Grande do Sul,Gravataí,School,"Rua Otto Alves Pereira, Esquina Abrelino Marcelino Gomes - Jardim Guaianuba",YES,anjo
JARDIM RENASCENÇA,Rio Grande do Sul,Porto Alegre,School,"R. Arroio dos Padres, 130",YES,anjo
JARDIM SOFIA,Santa Catarina,Joinville,School,"R.: Cuba, 85",,cação
JAYME DE BARROS CAMARA DOM,São Paulo,Sumaré,School,N/A,,cação
JENY BONADIA RODRIGUES SANTARROSSA PROFESSORA,São Paulo,Sumaré,School,N/A,YES,cação
JERÔNIMO TIMÓTEO DA FONSECA,Rio Grande do Sul,Gravataí,School,"Rua Orlando Carlos, nº 310- Pda: 70 – Vila Monte Belo",,anjo
JERUSALÉM,Rio Grande do Sul,Porto Alegre,School,"Av. Vitória, 35",YES,anjo
JESUS O BOM PASTOR,Rio Grande do Sul,Porto Alegre,School,"R. Dona Teodora, 160",YES,anjo
JOANA D'ARC,Rio Grande do Sul,Porto Alegre,School,"R. 24 de Agosto, 375 Vila Minuano",YES,anjo
JOÃO BANDEIRA,Espírito Santo,Vitória,School,"R. Dr. Américo de Oliveira, 421 Consolação - 29045-560",,cação
JOÃO BERNARDINO DA SILVEIRA JR. (PROF.),Santa Catarina,Joinville,School,"R.: João Costa Junior, 1.41",,cação
JOÃO BESSA TEIXEIRA,Rio de Janeiro,Cabo Frio,School,"Av. Antônio Feliciano de Almeida, 374 - União",,cação
JOÃO COSTA,Santa Catarina,Joinville,School,"R.: Monsenhor Gercino, 3.9",,cação
JOÃO DE OLIVEIRA,Santa Catarina,Joinville,School,"R.: Agulhas Negras, 1.587",,cação
JOAO FRANCESCHINI,São Paulo,Sumaré,School,N/A,YES,cação
JOÃO MEERHOLZ (PROFº),Santa Catarina,Joinville,School,"Estrada do Sul - KM 18,",,cação
JOÃO PAULO II,Rio Grande do Sul,Gravataí,School,Rua Cunha Neto – s/nº - Pda. 63 – Morada do Vale I,,anjo
JOÃO PAULO II,Rio Grande do Sul,Porto Alegre,School,"R. Frederico Mentz, 118",YES,anjo
JOÃO PEDRO DE AGUIAR,Espírito Santo,Vitória,School,"R Júlia Lacourt Penna, 1010 Jardim Camburi - 29090-210",,cação
JOÃO ROCHA,Rio de Janeiro,Cabo Frio,School,"Rua Francisco Paranhos, 701 - Vila Nova",,cação
JOÃO TRAJANO BANDEIRA CAIXEIRO,Rio de Janeiro,Cabo Frio,School,"Estrada Campos Novos, nº 1150 – Jardim Esperança",,cação
JOAQUIM FÉLIX MOREIRA (PREF.),Santa Catarina,Joinville,School,"R.:Waldomiro Inácio de Carvalho, 333",,cação
JOFFRE FRAGA,Espírito Santo,Vila Velha,School,"Rua Águas Claras, s/n",,cação
JORGE LUIZ VANDERWEGEN,Santa Catarina,Joinville,School,"R.: Abelino Abdon Ferreira, 136",,cação
JOSÉ ANTONIO NAVARRO LINS (DR.),Santa Catarina,Joinville,School,"R.: Imbuia, 55",,cação
JOSÉ ÁUREO MONJARDIM,Espírito Santo,Vitória,School,"Lad. Modesto de Sá Cavalcante, 163 - Fradinhos 29042-560",,cação
JOSÉ BONIFÁCIO FERREIRA NOVELLINO,Rio de Janeiro,Cabo Frio,School,"Rua Amazonas,s/nº- Jardim Peró",,cação
JOSÉ DO PATROCÍNIO,Santa Catarina,Joinville,School,"Estrada Timbé, 8.805",,cação
JOSÉ ELIAS DE QUEIROZ,Espírito Santo,Vila Velha,School,"Av. Carlos Lindenberg, s/n",,cação
JOSÉ FRANCISCO DA SILVEIRA JÚNIOR,Rio de Janeiro,Cabo Frio,School,N/A,,cação
JOSÉ FRANCISCO VIEIRA,Santa Catarina,Joinville,School,"Rua Mafalda Laurindo, s/n",,cação
JOSÉ LEMOS DE MIRANDA,Espírito Santo,Vitória,School,"Rod. Serafim Derenzi, 3286 Comdusa - 29032-060",,cação
JOSÉ MARIANO GARCIA MOTA,Rio Grande do Sul,Gravataí,School,Rua Boqueirão dos Passos – nº 367 – Pda. 73 – Boa Vista,,anjo
JOSE MIRANDA PREFEITO,São Paulo,Sumaré,School,N/A,YES,cação
JOSÉ MOTTA PIRES (PROFº),Santa Catarina,Joinville,School,"R.: Parati, 590",,cação
JOSÉ SILVÉRIO MACHADO,Espírito Santo,Vila Velha,School,"Rua Projetada, s/n",,cação
JOSÉ SIQUEIRA SANTA CLARA,Espírito Santo,Vila Velha,School,"Rua São Mateus, s/n",,cação
JUAREZ MACHADO,Santa Catarina,Joinville,School,"R.: Armazém, 265",,cação
JUIZ JAIRO DE MATTOS PEREIRA,Espírito Santo,Vila Velha,School,"Rua Pastor Ambrosino Barbosa, s/n",,cação
JULIANA DE CARVALHO VIEIRA (AMORABI),Santa Catarina,Joinville,School,"R.: dos Desportitas, s/nº",,cação
JÚLIO MACHADO DA LUZ (PROFº),Santa Catarina,Joinville,School,"R.: Jativoca, 1.8",,cação
JUSCELINO KUBITSCHEC DE OLIVEIRA,Espírito Santo,Vitória,School,"Av. Jerônimo Vervloet, 880 Maria Ortiz 29070-350",,cação
JUSTINA ROSA FACHINI,Santa Catarina,Joinville,School,"R.: Estrada da Lagoinha, s/nº",,cação
JUSTINIANO DE SOUZA,Rio de Janeiro,Cabo Frio,School,"Rua da Paz, s/nº - Maria Joaquina (2º Distrito)",,cação
JUVACY FRECHIANI,Espírito Santo,Vila Velha,School,"Rua César Alcure, s/n",,cação
KARIN BERKEMEYER (PROFª),Santa Catarina,Joinville,School,"R.: Marcio Luckow, 450",,cação
LACY LUIZA DA CRUZ FLORES (PROFª),Santa Catarina,Joinville,School,"R.:Waldomiro José Borges, 3.997",,cação
LADISLAU DE OLIVEIRA NUNES,Rio Grande do Sul,Gravataí,School,"Av. Pres. Getúlio Vargas , nº 560 – Vila Natal",,anjo
LAIR DIAS GAGO PEREIRA,Rio de Janeiro,Cabo Frio,School,"Rua São Paulo, nº 560, Jardim Peró",,cação
LAR CÉLIA TEREZA,São Paulo,Itapetininga,School,"R: CESÁRIO MOTA, 509",,cação
LAR DA CRIANÇA,Rio Grande do Sul,Porto Alegre,School,"R. N. Sra. do Brasil, 83",YES,anjo
LAR DE SÃO JOSÉ,Rio Grande do Sul,Porto Alegre,School,"R. São Manoel, 1909",YES,anjo
LAR DO MENOR MENSAGEIROS DA LUZ,Rio Grande do Sul,Porto Alegre,School,"Trav. Antônio Carneiro Pinto, 185 Bela Vista",YES,anjo
LAURA ANDRADE (PROFª),Santa Catarina,Joinville,School,"R.: Senador Rodrigo Lobo, 1.14",,cação
LAURENTINA MENDONÇA CORRÊA,Espírito Santo,Vitória,School,"R. Prof. Anízia Correia Rocha, 120 Consolação - 29045-480",,cação
LAURO CARNEIRO DE LOYOLA (DEP.),Santa Catarina,Joinville,School,"R.: Francisco Dunzer, 141",,cação
LEAQUIM SCHUINDT,Rio de Janeiro,Cabo Frio,School,"Rua Projetada, nº 03 - Jardim Esperança",,cação
LEILA MARA AVELINO PROFESSORA,São Paulo,Sumaré,School,N/A,YES,cação
LENIR BORLOT,Espírito Santo,Vitória,School,"Rua do Acordo, 100 - São Pedro 29030-180",,cação
LEOMARI GARCIA BARRETO,Rio de Janeiro,Cabo Frio,School,"Rua Nelson Mandela, s/nº - Tangará",,cação
LEONEL DE MOURA BRIZOLA,Espírito Santo,Vila Velha,School,"Av. Capuaba, s/n",,cação
LEONILDA ROSSI BARRIQUELO PROFESSORA,São Paulo,Sumaré,School,N/A,YES,cação
LERINÉA FIGUEIREDO,Rio de Janeiro,Cabo Frio,School,"Rua do Pomar, s/nº - Jacaré",,cação
LIBERDADE ASSISTIDA,Paraná,Fazenda Rio Grande,Social Services,"R: Cambará, 33 - Eucaliptos",,cação
LICEU MUNICIPAL CARLOS CHAGAS FILHO,Rio de Janeiro,Petrópolis,School,RUA BARÃO DO RIO BRANCO . 2053,,cação
LICEU MUN PREFEITO CORDOLINO AMBROSIO,Rio de Janeiro,Petrópolis,School,RUA DR. OSCAR WEINSCHENCK 150,,cação
LICEU SÃO JOSE DE ITAIPAVA,Rio de Janeiro,Petrópolis,School,"ESTRADA UNIÃO INDUSTRIA, 1449",,cação
LÍDIA ROCHA FEITOSA,Espírito Santo,Vitória,School,"R. Afonso Sarlo, 63 Jesus de Nazareth - 29052-010",YES,cação
LÍRIO DO CAMPO,Santa Catarina,Joinville,School,"R.: Fátima, 2.606",YES,cação
LUCELÉA RODRIGUES DA COSTA,Rio de Janeiro,Cabo Frio,School,"Rua da Assembléia, s/nº - Aquárius (2º Distrito)",,cação
LUIS HENRIQUE MARCHI PROFESSOR,São Paulo,Sumaré,School,N/A,YES,cação
LUÍS LINDENBERG,Rio de Janeiro,Cabo Frio,School,"Rua Irmã Josefina da Veiga, 63 - Praia do Siqueira",,cação
LUIZA MARIA DA VEIGA,Santa Catarina,Joinville,School,"R.: Vidal Ramos, 41",,cação
LUIZA PEREIRA MUNIZ CORRÊA,Espírito Santo,Vitória,School,"Av. Dário Lourenço de Souza, 760 Mário Cypreste 29026-080",,cação
LUIZ AUGUSTO AGUIRRE SILVA,Espírito Santo,Vila Velha,School,"Rua Rubem Braga, s/n",,cação
LUIZ CAMPO DALL ORTO SOBRINHO,São Paulo,Sumaré,School,N/A,,cação
LUIZ CARLOS GRECCO,Espírito Santo,Vitória,School,"Ladeira Manoel Mindela, 340 - Ilha de Santa Maria - 29051-085",,cação
LUIZ GOMES (PREF.),Santa Catarina,Joinville,School,"R.: Domingos Abílio Miranda, s/nº",,cação
MACIONÍLIA MAURÍCIO BUENO,Espírito Santo,Vila Velha,School,"Rua Paulo Natal, s/n",,cação
MADRE BRÍGIDA,Rio Grande do Sul,Porto Alegre,School,"Av. Tronco II, 346, acesso 12",YES,anjo
MADRE TERESA,Rio Grande do Sul,Porto Alegre,School,"R. Wolfran Metzeler, 605",YES,anjo
MÃEZINHA DO CÉU,Rio Grande do Sul,Porto Alegre,School,"R. 25 de Outubro, 295",YES,anjo
MÁGICO DE OZ,Rio Grande do Sul,Gravataí,School,"Rua Silveira Fonseca, nº 511 - Caça e Pesca/Parque dos Anjos",YES,anjo
MAGNÓLIA DIAS MIRANDA CUNHA,Espírito Santo,Vitória,School,"R. Felicidade Correia dos Santos, 02 Ilha das Caieiras 29032-240",,cação
MANOEL MENDES DE SOUZA,Rio de Janeiro,Cabo Frio,School,"Av. Adolfo Beranger Junior, 3160 - Jardim Nautilus",,cação
MANUEL ALBALADEJO FERNANDES,São Paulo,Sumaré,School,N/A,YES,cação
MÁRCIA FRANCESCONI PEREIRA,Rio de Janeiro,Cabo Frio,School,"Rua Expedicionários da Pátria, 410 - São Cristóvão",,cação
MARECHAL MASCARENHAS DE MORAES,Espírito Santo,Vitória,School,"Av. Jerônimo Vervloet, 560 - Maria Ortiz 29070-350",,cação
MARECHAL RONDON,Rio Grande do Sul,Gravataí,School,"Rua Igrejinha, nº 195 - Tom Jobim/Marechal Rondon",YES,anjo
MARIA AMÁLIA DOS SANTOS SILVEIRA,Rio de Janeiro,Cabo Frio,School,"Rua do Pomar, 13 - Jacaré",,cação
MARIA CHEILA ALVES PROFESSORA,São Paulo,Sumaré,School,N/A,YES,cação
MARIA CRISTINA,Espírito Santo,Vila Velha,School,"Rua Abizeiro, s/n",,cação
MARIA DA GLÓRIA RAUTA,Espírito Santo,Vila Velha,School,"Rua São José, s/n",,cação
MARIA DARIA SALDANHA,Rio de Janeiro,Cabo Frio,School,"Estrada de Búzios, 100 - Jardim Esperança",,cação
MARIA DE LOURDES MARTINS PROFESSORA,São Paulo,Sumaré,School,N/A,YES,cação
MARIA DE NAZARÉ,Rio Grande do Sul,Porto Alegre,School,"R. ""C"", acesso 2, n°16",YES,anjo
MARIA DOLABELLA PORTELA,Rio Grande do Sul,Porto Alegre,School,"R. Dona Otília, 927",YES,anjo
MARIA ELEONORA DE AZEVEDO,Espírito Santo,Vila Velha,School,"Rua Soldado Roger Bertulano, 95",,cação
MARIA ELISA VEREZA COUTINHO,Espírito Santo,Vila Velha,School,"Rua Walter Giovani Dutra, nº 31",,cação
MARIA EMELINA MASCARENHAS BARCELLOS,Espírito Santo,Vila Velha,School,"Rua Homero Masena,s/n",,cação
MARIA EMILIA DOS SANTOS CASTRO,Rio de Janeiro,Cabo Frio,School,"Rua Dr. Cardoso da Fonseca, s/nº - Monte Alegre",,cação
MARIA GORETTI COUTINHO COSME,Espírito Santo,Vitória,School,"R. Lisandro Nicoletti, 199 - Jucutuquara 29042-500",,cação
MARIA HELENA BELLO DA COSTA,Rio de Janeiro,Cabo Frio,School,"Rua Doze, s/nº - Aquarius",,cação
MARIA IVONE MARTINS ROSA PROFESSORA,São Paulo,Sumaré,School,N/A,YES,cação
MARIA JOSÉ BARROSO,Rio de Janeiro,Cabo Frio,School,"Rua Juscelino Kubitschek, s/nº - Santo Antonio",,cação
MARIA JOSÉ COSTA MORAES,Espírito Santo,Vitória,School,"Rod. Serafim Derenzi, 4600 São José 29031-800",,cação
MARIA LAURA CARDOSO ELEOTÉREO,Santa Catarina,Joinville,School,"R.: Cidade de Barretos, s/nº",,cação
MARIA LEONÍDIA PARENTES FORTES MARTINS PINHEIRO,Rio de Janeiro,Cabo Frio,School,"Rua Bosque dos Cajueiros, s/nº - Reserva do Peró",,cação
MARIA LEONOR PEREIRA DA SILVA,Espírito Santo,Vitória,School,"Av. Desembargador Santos Neves, 91 Santa Lucia 29056-055",,cação
MARIA LUIZA DOS SANTOS VELLOZO,Espírito Santo,Vila Velha,School,"Rua Carlos Larica, s/n",,cação
MARIA MADALENA OLIVEIRA DOMINGUES,Espírito Santo,Vitória,School,"R. Carlos Delgado Guerra Pinto, 450 Jardim Camburi - 29090-040",,cação
MARIA MAGDALENA MAZZOLLI (PROFª),Santa Catarina,Joinville,School,"Estrada da Ilha, 2.066",,cação
MARIA NAZARETH MENEGUELI,Espírito Santo,Vitória,School,"R. Lea, 180 - Santa Martha 29046 685",,cação
MARIANINA DE ROSIS MORAES PROFESSORA,São Paulo,Sumaré,School,N/A,YES,cação
MARIANO COSTA - CAIC (PROFº),Santa Catarina,Joinville,School,"Av.: Alvino Hansen, 1.21",,cação
MARIANTE SOARES PACHECO,Rio Grande do Sul,Gravataí,School,"Estrada dos Minuzzos, nº 2150 – Barro Vermelho – Pda 108",,anjo
MARIA NUNES LIMA,Espírito Santo,Vila Velha,School,"Rua João Pontes, s/n",,cação
MARIA QUITÉRIA DA COSTA RIBEIRO,Rio de Janeiro,Cabo Frio,School,"Rua R, 45 - Unamar (2º Distrito)",,cação
MARIA REGINA LEAL (PROFª),Santa Catarina,Joinville,School,"R.: Arnaldo Davet, 519",,cação
MARIA RITA NEVES MORAES,Espírito Santo,Vila Velha,School,"Av. Gil Veloso, s/n",,cação
MARIA ROSA CAROLINO DOS SANTOS PROFESSORA,São Paulo,Sumaré,School,N/A,YES,cação
MARIA SALVADORA SILVA,Rio de Janeiro,Cabo Frio,School,"Travessa do Suspirpo, s/nº - Maria Joaquina",,cação
MARIA STELLA DE NOVAES,Espírito Santo,Vitória,School,"Rua 8 de Junho, 302 - Grande Vitória 29024-122",,cação
MARIETA ESCOBAR,Espírito Santo,Vitória,School,"R. João Batista Martinho, 85 Santa Martha - 29045-150",,cação
MARILENE DOS PASSOS SANTOS,Santa Catarina,Joinville,School,"R.: das Tulipas, 111 - Prolongamento",,cação
MARILIA DE TEVES MORENO,Rio de Janeiro,Cabo Frio,School,"Rua das Dunas, s/nº - Manoel Corrêa",,cação
MARÍLIA PLAISANT,Rio de Janeiro,Cabo Frio,School,"Rua Dimas Teixeira, s/nº - Jardim Esperança",,cação
MARINA BARCELLOS SILVEIRA,Espírito Santo,Vila Velha,School,"Rua Lima, s/n",,cação
MARINALVA GIMENES COLOSSAL DA CUNHA,São Paulo,Sumaré,School,N/A,YES,cação
MÁRIO AVANCINI,Santa Catarina,Joinville,School,"R.: Tuiuti, 1.01",,cação
MÁRIO CASANOVA,Espírito Santo,Vila Velha,School,"Rua Estevão Wandekoken, s/n",,cação
MARIO QUINTANA,Rio Grande do Sul,Gravataí,School,"Rua Ângelo Corso, nº 151 – Pda 61 – Morada do Vale III",,anjo
MARLENE ORLANDE I SIMONETTI,Espírito Santo,Vitória,School,"Pça. Terezinha Grecchi, s/n°, República 29070-100",,cação
MARLI CAPP,Rio de Janeiro,Cabo Frio,School,"Rua E, 20, Quadra 15 - Unamar (2º Distrito)",,cação
MATERNIDADE MARIO NIAJAR,Rio de Janeiro,São Gonçalo,Healthcare,"Rua Dr. Alfredo Backer, 324, Alcântara, São Gonçalo – RJ",,cação
MATO GROSSO,Rio Grande do Sul,Porto Alegre,School,"R. Otávio de Souza, 1818",YES,anjo
MAURO BRAGA,Espírito Santo,Vitória,School,"R. Guilherme Meyer, 12 Santa Tereza - 29026-753",,cação
MAX COLIN (PREF.),Santa Catarina,Joinville,School,"R.: Pasteur, 1.079",,cação
MEDIANEIRA (CÍRCULO OPERÁRIO),Rio Grande do Sul,Porto Alegre,School,"R. Polonia, 625",YES,anjo
MENINO JESUS,Espírito Santo,Vitória,School,"R. Sete de Setembro, 321 Centro - 29015-000",,cação
MENINO JESUS,Rio Grande do Sul,Porto Alegre,School,"S.R. Paulo Maciel, 89 – COHAB",YES,anjo
MENINO JESUS DE PRAGA,Rio Grande do Sul,Gravataí,School,"Rua Janete Clair, nº 240 - Águas Claras",YES,anjo
MENINO JESUS DE PRAGA - EB,Rio Grande do Sul,Porto Alegre,School,"R. Wolfran Metzeler, 334-Fundos",YES,anjo
MENINO JESUS DE PRAGA - N,Rio Grande do Sul,Porto Alegre,School,"R. Rev. Daniel Betes, 400 Morro Santana",YES,anjo
MERENDA ESCOLAR,São Paulo,Americana,School,"Rua Francisco Lapierre, 787 – Jd. São Pedro",,cação
MEU NENÊ,Rio Grande do Sul,Porto Alegre,School,"Rua Ernesto Liscano, 195 Vila Esmeralda",YES,anjo
MEU PEQUENO MUNDO,Santa Catarina,Joinville,School,"R.:Alvino Hansen, 716",,cação
MIKEIL CHEQUER,Espírito Santo,Vila Velha,School,Rua José de Alencar s/n,,cação
MILTON TRANCOSO DE AGUIAR,Espírito Santo,Vila Velha,School,Rua Emídio Ferreira do Sacramento,,cação
MIOSÓTIS,Santa Catarina,Joinville,School,"R.: Miosótis c/ Rua Assunção, 1.189",,cação
MIRACI DERETI,Santa Catarina,Joinville,School,"R.: Bento José Flores, 25",,cação
MOACYR ÁVIDOS,Espírito Santo,Vitória,School,"Av. Jurema Barroso, 58 Ilha do Príncipe - 29020-430",,cação
MONTEIRO LOBATO,Rio Grande do Sul,Gravataí,School,"Rua Bento Gonçalves, nº 266 – Pda: 68 – Vila Branca",,anjo
MONTEIRO LOBATO,Santa Catarina,Joinville,School,"R.: Rodrigo Luiz Gonçalves, s/nº",,cação
MORADA DO VALE II,Rio Grande do Sul,Gravataí,School,"Rua Ernesto Alves, nº 207 - Morada do Vale II",YES,anjo
MORADA DO VALE III,Rio Grande do Sul,Gravataí,School,"Rua Aliança, nº 180 - Morada do Vale III",YES,anjo
MORRO DO MEIO,Santa Catarina,Joinville,School,"R.: do Campo, 817",,cação
MUNDO AZUL,Santa Catarina,Joinville,School,"R.: Caxambú do Sul, 76",,cação
MUNDO ZACARIAS,Rio Grande do Sul,Gravataí,School,"Rua Otávio Dutra, nº 270 - Pda. 74 - COHAB C",,anjo
MURIALDO,Rio Grande do Sul,Gravataí,School,"Estrada Fernando Ferrary, nº 1860 – Pda: 107 – Barro Vermelho/Figueira Grande",,anjo
N. SRA. APARECIDA - SÃO PEDRO,Rio Grande do Sul,Porto Alegre,School,"Av. Ipiranga, 5229 Rua A, s/n Vila São Pedro",YES,anjo
N. SRA. DE FÁTIMA,Rio Grande do Sul,Porto Alegre,School,"R. Oito ,32 -Bom Jesus",YES,anjo
NAIR DIAS BARBOSA,Espírito Santo,Vila Velha,School,"Rua Jaime Meneguelli, s/n",,cação
NAMIR ALFREDO ZATTAR,Santa Catarina,Joinville,School,"R.: São Januário, 1.499",,cação
NATAL,Rio Grande do Sul,Gravataí,School,"Rua Fogaça da Cruz, Entre Rua Dom João VI e Getúlio Vargas - Natal",YES,anjo
NAYDES BRANDÃO,Espírito Santo,Vila Velha,School,Praça Henrique Meyerfreund,,cação
NEGRINHO DO PASTOREIO,Rio Grande do Sul,Porto Alegre,School,"R. Wolfram Metzeler, 21",YES,anjo
NEI ARMAÇÃO,Santa Catarina,Florianopolis,School,"Rua Izidoro Pires, 143",YES,cação
NEI BARREIRA DO JANGA,Santa Catarina,Florianopolis,School,"Rua Virgílio Varzea, 2507",YES,cação
NEI CAIEIRA DA BARRA DO SUL,Santa Catarina,Florianopolis,School,"Rodovia Baldicero Filomeno, 19795",YES,cação
NEI CAMPECHE,Santa Catarina,Florianopolis,School,"Rua Pequeno Píncipe, s/nº",YES,cação
NEI CANTO DA LAGOA,Santa Catarina,Florianopolis,School,"Rua Laurindo Januário da Silveira, 2493",YES,cação
NEI COLÔNIA Z-11,Santa Catarina,Florianopolis,School,Rua Desembargador Ivo Guilhon Pereira de Melo,YES,cação
NEI COQUEIROS,Santa Catarina,Florianopolis,School,"Rua Bento Góia, 185",YES,cação
NEI COSTEIRA,Santa Catarina,Florianopolis,School,Avenida Jorge Lacerda,YES,cação
NEI DRª. ZILDA ARNS,Santa Catarina,Florianopolis,School,Rua Arco Iris,YES,cação
NEI INGLESES,Santa Catarina,Florianopolis,School,"Rua Aníbal Pedro de Oliveira, s/nº",YES,cação
NEI JOÃO MACHADO DA SILVA,Santa Catarina,Florianopolis,School,"Rua José Pedro Gil, 195",YES,cação
NEI JUDITE FERNANDES DE LIMA,Santa Catarina,Florianopolis,School,"Rodovia João Paulo - Fundos Escola Básica, 1268F",YES,cação
NEI LUIZ PAULO DA SILVA,Santa Catarina,Florianopolis,School,"Rua Vereador Onildo Lemos, 1000",YES,cação
NEI MARIA SALOMÉ DOS SANTOS,Santa Catarina,Florianopolis,School,Rua Euclides da Cunha,YES,cação
NEI NAGIB JABOR,Santa Catarina,Florianopolis,School,Rua Professor Clementino de Brito,YES,cação
NEI ORISVALDINA SILVA,Santa Catarina,Florianopolis,School,"Servidão Ruth Bastos de Oliveira, 75",YES,cação
NEI PÂNTANO DO SUL,Santa Catarina,Florianopolis,School,"Rua Anibal Vidal de Ávilla, 115",YES,cação
NEI PONTA DO MORRO,Santa Catarina,Florianopolis,School,"Rodocia SC 403, Km 3",YES,cação
NEI PRAIA DE INGLESES,Santa Catarina,Florianopolis,School,"Rua Dom João Becker, 1116",YES,cação
NEI RAUL FRANCISCO LISBOA,Santa Catarina,Florianopolis,School,"Rua XV de Novembro, 228",YES,cação
NEI SANTO ANTÔNIO DE PÁDUA,Santa Catarina,Florianopolis,School,"Rua Luiz Caldeira, 60",YES,cação
NEI SÃO JOÃO BATISTA,Santa Catarina,Florianopolis,School,Rua Luiz Duarte Soares,YES,cação
NEI TAPERA,Santa Catarina,Florianopolis,School,"Rua do Conselho, s/nº",YES,cação
NELCY DA SILVA BRAGA,Espírito Santo,Vitória,School,"R. João de Azevedo, 300 Maruípe 29045-090",,cação
NELSON DE MIRANDA COUTINHO,Santa Catarina,Joinville,School,"R.: Francisco Vieira, 38",,cação
NEUSA AGUALUSA DA COSTA,Rio de Janeiro,Cabo Frio,School,"Rua Nelson Mandela, s/nº",,cação
NEUSA NUNES GONÇALVES,Espírito Santo,Vitória,School,"R. do Caju, 249 - Nova Palestina 29032-378",,cação
NILO BATISTA,Rio de Janeiro,Cabo Frio,School,"Rodovia Amaral Peixoto, s/nº, Km 124 Campos Novos",,cação
NILSON WILSON BENDER (PREF.),Santa Catarina,Joinville,School,"R.: Tulipas, 89 - Prolongamento",,cação
NIRLENE DE OLIVEIRA ALMEIDA,Espírito Santo,Vila Velha,School,"Rua Cravo, s/n",,cação
NIS – NÚCLEO DE INTEGRAÇÃO SOCIAL,Rio de Janeiro,Petrópolis,Social Services,"Rua Coronel Albino Siqueira, 657",,cação
NOSSA SENHORA APARECIDA,Rio Grande do Sul,Gravataí,School,"Rua Santa Fé, nº 280 – Pda. 64 – Vila Santa Fé",,anjo
NOSSA SENHORA APARECIDA,Rio Grande do Sul,Porto Alegre,School,"R. ""J"", 102 Vila Pinto",YES,anjo
NOSSA SENHORA APARECIDA PINHAL,Rio Grande do Sul,Porto Alegre,School,"R. do Abacateiro, 195 Lomba do Pinheiro",YES,anjo
NOSSA SENHORA DA SAÚDE,Rio Grande do Sul,Porto Alegre,School,"R. Erechim, 1280-fundos",YES,anjo
NOSSA SENHORA DE FÁTIMA NOVO MUNDO,Rio Grande do Sul,Porto Alegre,School,"R. Martim Félix Berta, 2575 Acesso 7 Chácara da Fumaça",YES,anjo
NOSSA SENHORA DOS ANJOS,Rio Grande do Sul,Gravataí,School,"Rua Navegantes, nº 15 - Vila Natal",,anjo
NOSSA SRA. APARECIDA / LOTEAMENTO MARIANTE,Rio Grande do Sul,Porto Alegre,School,"R. Honduras, 19 / Rincão",YES,anjo
NOSSA SRA. DA ESPERANÇA,Rio Grande do Sul,Porto Alegre,School,"Av. Caí, 1039",YES,anjo
NOSSA SRA. DA GLÓRIA,Rio Grande do Sul,Porto Alegre,School,"Trav. A, 252",YES,anjo
NOSSA SRA. DE FÁTIMA,Rio Grande do Sul,Porto Alegre,School,"R. Padre Nóbrega, 280",YES,anjo
NOSSA SRA. DE NAZARÉ,Rio Grande do Sul,Porto Alegre,School,"R. Euclides de Almeida, 120",YES,anjo
NOSSA SRA. PARQUE BELÉM,Rio Grande do Sul,Porto Alegre,School,"Av. Prof. Oscar Pereira, 8300 (Ramal 251/252)",YES,anjo
NOSSO SONHO,Rio Grande do Sul,Porto Alegre,School,"Rua Jari, 119",YES,anjo
NOVA CONQUISTA,Rio Grande do Sul,Gravataí,School,Travessa Harmonia – nº 36 - Vila Nova Conquista,,anjo
NOVA SANTA RITA,Rio Grande do Sul,Porto Alegre,School,"R. Tobago, 570",YES,anjo
NOVE DE MARÇO,Santa Catarina,Joinville,School,"R.:Stª Catarina, 6.960 - Km 7",,cação
NOVO LAR SESTÍLIA TONIOLO,Rio Grande do Sul,Esteio,School,"Rua Coração de Maria, 120, Centro",,"anjo, cação"
NÚCLEO DE RECEPÇÃO E RECAMBIAMENTO PRAÇA ONZE,Rio de Janeiro,Rio de Janeiro,Prison,"Rua Benedito Hipólito, no 163, Praça Onze, Rio de Janeiro/RJ",,cação
NÚCLEO SÃO FRANCISCO,Rio Grande do Sul,Porto Alegre,School,"Rua Cel. Timóteo, 479",YES,anjo
OBRA COMUNITÁRIA SÃO FRANCISCO DEASSIS,Rio de Janeiro,São Gonçalo,Social Services,"R. MelquíadesPeres,11, lote 20, quadra 10",YES,cação
OBRA SOCIAL BEM COMUM,Rio de Janeiro,São Gonçalo,Social Services,"R. Gumercindo Siqueira, 89",YES,cação
OBRA SOCIAL BOAÇU,Rio de Janeiro,São Gonçalo,Social Services,"Rua Inacio Sargento, nº 460",YES,cação
OBRA SOCIAL COTTA ALMEIDA,Rio de Janeiro,São Gonçalo,Social Services,"R. Alexandre Herculano,2662",YES,cação
OBRA SOCIAL DE APOIO A CRIANÇA,Rio de Janeiro,São Gonçalo,Social Services,"R. Casemiro de Abreu, nº 986",YES,cação
OBRA SOCIAL DE APOIO A CRIANÇA - FILIAL,Rio de Janeiro,São Gonçalo,Social Services,"R. Expedicionário Bitencourt Rodrigues,s/n, lote 12, quadra 19",YES,cação
OBRA SOCIAL DO BAIRRO DAS PALMEIRAS,Rio de Janeiro,São Gonçalo,Social Services,"Rua Cecília Martins, 13, 15,(Conjunto da PM Itaúna III)",YES,cação
OBRA SOCIAL DO ENGENHO PEQUENO - TIA MADÁ 1,Rio de Janeiro,São Gonçalo,Social Services,"R. Luiz Felipe Nazareth, 47 e 48",YES,cação
OBRA SOCIAL DO ENGENHO PEQUENO - TIA MADÁ 2,Rio de Janeiro,São Gonçalo,Social Services,R. Bartolomeu Dias 298,YES,cação
OBRA SOCIAL JARDIM BOM RETIRO,Rio de Janeiro,São Gonçalo,Social Services,R. Antônia Couto,YES,cação
OBRA SOCIAL JOÃO MENDES,Rio de Janeiro,São Gonçalo,Social Services,"Rua João Mendel, n° 70",YES,cação
OBRA TIA LILI EDUCANDARIO,Rio de Janeiro,São Gonçalo,Social Services,"R. Luiz Lambert,2411",YES,cação
OCARLINA NUNES ANDRADE,Espírito Santo,Vitória,School,"R. Luiz Gomes Tavares, s/n° - São Cristóvão - 29048-680",,cação
ODILA SIMÕES,Espírito Santo,Vitória,School,"R. São João, 639 - Morro do Quadro 29027-115",,cação
ODORICO FORTUNATO,Santa Catarina,Joinville,School,"R.: Constâncio Visentainer, 1.093",,cação
OFÉLIA ESCOBAR,Espírito Santo,Vila Velha,School,"Ramiro Leal Reis, s/n",,cação
ONDINA PINTO GONZALEZ PROFESSORA,São Paulo,Sumaré,School,N/A,YES,cação
ONIVA DE MOURA BRIZOLA,Rio Grande do Sul,Gravataí,School,"Rua Ambrosina Fonseca, nº 437 - Pda. 86 - Parque dos Anjos",,anjo
ORAAÇÃO,Espírito Santo,Vila Velha,Social Services,Av Deputado Nilton Gomes S/N - Retiro do Congo,,cação
ORESTES GUIMARÃES (PROFº),Santa Catarina,Joinville,School,"R.: Boehmerwald, 1.83",,cação
ORFANOTRÓFIO II,Rio Grande do Sul,Porto Alegre,School,"R. Otávio de Souza, 1237",YES,anjo
ORLANDINA D'ALMEIDA LUCAS,Espírito Santo,Vitória,School,"R. Luiz Gomes Tavares, 95 São Cristóvão 29048-680",,cação
OSICOM,Rio Grande do Sul,Porto Alegre,School,"R. Josefa Barreto, 302",YES,anjo
OSÓRIO RAMOS CORRÊA,Rio Grande do Sul,Gravataí,School,"Rua Camboim, nº 110 – Pda 72 – Vila São Jerônimo",,anjo
OSWALDO CABRAL (PROFº),Santa Catarina,Joinville,School,"R.: Monsenhor Gercino, 3.134",,cação
OSWALDO SANTA ROSA,Rio de Janeiro,Cabo Frio,School,"Estrada do Guriri, s/nº, Guriri",,cação
OTACÍLIO LOMBA,Espírito Santo,Vitória,School,"R. Adolpho Cassoli, 198 Maruípe - 29043-040",,cação
OTTO EWALD JÚNIOR,Espírito Santo,Vitória,School,"R. Daniel Abreu Machado, 546 - Itararé 29047-540",,cação
OTTO RISTOW FILHO,Santa Catarina,Joinville,School,"Estrada Pirabeiraba, 810",,cação
PADRE ANCHIETA,Espírito Santo,Vitória,School,"Av. João Santos Filho, 295 Ilha de Santa Maria 29051-145",,cação
PADRE ANÍBAL,Rio Grande do Sul,Gravataí,School,"Rua Guarapari, nº320 Vila Deolinda Goulart",,anjo
PADRE EDMUNDO,Espírito Santo,Vila Velha,School,"Rua Kalopi, s/n",,cação
PADRE GIOVANNI BARTESAGHI,Espírito Santo,Vitória,School,"R. Felicidade Correa dos Santos, 300 Ilha das Caieiras - 29030-170",,cação
PAINEIRAS,Rio Grande do Sul,Porto Alegre,School,"R. das Paineiras,447 Partenon",YES,anjo
PALÁCIO ANCHIETA,Espírito Santo,Vitória,Other,"Praça João Clímaco, s/n - Centro, Vitória - ES",,cação
PALÁCIO FONTE GRANDE,Espírito Santo,Vitória,Other,"R. Sete de Setembro, 362 - Centro, Vitória - ES",,cação
PALMIRA BESSA DE FIGUEIREDO,Rio de Janeiro,Cabo Frio,School,"Rua 11, Qd 38, Lt 09 e 10 – Cond. Santa Margarida, Unamar",,cação
PÃO DE MEL,Santa Catarina,Joinville,School,"R.: Alfredo Wersdoefer, 357",,cação
PAR - Programa de Atenção e Reintegração Baixada Litorânea,Rio de Janeiro,Araruama,Social Services,"Rua Bernardo de Vasconcelos, no 791, Centro, Araruama/RJ",,cação
PAR - Programa de Atenção e Reintegração Leste Fluminense,Rio de Janeiro,Niterói,Social Services,"Rua General Castrioto, no 589, Barreto, Niterói/RJ",,cação
PAR/RJ-DPS,Rio de Janeiro,Rio de Janeiro,Social Services,"Rua Voluntários da Pátria no 120, Botafogo, Rio de Janeiro/RJ",,cação
PARAÍSO DA CRIANÇA,Santa Catarina,Joinville,School,"R.: Júpiter, 903",YES,cação
PARAÍSO INFANTIL – PROFª EUPHELIA MOREIRA VIEIRA,Espírito Santo,Vila Velha,School,"Rua 4ª Avenida, s/n",YES,cação
PAR - Programa de Atenção e Reintegração Baixada Fluminense,Rio de Janeiro,Nova Iguaçu,Social Services,"Avenida Presidente Henrique Duque Estrada Maya, no 149, Posse, Nova Iguaçu/RJ",,cação
PAR - Programa de Atenção e Reintegração Norte Fluminense II,Rio de Janeiro,Macaé,Social Services,"Rua Francisco Portela, 505, Centro, Macaé –RJ",,cação
PARQUE DO INGÁ,Paraná,Maringá,Other,"Av. Anchieta com Av. Tiradentes, s/nº, Maringá/PR",,cação
PARQUE DOS EUCALIPTOS,Rio Grande do Sul,Gravataí,School,"Rua General Câmara, nº 200 – RS 118/Km 18 – Parque dos Eucaliptos",,anjo
PARQUE ELDORADO,Rio de Janeiro,Cabo Frio,School,"Rua Francisco Alves, nº 06 - Parque Eldorado",,cação
PARQUE GUARANI,Santa Catarina,Joinville,School,"Av.: Evangelista Justino Espíndola, 25",,cação
PAR REGIAO SERRANA PAR REGIÃO SERRANA,Rio de Janeiro,Nova Friburgo,Social Services,"Av. Júlio Antonio.Thurller, no480, Olaria,Nova Friburgo/RJ",,cação
PAR SUL FLUMINENSE,Rio de Janeiro,Volta Redonda,Social Services,"Redonda-RJ, Prédio do CIEP",,cação
PASSO-A-PASSO,Rio Grande do Sul,Porto Alegre,School,"Rua Morro Alto, 485",YES,anjo
PATRÍCIA AZEVEDO DE ALMEIDA,Rio de Janeiro,Cabo Frio,School,"Rua Paraná, 07 - Jardim Esperança",,cação
PAUL HARRIS,Santa Catarina,Joinville,School,"R.: Catanduva, 50",,cação
PAULINE PARUCKER,Santa Catarina,Joinville,School,"R.: Atílio Vinotti, 411",,cação
PAULO BURLE,Rio de Janeiro,Cabo Frio,School,"Rua Espanha, 38 - Jardim Caiçara",,cação
PAULO FREIRE,Rio Grande do Sul,Gravataí,School,"Rua Uruguaiana, nº 225 – Pda. 63 – Vila Vera Cruz",,anjo
PAULO MARES GUIA,Espírito Santo,Vila Velha,School,"Rua Cabiúna, s/n",,cação
PAULO REGLUS NEVES FREIRE,Espírito Santo,Vitória,School,"R. Manoel Ferreira Constantino, 50 Inhanguetá 29031-720",,cação
PAULO ROBERTO VIEIRA GOMES,Espírito Santo,Vitória,School,"R. Tenente Setubal, 490 - São Benedito - 29047-850",,cação
PE. PEDRO LEONARDI,Rio Grande do Sul,Porto Alegre,School,"Estr. do Barro Vermelho, 542",YES,anjo
PEDACINHO DE AMOR,Rio Grande do Sul,Gravataí,School,"Rua São Cristóvão,nº 96 - Vera Cruz",YES,anjo
PEDACINHO DO CÉU,Santa Catarina,Joinville,School,"R.: São Miguel, 769",,cação
PEDACINHO DO CÉU – JULIERME DA CRUZ DIAS – SR. DEZINHO,Espírito Santo,Vila Velha,School,"Rua Raposo Tavares, s/n",YES,cação
PEDRO CAVALIERI,Espírito Santo,Vila Velha,School,"Av. Jerônimo Monteiro, s/n",,cação
PEDRO FEU ROSA,Espírito Santo,Vitória,School,"R Dr. Aluísio de Menezes, 298 - Bonfim - 29047-090",,cação
PEDRO HERKENHOFF,Espírito Santo,Vila Velha,School,"Av. Otávio Borim, 746",,cação
PEDRO IVO CAMPOS (GOV.),Santa Catarina,Joinville,School,"R.: José Manoel de Souza, 70",,cação
PEDRO IVO FIGUEIREDO DE CAMPOS,Santa Catarina,Joinville,School,"R.: Guanabara, 2.575",,cação
PEDRO JOTHA,Rio de Janeiro,Cabo Frio,School,"Estrada de Campos Novos, s/nº, São Jacinto, 2º Distrito",,cação
PEDRO PANDOLFI,Espírito Santo,Vila Velha,School,"Rua Boa Palva,s/n",,cação
PEDRO PAULO HINGS COLIN (DEP.),Santa Catarina,Joinville,School,"R.: São Clemente, 154",,cação
PEM XIII DE SETEMBRO,Espírito Santo,São Mateus,School,Zona Rural,,cação
PEQUENA SEREIA,Santa Catarina,Joinville,School,"R.: Kurt Alvino Monich, 172",YES,cação
PEQUENO PRINCIPE,Rio Grande do Sul,Gravataí,School,"Rua Julio Feijó, nº 118 - Morada do Vale III",YES,anjo
PEQUENO PRÍNCIPE,Rio Grande do Sul,Gravataí,School,"Rua Dona Cledi, nº 302 - Passo da Caveira",YES,anjo
PEQUENO PRÍNCIPE,Santa Catarina,Joinville,School,"R.: Cidade de Mossoró, 105",YES,cação
PESTALOZZI,São Paulo,Sumaré,School,N/A,YES,cação
PETER PAN,Santa Catarina,Joinville,School,"R.: Pastor Hans Müller, 138",YES,cação
PIMPOLHO,Rio Grande do Sul,Gravataí,School,"Rua Adelino M. Souza, nº 150 - Parque Itatiaia",YES,anjo
PINGO DE GENTE,Rio Grande do Sul,Porto Alegre,School,"R. Alécio Fachini, 55",YES,anjo
PIUMA SCHOOL 1,Espírito Santo,Piúma,School,N/A,,cação
PIUMA SCHOOL 10,Espírito Santo,Piúma,School,N/A,,cação
PIUMA SCHOOL 11,Espírito Santo,Piúma,School,N/A,,cação
PIUMA SCHOOL 12,Espírito Santo,Piúma,School,N/A,,cação
PIUMA SCHOOL 13,Espírito Santo,Piúma,School,N/A,,cação
PIUMA SCHOOL 14,Espírito Santo,Piúma,School,N/A,,cação
PIUMA SCHOOL 15,Espírito Santo,Piúma,School,N/A,,cação
PIUMA SCHOOL 16,Espírito Santo,Piúma,School,N/A,,cação
PIUMA SCHOOL 2,Espírito Santo,Piúma,School,N/A,,cação
PIUMA SCHOOL 3,Espírito Santo,Piúma,School,N/A,,cação
PIUMA SCHOOL 4,Espírito Santo,Piúma,School,N/A,,cação
PIUMA SCHOOL 5,Espírito Santo,Piúma,School,N/A,,cação
PIUMA SCHOOL 6,Espírito Santo,Piúma,School,N/A,,cação
PIUMA SCHOOL 7,Espírito Santo,Piúma,School,N/A,,cação
PIUMA SCHOOL 8,Espírito Santo,Piúma,School,N/A,,cação
PIUMA SCHOOL 9,Espírito Santo,Piúma,School,N/A,,cação
PIU-PIU,Rio Grande do Sul,Porto Alegre,School,"R. Jacinto Gomes, 683 fundos -Predio 92",YES,anjo
PLÁCIDO XAVIER EM (U),Santa Catarina,Joinville,School,"R: Roberto Lehm,",,cação
PONTE SERRADA,Santa Catarina,Joinville,School,"R.: Ponte Serrada, 1.095",,cação
PONTO DE DISTRIBUIÇÃO ALIMENTAÇÃO PROGRESSO,Rio Grande do Sul,Santa Cruz do Sul,Social Services,"BR 471, KM 131,5",,anjo
PÔR DO SOL,Rio Grande do Sul,Gravataí,School,"Rua Bibiano Almeida, nº 375 - Vila Pôr do Sol",YES,anjo
PORTO SEGURO,Rio Grande do Sul,Gravataí,School,"Rua Curumim, nº 650 - Loteamento Residencial Porto Seguro",YES,anjo
Policlínica da Polícia Militar de Cascadura (PPM/CASCADURA),Rio de Janeiro,Rio de Janeiro,Healthcare,"Av Suburbana, n.º 10.199 Cascadura",,cação
PREFEITO JOSÉ LINCK,Rio Grande do Sul,Gravataí,School,"Travessa Weber, nº 40 – RS 30 – Pda. 92 - Loteamento da Lagoa",,anjo
PRESIDENTE GETÚLIO VARGAS,Rio Grande do Sul,Gravataí,School,"Rua Antenor Lemos, nº 370 – Morada do Vale I",,anjo
PRESIDENTE JOÃO GOULART,Rio Grande do Sul,Gravataí,School,"Rua Alcides Gonzaga, s/nº - Pda. 63 – Morada do Vale I",,anjo
PRESIDENTE TANCREDO NEVES,Rio Grande do Sul,Gravataí,School,"Rua Guilherme Ventura, nº 80 – Pda. 87 – Parque dos Anjos",,anjo
PREZIDEU AMORIM,Espírito Santo,Vitória,School,"R. Dr. Aluísio de Menezes, 220 Bonfim - 29047-090",,cação
PRINCESA ISABEL,Rio Grande do Sul,Gravataí,School,"Rua Concórdia Costa, nº 222 – Pda.64 – Parque do Sol",,anjo
PRINCESAS,Rio Grande do Sul,Gravataí,School,"Av. B, nº 145 - Loteamento Princesas/Caveira",YES,anjo
PROF. ADMARDO SERAFIM DE OLIVEIRA,Espírito Santo,Vitória,School,"R. Desembargador Ernesto da Silva Guimarães, 45 - Gurigica 29046- 070",,cação
PROF.ª FRANCISCA AMÉLIA P. D'OLIVEIRA,Espírito Santo,Vila Velha,School,"Estrada Ayrton Sena da Silva, s/n,",,cação
PROF. ANTONIO LORENZUTTI,Espírito Santo,Vila Velha,School,"Rua João Bezerra, s/n",,cação
PROF. CARLOS ALBERTO MARTINELLI DE SOUZA,Espírito Santo,Vitória,School,"R. Desembargador Ernesto da Silva Guimarães, 45 Gurigica 29046- 070",,cação
PROF. CIDA BARRETO,Espírito Santo,Vitória,School,"Av. Saturnino Rangel Mauro, 725 - Jardim da Penha 29060-770",,cação
PROF. EMÍLIA E. S. CARNEIRO,Espírito Santo,Vila Velha,School,"Rua Projetada, s/n",,cação
PROF. Mª DA GLÓRIA DE F. DUARTE,Espírito Santo,Vila Velha,School,"Sítio Terra Vermelha, s/n",,cação
PROF. RAIMUNDA DE MENDONÇA,Espírito Santo,Vila Velha,School,"Rua Três, 66",,cação
PROF. REGINA MARIA SILVA,Espírito Santo,Vitória,School,"Rod. Serafim Derenzi, s/n - Inhanguetá - 29026-470",,cação
PROF. RUBENS JOSÉ VERVLOET GOMES,Espírito Santo,Vila Velha,School,"Rua Almirante Tamandaré, s/n",,cação
PROFª. LEOPOLDINA CONCEIÇÃO DE MATTOS SILVA,Espírito Santo,Vila Velha,School,"Rua Nelson Monteiro, nº 1950",,cação
PROFª JURANDYR MATTOS GRIFFO,Espírito Santo,Vila Velha,School,"Rua Guanabara, s/n",,cação
PROFª NICE DE PAULA A. SOBRINHO,Espírito Santo,Vila Velha,School,"Rua Gonçalves Dias, s/n",,cação
PROFª NORMÍLIA CUNHA DOS SANTOS,Espírito Santo,Vila Velha,School,"Rua Projetada, s/n",,cação
PROFESSORA ANA MARIA FONTES LYRA,Espírito Santo,Vila Velha,School,"Av. Gabiroba , s/n",,cação
PROFESSOR ADRIANO ORTIZ CORRÊA,Rio Grande do Sul,Gravataí,School,"Rua Nelci L. Machado, nº 239 – Pda. 79 - Residencial Conceição",,anjo
PROFESSORA IDELCY SILVEIRA PEREIRA,Rio Grande do Sul,Gravataí,School,"Estrada da Cavalhada, nº 1370 – Pda. 87 - Parque dos Anjos",,anjo
PROFESSORA OLENCA VALENTE,Rio Grande do Sul,Gravataí,School,"Av. Vila Rica, nº 1839 - Pda. 61 – Vila Rica",,anjo
PROFESSOR AYLTON DE ALMEIDA,Espírito Santo,Vila Velha,School,"Rua Alegre, s/n",,cação
PROFESSOR DARCY RIBEIRO,Espírito Santo,Vila Velha,School,"Rua Carlos Chagas, s/n",,cação
PROFESSOR ELSON JOSE DE SOUZA,Espírito Santo,Vila Velha,School,"Rua Cel. Joaquim de Freitas, s/n",,cação
PROFESSOR ERNANI SOUZA,Espírito Santo,Vila Velha,School,"Rua Ernani Souza, s/n",,cação
PROFESSOR JORGE ANÍZIO BORJAILLE,Espírito Santo,Vila Velha,School,"R. Fernando Antonio da Silveira, 98",,cação
PROFESSOR LUIZ MALIZECK,Espírito Santo,Vila Velha,School,"Rua Jaime Duarte Nascimento, s/n",,cação
PROFESSOR PAULO CÉSAR VINHA,Espírito Santo,Vila Velha,School,"Rua A, s/n",,cação
PROFESSOR THELMO TORRES,Espírito Santo,Vila Velha,School,"Rua Bárbara Heliodora, s/n",,cação
PROFESSOR ZALUAR DIAS,Espírito Santo,Vila Velha,School,"Rua Demócrito Silva, s/n",,cação
PROJETO ALCANÇANDO VIDINHAS,Rio de Janeiro,São Gonçalo,School,"Av. São Miguel,1375",,cação
PROJETO CURUMIM,Rio de Janeiro,Valença,School,"Rua João Machado Dias, 120, Biquinha",YES,cação
PROJETO MUDAS DA CIDADE,São Paulo,Itapetininga,School,N/A,,cação
PROJETO SOCIAL CRIAR,Rio de Janeiro,São Gonçalo,School,"R. Antonina Serrão,330",,cação
PRONTO SOCORRO MUNICIPAL,São Paulo,Artur Nogueira,Healthcare,"Avenida Fernando Arens, 939 - Centro",,cação
PTE- BOTAFOGO,Rio de Janeiro,Rio de Janeiro,Social Services,"Rua Voluntários da Pátria no 120, Botafogo, Rio de Janeiro",,cação
QUARTEL CENTRAL,Paraná,Maringá,Military,"Av. Guaíra nº 63, Maringá/PR",,cação
QUEM-ME-QUER,Rio Grande do Sul,Porto Alegre,School,"R. Oscar Pereira, 4443 - fundos R. B, 69",YES,anjo
RAIO DE SOL,Rio Grande do Sul,Gravataí,School,"Rua Francisco Balboa, 360 – Pda. 76",,anjo
RAIO DE SOL,Santa Catarina,Joinville,School,"R.: João Miers c/ Rua Stª Edvirges, 32",,cação
RAYMUNDO SCHERER,Rio Grande do Sul,Gravataí,School,"Rua São Domingos, nº 95 – Pda: 63 - Bairro São Vicente",,anjo
RCECS – Regimento de Cavalaria Coronel Enyr Cony dos Santos,Rio de Janeiro,Rio de Janeiro,Military,"Av. dos Estados, s/no Campo Grande",,cação
RECANTO DA CRIANÇA FELIZ,Rio Grande do Sul,Porto Alegre,School,"R. Dep. Cunha Bueno, 21 COHAB",YES,anjo
RECANTO DOS PIÁS,Rio Grande do Sul,Porto Alegre,School,"R. José Madri, 985 - Vila Pinto",YES,anjo
RECREIO DA DIVISA,Rio Grande do Sul,Porto Alegre,School,"Est. João de O. Remião, 6269 parada 15",YES,anjo
REINALDO PEDRO DE FRANÇA (PROFº),Santa Catarina,Joinville,School,"Av.: Beira Mar, 236 – Morro do Amaral",,cação
REINALDO RIDOLFI,Espírito Santo,Vitória,School,"R. Prof. Renato Ribeiro dos Santos, 265 Maria Ortiz 29070-310",,cação
RENASCER VILA AMÉRICA,Rio Grande do Sul,Porto Alegre,School,"R. Coronel Massot, 601 -Fundos",YES,anjo
RENATO AZEVEDO,Rio de Janeiro,Cabo Frio,School,"Rua Líbano, nº 16, São Francisco",,cação
RESIDENCIAL BORDON,São Paulo,Sumaré,School,N/A,YES,cação
RESIDÊNCIA TERAPÊUTICA 1,Rio de Janeiro,São Gonçalo,Healthcare,N/A,,cação
RESIDÊNCIA TERAPÊUTICA 2,Rio de Janeiro,São Gonçalo,Healthcare,N/A,,cação
RESIDÊNCIA TERAPÊUTICA 3,Rio de Janeiro,São Gonçalo,Healthcare,N/A,,cação
REV. ANTÔNIO DA SILVA COSMO,Espírito Santo,Vila Velha,School,Rua Cravo s/n,,cação
REV. WALDOMIRO MARTINS FERREIRA,Espírito Santo,Vila Velha,School,"Av. Brasil, s/n",,cação
RICARDINA STAMATO DA FONSECA,Espírito Santo,Vila Velha,School,"Rua Violeta, 242",,cação
RINCÃO DA MADALENA,Rio Grande do Sul,Gravataí,School,"Travessa da Amizade, nº 235 - Loteamento Auxiliadora/Rincão da Madalena",YES,anjo
RITA DE CÁSSIA S. OLIVEIRA,Espírito Santo,Vitória,School,"Rua São Sebastião, s/n - Resistência - 29032-545",,cação
ROBINSON CARVALHO DE AZEVEDO,Rio de Janeiro,Cabo Frio,School,"Av. Victor Rocha, 998 - Parque Burle",,cação
ROBSON JOSÉ NASSUR PEIXOTO,Espírito Santo,Vitória,School,"Escadaria Ilma de Deus, 155 - Forte São João - 29017-270",,cação
RONALDO SOARES,Espírito Santo,Vitória,School,"R. América do Sul, 02 - Resistência - 29032-570",,cação
ROSA HELENA FROTA TRISTÃO,Espírito Santo,Vila Velha,School,"Praça Assis Chateaubriand , s/n",,cação
ROSA Mª BEREZOSKI DEMARCHI (PROFª),Santa Catarina,Joinville,School,"Av.: Júpiter, 839",,cação
ROSA MARIA,Rio Grande do Sul,Gravataí,School,"Rua Amor Perfeito, nº 145 – RS 118 – Bairro Rosa Maria",,anjo
RPMON - REGIMENTO DE POLÍCIA MONTADA,Paraná,Curitiba,Military,Paraná,,cação
RPMONT - Regimento de Polícia Montada,Rio de Janeiro,Rio de Janeiro,Military,"Av dos Estados, s/nº Campo Grande ",,cação
RUBEM BRAGA,Espírito Santo,Vila Velha,School,"Rua Rubem Braga, s/n",,cação
RUBEM BRAGA,Espírito Santo,Vitória,School,"R. Lauro Cunha Freire, 87 Ilha de Monte Belo 29052-260",,cação
RUBEN ROBERTO SCHMIDLIN (DR.),Santa Catarina,Joinville,School,"R.: Alexandre Silva, 42",,cação
RUBENS DUARTE DE ALBUQUERQUE,Espírito Santo,Vitória,School,"R. Daniel Abreu Machado, 756 - Itararé - 29047-540",,cação
RUBENS JOSÉ VERVLOET GOMES,Espírito Santo,Vitória,School,"R. Coronel Leoncio Vieira de Rezende, s/n, Jardim Camburi 29090-260",,cação
RUBENS OSCAR GUELLI PROFESSOR,São Paulo,Sumaré,School,N/A,YES,cação
RUI BARBOSA,Rio de Janeiro,Cabo Frio,School,"Rua Rui Barbosa, 814 - Centro",,cação
RUI CAPDEVILLE,Rio de Janeiro,Cabo Frio,School,"Av. Adolfo Beranger Junior, nº 1200 - Guarani",,cação
RUI RAMOS,Rio Grande do Sul,Gravataí,School,"Rua dos Tupis, nº 350 – Pda: 75 – Vila São Geraldo",,anjo
SADALLA AMIN GHANEM (DR.),Santa Catarina,Joinville,School,"Av.:Evangelista Justino Espíndola, 125",,cação
SAGRADA FAMÍLIA,Espírito Santo,Vila Velha,Social Services,Rua dos Golfinho s/n - Retiro do Congo,,cação
SAGRADA FAMÍLIA,Rio Grande do Sul,Porto Alegre,School,"R. Cinco, 174 V. Laranjeiras",YES,anjo
SALETE KONECKI (PROF),Santa Catarina,Joinville,School,"R.: Laércio Beninca, s/n",,cação
SANTA ANA,Rio Grande do Sul,Gravataí,School,"Rua Francelino Schmitz, nº 330 – Pda 67 – Vila Cruzeiro",,anjo
SANTA ANITA,Rio Grande do Sul,Porto Alegre,School,"R. Menezes Paredes, 425",YES,anjo
SANTA CATARINA,Rio Grande do Sul,Porto Alegre,School,"R. Josué de Castro, 290",YES,anjo
SANTA CECÍLIA,Rio Grande do Sul,Gravataí,School,"Rua Artur Avila, nº 216 – Pda: 107 – Vila Santa Cecília - Barro Vermelho",,anjo
SANTA CRUZ,Rio Grande do Sul,Gravataí,School,Estrada Santa Cruz – Pda 100 – Morungava,,anjo
SANTA LUIZA,Rio Grande do Sul,Porto Alegre,School,"R. Ir. Maria José Trevisan, 30",YES,anjo
SANTA MADALENA,Rio Grande do Sul,Gravataí,School,"Rua Rincão da Madalena, nº 2745",,anjo
SANTA RITA DE CÁSSIA,Espírito Santo,Vila Velha,School,"Rua Sílvio Avidos, s/n",,cação
SANTA RITA DE CÁSSIA,Rio Grande do Sul,Gravataí,School,"Rua Florianópolis, nº 350 – Pda. 68 – Cohab A",,anjo
SANTO ANTÔNIO DE PÁDUA,Rio Grande do Sul,Gravataí,School,"Estrada Vânius Abílio dos Santos, nº 3315 – Pda. 77 - Parque Santo Antônio",,anjo
SÃO CRISTÓVÃO,Rio de Janeiro,Cabo Frio,School,"Rua Fagundes Varela, 216 - São Cristóvão",,cação
SÃO FRANCISCO DE ASSIS,Espírito Santo,Vila Velha,School,Rua São João s/n,,cação
SÃO FRANCISCO DE ASSIS,Rio Grande do Sul,Gravataí,School,"Rua Guaíra, nº 93 – Pda. 79 – Vila Jansen",,anjo
SÃO MARCOS,Rio Grande do Sul,Gravataí,School,"Rua Paes de Andrade, nº 97 – Pda. 83 - Itacolomi/Vila São Marcos",,anjo
SÃO PEDRO,Rio Grande do Sul,Porto Alegre,School,"R. Manoel Gonzales, 315",YES,anjo
SÃO VICENTE DE PAULO,Espírito Santo,Vitória,School,"Praça Irmã Josefa Hosanah, s/n - Centro 29015-560",,cação
SARAH VICTALINO GUEIROS,Espírito Santo,Vila Velha,School,"Av. Boa Vista, s/n",,cação
SATURNINO RANGEL MAURO,Espírito Santo,Vila Velha,School,"Rua Capitão Vieira de Mello, s/n",,cação
SATURNINO RANGEL MAURO,Espírito Santo,Vila Velha,School,"Rua Leonardo Garrido, s/n",,cação
SAUL SANT´ANNA DE OLIV. DIAS (PROFº),Santa Catarina,Joinville,School,"R.: Padre Roma, 800",,cação
SAVINO CAMPIGLI,São Paulo,Sumaré,School,N/A,YES,cação
SEBASTIÃO SCARZELLO (MONS),Santa Catarina,Joinville,School,"R. Florianópolis, 1370",,cação
SECRETARIA DE EDUCAÇÃO,Rio Grande do Sul,Esteio,Other,"Rua Alegrete, 455, Parque Amador",,"anjo, cação"
SECRETARIA DE SAÚDE - SND - UMS,São Paulo,Bom Jesus dos Perdões,Other,"Rua Bárbara Cardoso, nº 42, Centro",,cação
SECRETARIA MUNICIPAL DE EDUCAÇAO,Paraná,Fazenda Rio Grande,Other,"Rua Tenente Sandro Luiz Kampa, 182 - Iguaçu",,cação
SECRETARIA MUNICIPAL DE SAÚDE,Paraná,Maringá,Other,"Avenida Prudente de Moraes, 885 - Zona 7, Maringá - PR",,cação
"SECRETARIA MUNICIPAL DE TRABALHO, EMPREGO E RENDA DE FAZENDA RIO GRANDE",Paraná,Fazenda Rio Grande,Other,"Av. das Araucárias, 142 - Plaza Fácil - Eucaliptos",,cação
SECRETRAIA DE EDUCAÇÃO,Rio de Janeiro,Maricá,Other,RUA BARCELAR DA SILVA BEZERRA - 105 - BOA VISTA - 24900-725,,cação
SEME – 2º DISTRITO,Rio de Janeiro,Cabo Frio,School,"Av. Amaral Peixoto, Km 135- Aquarius – 2º Distrito",,cação
SEME CABO FRIO,Rio de Janeiro,Cabo Frio,School,"Largo de Santo Antônio, nº 131 - Centro - Cabo Frio",,cação
SEMEIA,São Paulo,Itapetininga,School,"R: VICENTE RODRIGUES FURTADO, 1346",,cação
SEMENTINHA,Santa Catarina,Joinville,School,"R.: Ricardo Karmann, 175",,cação
SENADOR JOÃO CALMON,Espírito Santo,Vila Velha,School,"Rua Sebastião Silveira, s/n",,cação
SENHORINHA SOARES (PROFª),Santa Catarina,Joinville,School,"Estrada do Sul, 6.778",,cação
SERVIÇO DE CONVIVÊNCIA ALIANÇA,Rio Grande do Sul,Santa Cruz do Sul,Social Services,"Rua João Gomes Cardoso, 222",,anjo
SERVIÇO DE CONVIVÊNCIA BECKENKAMP,Rio Grande do Sul,Santa Cruz do Sul,Social Services,"Rua Projetada 09 (São Felipe, 199)",,anjo
SERVIÇO DE CONVIVÊNCIA BOM JESUS/CRAS INTEGRAR,Rio Grande do Sul,Santa Cruz do Sul,Social Services,"Rua Padre Luiz Muller, 502",,anjo
SERVIÇO DE CONVIVÊNCIA ESMERALDA,Rio Grande do Sul,Santa Cruz do Sul,Social Services,"Rua Canguçu, 109",,anjo
SERVIÇO DE CONVIVÊNCIA FAXINAL,Rio Grande do Sul,Santa Cruz do Sul,Social Services,"Rua Dona Carlota, 1014",,anjo
SERVIÇO DE CONVIVÊNCIA GRAVITAMAIS,Rio Grande do Sul,Gravataí,Social Services,"Rua Otávio Schemes, 212 – Bairro Mário Quintana – Gravataí",,anjo
SERVIÇO DE CONVIVÊNCIA MARGARIDA AURORA,Rio Grande do Sul,Santa Cruz do Sul,Social Services,"Rua Adalberto Holtz, 866",,anjo
SERVIÇO DE CONVIVÊNCIA MENINOS E MENINAS,Rio Grande do Sul,Gravataí,Social Services,"Rua Alfeu Letti, 683 – Morada do Vale I – Gravataí",,anjo
SERVIÇO DE CONVIVÊNCIA PETECA,Rio Grande do Sul,Gravataí,Social Services,"Rua Major Ismael Alves, 220 – Bairro Centro – Tel: 3496-6490",,anjo
SERVIÇO DE CONVIVÊNCIA RENASCENÇA,Rio Grande do Sul,Santa Cruz do Sul,Social Services,"Rua Oscar Hugo Martin, 1149",,anjo
SERVIÇO DE CONVIVÊNCIA SANTUÁRIO,Rio Grande do Sul,Santa Cruz do Sul,Social Services,"Rua Cleber Natalino dos Santos, 84",,anjo
SERVIÇO DE CONVIVÊNCIA SCHULZ,Rio Grande do Sul,Santa Cruz do Sul,Social Services,"Rua Schulz, 05",,anjo
SERVIÇO DE CONVIVÊNCIA VALE DO NAZARÉ,Rio Grande do Sul,Santa Cruz do Sul,Social Services,Rua Elemar Ramos s/n,,anjo
SERVIÇO DE CONVIVÊNCIA VIVER BEM,Rio Grande do Sul,Santa Cruz do Sul,Social Services,"Rua Violeta, 155",,anjo
SERVIÇO RESIDENCIAL TERAPÊUTICO NOVA VIDA,Rio Grande do Sul,Porto Alegre,Social Services,"R. Jataí, 401 - Cristal, Porto Alegre - RS",,anjo
SETE DE SETEMBRO,Santa Catarina,Joinville,School,"Estrada Bonita, 3.173",,cação
SIGELFRID POFFO,Santa Catarina,Joinville,School,"R.: Alwin Passold, 7",,cação
SILVANETE DA SILVA ROSA ROCHA,Espírito Santo,Vitória,School,"Rod. Serafim Derenzi, 3350, Comdusa - 29024-010",,cação
SILVIA REGINA CAVALHEIRO,Santa Catarina,Joinville,School,"R.:João Medeiros, s/nº",,cação
SINCLAIR PHILLIPS,Espírito Santo,Vitória,School,"R. Servidão Vitória Santana Ribeiro, 40 Caratoíra - 29027-080",,cação
SOLANGE MAURA ALBINO,São Paulo,Sumaré,School,N/A,YES,cação
SOL NASCENTE,Santa Catarina,Joinville,School,"R.: Arlindo Pereira Macedo, 225",,cação
SOMAI,Rio Grande do Sul,Porto Alegre,School,"R. Bom Jesus, 610 Bom Jesus",YES,anjo
SONHO DE CRIANÇA,Santa Catarina,Joinville,School,"R.: José Gomes de Freitas, 160",YES,cação
SONIA MARIA MASCHIO BAPTISTA PROFESSORA,São Paulo,Sumaré,School,N/A,YES,cação
SOPHIA MUSENGNY LOUREIRO,Espírito Santo,Vitória,School,"Rua João José de Souza, s/n, Bairro da Penha 29047-312",,cação
STA.TEREZINHA,São Paulo,Itapetininga,School,"Av, Ciro de Abuquerque, 5014",,cação
SULTANY NADER VALADARES,Espírito Santo,Vila Velha,School,"Rua Sebastião Inácio, s/n",,cação
SUZETE CUENDET,Espírito Santo,Vitória,School,"Rua Otto Ramos, 69 - Maruípe - 29043-031",,cação
SYLVIO SNIECIKVSKI (PROFº),Santa Catarina,Joinville,School,"Av.: Júpiter, 1.753",,cação
TALITA HERNANDES PERELLÓ,Rio de Janeiro,Cabo Frio,School,"Estrada de Búzios, 100 - Jardim Esperança",,cação
TANCREDO DE ALMEIDA NEVES,Espírito Santo,Vila Velha,School,"Rua Regeneração, s/n",,cação
TANCREDO DE ALMEIDA NEVES,Espírito Santo,Vitória,School,"Av. Central, 285 - São José - 29031-803",,cação
TANIA MARIA GOMES DE ÁVILA,Rio de Janeiro,Cabo Frio,School,"Rua Governador Valadares, s/nº - Guarani",,cação
TEIXEIRA E SOUZA,Rio de Janeiro,Cabo Frio,School,"Rua Rosalina C. da Fonseca, s/nº - Porto do Carro",,cação
TERESA CAMPREGHER MOREIRA (PROF),Santa Catarina,Joinville,School,"R.: Papa João Paulo I, s/ nº",,cação
TEREZINHA PAGOTTI,Espírito Santo,Vila Velha,School,"Rua Projetada, s/n",,cação
TEREZINHA VASCONCELOS SALVADOR,Espírito Santo,Vitória,School,"Av. Vitória, s/n - Romão - 29041- 405",,cação
THEMIRA PALMER,Rio de Janeiro,Cabo Frio,School,"Rua Panamá, s/nº - Manoel Corrêa",,cação
THEREZA MAZZOLLI HREISEMNOU (PROFª),Santa Catarina,Joinville,School,"Estrada Timbé, s/nº",,cação
THOMAZ TOMMASI,Espírito Santo,Vitória,School,"R. José Daniel Nunes,20 - Joana D'Arc - 29048-190",,cação
TIA ANASTÁCIA,Rio Grande do Sul,Gravataí,School,"Rua José Frankelin Alves, nº210 - Vila Aliança",YES,anjo
TIA ISABEL,Rio Grande do Sul,Porto Alegre,School,"R. ""B1"", 40 Hípica Beco do Adelar",YES,anjo
TIA IVETE,Rio Grande do Sul,Porto Alegre,School,"R. José Madrid, 283 Jardim Carvalho",YES,anjo
TIA JANDIRA,Espírito Santo,Vila Velha,School,"Rua do Sossego, s/n",YES,cação
TIA JUSSARA,Rio Grande do Sul,Porto Alegre,School,"Travessa Getúlio Vargas, 7 BR 116 Km 2",YES,anjo
TIA LAURA,Rio Grande do Sul,Gravataí,School,"Rua Antonio Francisco Fonseca, nº 85 - Centro",YES,anjo
TIA LEONOR,Rio Grande do Sul,Gravataí,School,"Rua Benjamin Gusmão, nº 410 - Bonsucesso",YES,anjo
TIA MARIA TERESA,Rio Grande do Sul,Porto Alegre,School,"Av. 10 de Maio, 265",YES,anjo
TIA NENZINHA,Espírito Santo,Vila Velha,School,"Rua Cel. Luis Gabeira, s/n",YES,cação
TIA NINA,Espírito Santo,Vila Velha,School,"Rua dos Cajueiros, s/n",YES,cação
TIA ROSA,Rio Grande do Sul,Porto Alegre,School,"R. Cinco, 10 Mário Quintana",YES,anjo
TIO COTIAS,Rio de Janeiro,Cabo Frio,School,"Rua Humberto de Campos, s/nº - Tangará",YES,cação
TOPO GIGIO,Rio Grande do Sul,Porto Alegre,School,"R. São José, 29 Partenon",YES,anjo
TOSANA,Rio de Janeiro,Cabo Frio,School,"Rod. Amaral Peixoto, Km 138 – Fazenda da Pedra",,cação
TRENZINHO DA ALEGRIA,Rio Grande do Sul,Porto Alegre,School,"R. Senhor do Bonfim, 956",YES,anjo
TRÊS CORAÇÕES,Rio Grande do Sul,Porto Alegre,School,"R. ""16"" ,623 Vila N. Sra. Fátima",YES,anjo
TURMA DO BARULHO,Rio Grande do Sul,Porto Alegre,School,"R. Tanauí da S. Boeira, 209",YES,anjo
Unidade de Acolhimento Institucional Casa de Maria,Paraná,Curitiba,Social Services,"Rua Fabio de Souza, s/nº - Santa Quitéria",,cação
Unidade de Acolhimento Institucional Casa do Piá I,Paraná,Curitiba,Social Services,"R. Francisco Nunes, 1360 - Rebouças",,cação
Unidade de Acolhimento Institucional Casa do Piá II,Paraná,Curitiba,Social Services,"R. José Ferreira da Rocha, 651 - Pinheirinho",,cação
Unidade de Acolhimento Institucional - Abrigo Institucional Casa do Piá 3,Paraná,Curitiba,Social Services,"Rua Atílio Bório, 1808 - Juvevê",,cação
Unidade de Acolhimento Institucional Madre Antônia,Paraná,Curitiba,Social Services,"Rua Leocádio Robson de Lima Damázio, 2985 - Boqueirão",,cação
Unidade de Acolhimento Institucional Mais Viver,Paraná,Curitiba,Social Services,"Rua Dr. Salvador de Maio, 197 - Jd. Botânico",,cação
Unidade de Acolhimento Institucional Nova Esperança,Paraná,Curitiba,Social Services,"Rua Francisco Favaro, 50 - Santa Cândida",,cação
Unidade de Acolhimento Institucional Novo Mundo,Paraná,Curitiba,Social Services,"Rua Adelino Leal Nunes, 68, Novo Mundo",,cação
Unidade de Acolhimento Institucional Pequeno Cidadã,Paraná,Curitiba,Social Services,"Rua Edgar Steilfeld, 1674 - Jd. Social",,cação
Unidade de Acolhimento Institucional Santa Felicidade,Paraná,Curitiba,Social Services,"Br 277, Curitiba - Ponta Grossa (Marginal) nº 4.200",,cação
Unidade de Acolhimento Institucional Feminina,Paraná,Curitiba,Social Services,N/A,,cação
U.O CENTRO,Rio Grande do Sul,Porto Alegre,Social Services,"Rua Andradas, 680 - Centro",,anjo
ULISSES ÁLVARES,Espírito Santo,Vila Velha,School,"Rua Boa Esperança, s/n",,cação
UMEF/UMEI PROFESSORA FLAVIA BORGO,Espírito Santo,Vila Velha,School,"Rua José Ribeiro, 44",YES,cação
UMEFTI EZEQUIEL LEAL,Espírito Santo,Vila Velha,School,"Av. São Gabriel da Palha, s/n, Vale Encantado, Vila Velha",,cação
UMEFTI PREFEITO VASCO ALVES,Espírito Santo,Vila Velha,School,"Rua Seis, s/n, Terra Vermelha, Vila Velha",,cação
UMEI ADAYR GOMES DA LUZ,Rio de Janeiro,São Gonçalo,School,"RUA NILTON BERRIEL, 240, LT 01, QD 02",YES,cação
UMEI AUGUSTO CESAR MORETT SILVA,Rio de Janeiro,São Gonçalo,School,"RUA MANOEL MONTEIRO, 88",YES,cação
UMEI EDNEA MASCARENHAS,Rio de Janeiro,São Gonçalo,School,"R. FELIPE MASCARENHAS, LOTE 01/02",YES,cação
UMEI FORMANDO VIDAS,Rio de Janeiro,São Gonçalo,School,"ESTRADA DA CONCEIÇÃO, 656",YES,cação
UMEI GEORGE SAVALLA GOMES,Rio de Janeiro,São Gonçalo,School,"RUA. DR. GETÚLIO VARGAS, 1207",YES,cação
UMEI JOSE CALIL ABUZAID,Rio de Janeiro,São Gonçalo,School,"ESTRADA SÃO PEDRO, 02",YES,cação
UMEI MANOEL DE SOUZA,Rio de Janeiro,São Gonçalo,School,"RUA PAULO VI, LOTE 14, QD 19",YES,cação
UMEI MARGARIDA MARIA GARCIA DE ARAUJO,Rio de Janeiro,São Gonçalo,School,"RUA DOUTOR PORCIÚNCULA, Nº395",YES,cação
UMEI MARIA NOEMIA LOPES PIRES,Rio de Janeiro,São Gonçalo,School,RUA CLOVIS BEVILAQUANº 10,YES,cação
UMEI NATALINA MUNIZ DE OLIVEIRA,Rio de Janeiro,São Gonçalo,School,"ESTR. DAS PALMEIRAS, RUA 4 (CONJ HAB. DA MARINHA)",YES,cação
UMEI PASTORA MARGARETE ARAUJO,Rio de Janeiro,São Gonçalo,School,"R.EXP. NILO MORAEA PINHEIRO, 204",YES,cação
UMEI PASTOR BENEDITO PANISSET,Rio de Janeiro,São Gonçalo,School,"AV. PORTO DA MADAMA , S/Nº",YES,cação
UMEI PASTOR MILITAO RAMOS DE OLIVEIRA,Rio de Janeiro,São Gonçalo,School,"R. EXP. FRANCISCO DE PAULA MOURA NETO,S/N",YES,cação
UMEI PASTOR SAULO LUIZ,Rio de Janeiro,São Gonçalo,School,"LUCIO BITTENCOURT, QD. 57 LT. 23",YES,cação
UMEI PROF. CLAUDIA MOTA CASTRO,Rio de Janeiro,São Gonçalo,School,"RUA NOVO MÉXICO, QD 7, LT: 57/58",YES,cação
UMEI PROFª CREMILDA RODRIGUES DA CUNHA,Rio de Janeiro,São Gonçalo,School,"RUA SÃO LEOPOLDO, S/N",YES,cação
UMEI PROFESSOR AUGUSTO DE FREITAS LESSA,Rio de Janeiro,São Gonçalo,School,"AV. MARQUÊS DE RESENDE, L 47, Q 304",YES,cação
UMEI PROFESSOR DJAIR CABRAL MALHEIROS,Rio de Janeiro,São Gonçalo,School,"ALAMEDA BRASIL, S/Nº",YES,cação
UMEI PROFESSOR JOAQUIM ALBERTO DE OLIVEIRA – TIO JOAQUIM,Espírito Santo,Vila Velha,School,"Rua Lima, s/n - Araças, Vila Velha - CEP:",YES,cação
UMEI TIA MARCOLINA,Rio de Janeiro,São Gonçalo,School,"ESTRADA JOSÉ DE SOUZA PORTO, 34",YES,cação
UNIDADE DE PRONTO ATENDIMENTO CRUZEIRO DO SUL,Rio Grande do Sul,Porto Alegre,Healthcare,"R. Prof. Manoel Lobato, 151 - Santa Tereza, Porto Alegre - RS",,anjo
VALDÍVIA DA PENHA ANTUNES RODRIGUES,Espírito Santo,Vitória,School,"R. São Marcos,55 - Santos Dumont 29042-670",,cação
VALENTE SIMIONI (PADRE),Santa Catarina,Joinville,School,"R.: Coronel Camacho, 130",,cação
VALENTIM JOÃO DA ROCHA,Santa Catarina,Joinville,School,"R.: XV de Novembro, 7.03",,cação
VALESCA MAY ENGELMANN (PROFª),Santa Catarina,Joinville,School,"Estrada dos Morros, s/nº",,cação
VÂNIUS ABÍLIO DOS SANTOS,Rio Grande do Sul,Gravataí,School,"Av. dos Estados, nº 570 – Pda. 66 - Vila Branca",,anjo
VERA CRUZ,Rio Grande do Sul,Gravataí,School,"Rua Montenegro,nº 135 – Pda. 63 – Vila Vera Cruz",,anjo
VERCENÍLIO DA SILVA PASCOAL,Espírito Santo,Vitória,School,"R. José Martins Delazari, 200 - Joana D'Arc 29048-075",,cação
VEREADOR ARNALDO BORGO,Espírito Santo,Vila Velha,School,"Rua Coronel José Gabriel Marquês Filho, s/n",,cação
VIGILÂNCIA SANITÁRIA,Rio Grande do Sul,Santa Cruz do Sul,Healthcare,"Rua Ernesto Alves, no 746",,anjo
VILA CENTRAL,Rio Grande do Sul,Gravataí,School,"Rua Venezuela, nº 85 - Vila Cruzeiro",,anjo
VILA NEÓPOLIS,Rio Grande do Sul,Gravataí,School,"Rua Paraná, n° 17 - Pda. 70 - Passo do Hilário",,anjo
VILA UNIÃO,Rio Grande do Sul,Porto Alegre,School,"Av. 21 de Abril, 1470",YES,anjo
VINÍCIUS DE MORAES,Rio Grande do Sul,Gravataí,School,"Travessa João Maia, nº 77 – Pda. 97 – Jardim do Cedro/RS 030",,anjo
VIRGÍNIA SOARES (PROFª),Santa Catarina,Joinville,School,"R.: Princesa Mafalda, 468",,cação
VITO CARMINE CERBASI PROFESSOR,São Paulo,Sumaré,School,N/A,YES,cação
VÓ ANA,Rio Grande do Sul,Porto Alegre,School,"R. G, 200 Mário Quintana",YES,anjo
VÓ BELINHA,Rio Grande do Sul,Porto Alegre,School,"R. Pedro Golombiewiski, 353 Mapa",YES,anjo
VÓ MARIA,Rio Grande do Sul,Porto Alegre,School,"Rua Orfanotrófio, 54 beco 14",YES,anjo
VOVÔ CAZEMIRO,Rio Grande do Sul,Porto Alegre,School,"R. Cruzeiro do Sul, 702",YES,anjo
VOVÓ CECÍLIA,Espírito Santo,Vila Velha,School,"Rua Prudente de Morais, 792",YES,cação
VOVO CINHA,Rio de Janeiro,Cabo Frio,School,"Av. Vitor Rocha, 85 - Parque Burle",YES,cação
VOVÓ IDA,Rio Grande do Sul,Porto Alegre,School,"R. Dona Firmina, 1582",YES,anjo
VOVO OLIVIA,Rio de Janeiro,Cabo Frio,School,"Rua Lourival Franco de Oliveira, nº 112 - Jardim Esperança",YES,cação
WADIH JORGE MALUF,São Paulo,Sumaré,School,N/A,YES,cação
WALDEMIRA TERESA DE JESUS,Rio de Janeiro,Cabo Frio,School,"Rua Roma, nº 01 – Jd. Excelsior",,cação
WANDA FELIX DE ANDRADE PROFESSORA,São Paulo,Sumaré,School,N/A,YES,cação
WANDA M.ª NOGUEIRA GONÇALVES,Rio de Janeiro,Cabo Frio,School,"Estrada de Búzios, 100 Jardim Esperança",,cação
WANDA PEREIRA ROQUE,Rio de Janeiro,Cabo Frio,School,"Rua dos Marimbas, s/nº - Samburá - 2º Distrito",,cação
WITTICH FREITAG (PREF.),Santa Catarina,Joinville,School,"Av.: Miguel Alves Castanha, s/nº",,cação
XAROPINHO,Rio Grande do Sul,Porto Alegre,School,"R. G, quadra F, 1001 Mário Quintana",YES,anjo
YOLANDA LUCAS DA SILVA,Espírito Santo,Vitória,School,"R. Canoeiros, 339 - Inhanguetá - 29023-165",,cação
YONE NOGUEIRA,Rio de Janeiro,Cabo Frio,School,"Rua das Tainhas, s/nº, Cajueiro",,cação
ZÉ CARIOCA,Santa Catarina,Joinville,School,"R.: Voluntários da Pátria, 110",,cação
ZÉLIA VIANNA DE AGUIAR,Espírito Santo,Vitória,School,"R. José Farias, s/n° - Santa Luíza 29045-300",,cação
ZÉLIO JOTHA,Rio de Janeiro,Cabo Frio,School,"Av. Joaquim Nogueira, 812 - São Cristóvão",,cação
ZENAIDE GENOVEVA MARCARINI CALVALCANTI,Espírito Santo,Vitória,School,"R. Dr. Pedro Feu Rosa, s/n - Jardim da Penha - 29060-730",,cação
ZILDA ANDRADE,Espírito Santo,Vitória,School,"Av. Hermínio Blackman, 778 - Bairro da Penha - 29047-165",,cação
ZILDA ARNS NEUMANN,Santa Catarina,Joinville,School,"R.: Laranjal, s/nº",,cação
ZILMAR ALVES DE MELLO,Espírito Santo,Vitória,School,"R. João Cont, 120 Nova Palestina 29032-357",,cação
ZORAIDE PROENCA KAYSEL PROFESSORA,São Paulo,Sumaré,School,N/A,YES,cação
ZULMA DO ROSÁRIO MIRANDA (PROFª),Santa Catarina,Joinville,School,"R.: das Cabeleireiras, 101",,cação
HOSPITAL CRISTIANO MACHADO,Minas Gerais,Sabará,Healthcare,"R. Santana, 600 - Santo Antonio (Roca Grande) Sabará - MG",,cação
HOSPITAL GALBA VELOSO,Minas Gerais,Belo Horizonte,Healthcare,"Rua Conde Pereira Carneiro, 364 - Gameleira, Belo Horizonte - MG",,cação
HOSPITAL JÚLIA KUBITSCHEK,Minas Gerais,Belo Horizonte,Healthcare,"R. Dr. Cristiano Rezende, 2745 - Milionários, Belo Horizonte - MG",,cação
ADMINISTRAÇÃO CENTRAL,Minas Gerais,Belo Horizonte,Healthcare,"Alameda Vereador Álvaro Celso, 100 - Centro, Belo Horizonte - MG",,cação
CENTRO PSÍQUICO DE ADOLESCÊNCIA E DE INFÂNCIA,Minas Gerais,Belo Horizonte,Healthcare,"R. Padre Marinho, 150 - Santa Efigênia, Belo Horizonte - MG",,cação
INSTITUTO RAUL SOARES,Minas Gerais,Belo Horizonte,Healthcare,"Av. do Contorno, 3017 - Santa Efigênia, Belo Horizonte - MG",,cação
HOSPITAL INFANTIL JOÃO PAULO II,Minas Gerais,Belo Horizonte,Healthcare,"Alameda Ezequiel Dias, 345 - Centro, Belo Horizonte - MG",,cação
HOSPITAL MARIA AMÉLIA LINS,Minas Gerais,Belo Horizonte,Healthcare,"Rua dos Otoni, 772 - Santa Efigênia, Belo Horizonte - MG",,cação
HOSPITAL ALBERTO CAVALCANTI,Minas Gerais,Belo Horizonte,Healthcare,"R. Camilo de Brito, 636 - Padre Eustáquio, Belo Horizonte - MG",,cação
MATERNIDADE ODETE VALADARES,Minas Gerais,Belo Horizonte,Healthcare,"Av. do Contorno, 9494 - Prado, Belo Horizonte - MG",,cação
HOSPITAL JOÃO XXIII,Minas Gerais,Belo Horizonte,Healthcare,"Av. Prof. Alfredo Balena, 400 - Bairro Santa Efigênia - Belo Horizonte/MG",,cação
CENTRO MINEIRO DE TOXICOMANIA,Minas Gerais,Belo Horizonte,Healthcare,"Alameda Ezequiel Dias, 365 - Centro, Belo Horizonte - MG",,cação
HOSPITAL EDUARDO DE MENEZES,Minas Gerais,Belo Horizonte,Healthcare,"R. Dr. Cristiano Rezende, 2213 - Bonsucesso, Belo Horizonte - MG",,cação
CASA DE SAÚDE SANTA IZABEL,Minas Gerais,Betim,Healthcare,"Av. Prof. Antônio Aleixo, 100 - Colonia Santa Isabel, Betim - MG",,cação
HOSPITAL REGIONAL DE BARBACENA DOUTOR JOSÉ AMÉRICO,Minas Gerais,Barbacena,Healthcare,"Av. 14 de Agosto, S/n - Floresta, Barbacena - MG",,cação
HOSPITALAR PSIQUIÁTRICO DE BARBACENA,Minas Gerais,Barbacena,Healthcare,"Praca Presidente Eurico Gaspar Dutra 374 - Grogotó, Barbacena - MG",,cação
CASA DE SAÚDE SANTA FÉ,Minas Gerais,Três Corações,Healthcare,"Avenida Nossa Senhora do Monte Calvario, 577, Zona Rural, Três Corações - MG",,cação
POSTO DE FISCALIZAÇÃO EXTREMA,Minas Gerais,Extrema,Other,"Km 890, Rodovia Fernão Dias",,cação
POSTO DE FISCALIZAÇÃO EXTREMA,Minas Gerais,Extrema,Other,"Km 948, Rodovia Fernão Dias",,cação
POSTO DE FISCALIZAÇÃO DELFIM MOREIRA,Minas Gerais,Delfim Moreira,Other,"Km 210, Rodovia BR-459",,cação
POSTO DE FISCALIZAÇÃO WAGNER FERREIRA GODINHO,Minas Gerais,Passa Quatro,Other,"Km 28, Rodovia MG 158",,cação
HOSPITAL DA POLÍCIA MILITAR DE MINAS GERAIS,Minas Gerais,Belo Horizonte,Healthcare,"Av. do Contorno, 2787 - Santa Efigênia, Belo Horizonte - MG",,cação
PALÁCIO DAS MANGABEIRAS,Minas Gerais,Belo Horizonte,Other,Rua Mário Tourinho s/nº - Bairro Mangabeiras – Belo Horizonte/MG,,cação
PALÁCIO TIRADENTES,Minas Gerais,Belo Horizonte,Other,"Rodovia Papa João Paulo II, 3777, Cidade Administrativa, Serra Verde Belo Horizonte - MG",,cação
FUNDAÇÃO EZEQUIEL DIAS,Minas Gerais,Belo Horizonte,Other,"Rua Conde Pereira Carneiro, 80 - Gameleira, Belo Horizonte - MG",,cação
CENTRO DE DETENÇÃO PROVISÓRIA DE MAUÁ,São Paulo,Mauá,Prison,"Av. Papa João XXIII, 3905 - RP2 (Regiões de Planejamento), Mauá - SP",,cação
CENTRO DE PROGRESSÃO PENITENCIÁRIA DR. RUBENS ALEIXO SENDIN DE MONGAGUÁ,São Paulo,Mongaguá,Prison,"Avenida dos Mariscos, 500 - Balneário Arara Vermelha - Mongaguá/SP",,cação
CENTRO DE RESSOCIALIZAÇÃO FEMININO DE RIO CLARO,São Paulo,Rio Claro,Prison,"RUA 12 S/Nº ESQUINA C/ A AV DA SAUDADE, RIO CLARO, SP",,cação
PENITENCIÁRIA DOUTOR ANTONIO DE QUEIROZ FILHO DE ITIRAPINA,São Paulo,Itirapina,Prison,"Avenida Otoniel Augusto Rodrigues s/nº, Vila Cianeli, ITIRAPINA, SP",,cação
"PENITENCIÁRIA ""DR. ENIO MENDES JUNIOR"" DE CAPELA DO ALTO",São Paulo,Capela do Alto,Prison,"Rodovia Raposo Tavares, Km 134,1 s/n, Estrada do Capanema, Capela do Alto - SP",,cação
PENITENCIÁRIA DE TAQUARITUBA,São Paulo,Taquarituba,Prison,"Rodovia Eduardo Saigh -SP 255 – KM 326 – Zona Rural, Taquarituba/SP",,cação
CENTRO DE RESSOCIALIZAÇÃO DE MOCOCA,São Paulo,Mococa,Prison,"R. Sasaki Massao, 108 - Distrito Industrial II, Mococa - SP",,cação
PENITENCIÁRIA JOAQUIM DE SYLOS CINTRA DE CASA BRANCA,São Paulo,Casa Branca,Prison,"Rodovia Ary Pinto Lippelt, Km 5, S/N - Rural, Casa Branca - SP",,cação
PENITENCIÁRIA DE LIMEIRA,São Paulo,Limeira,Prison,"Rodovia Luís Ometto (SP 306) - S/N - Km 32+100m - Zona Rural, Limeira - SP",,cação
PENITENCIÁRIA NELSON MARCONDES DO AMARAL,São Paulo,Avaré,Prison,Rua Antônio Quintiliano Teixeira nº 800 – Bairro Barra Grande – Avaré/SP,,cação
CENTRO DE DETENÇÃO PROVISÓRIA DE NOVA INDEPENDÊNCIA,São Paulo,Nova Independência,Prison,"KM 166,, Rod. Euclídes de Figueiredo, Nova Independência - SP",,cação
PENITENCIÁRIA ORLANDO BRANDO FILINTO DE IARAS,São Paulo,Iaras,Prison,"Rod. Municipal Dr. Jair Gilberto Campanati , Km 4 - Zona Rural - Iaras/SP",,cação
CENTRO DE DETENÇÃO PROVISÓRIA DE CERQUEIRA CESAR,São Paulo,Cerqueira César,Prison,"Rodovia Salim Antônio Curiati, SP 245 – km 21 – Zona Rural – Cerqueira César/SP",,cação
PENITENCIÁRIA WELLINGTON RODRIGO SEGURA PRESIDENTE PRUDENTE,São Paulo,Presidente Prudente,Prison,"Estrada Irio Zuntini, km04, Conj. Hab. João Domingos Netto, Cep.19.036-000 – Presidente Prudente/SP",,cação
PENITENCIÁRIA LUIZ GONZAGA VIEIRA DE PIRAJUÍ,São Paulo,Pirajuí,Prison,"Estrada Vicinal Prefeito Anibal Haman, km 06 Bairro Aeroporto– Pirajuí/SP",,cação
PENITENCIÁRIA DE LUCÉLIA + ALA DE PROGRESSÃO,São Paulo,Lucélia,Prison,"Estrada Vicinal Paschoal Milton Lentini, Km 12, Bairro União, Lucélia/SP",,cação
CENTRO DE RESSOCIALIZAÇÃO FEMININO DE SÃO JOSÉ DO RIO PRETO,São Paulo,São José do Rio Preto,Prison,"BR-153, Km 47.5, s/n - Chácaras de Recreio Felicidade (Zona Rural), São José do Rio Preto - SP",,cação
PENITENCIÁRIA DE BERNARDINO DE CAMPOS,São Paulo,Bernardino de Campos,Prison,"Rododovia Raposo Tavares, Km 338, S/N - Zona Rural, Bernardino de Campos - SP",,cação
PENITENCIÁRIA DE CERQUEIRA CESAR,São Paulo,Cerqueira César,Prison,"Rodovia Salim Antônio Curiati SP 245, KM 21 Zona Rural – Cerqueira César/SP",,cação
PENITENCIÁRIA MASCULINA DE RIBEIRÃO PRETO,São Paulo,Ribeirão Preto,Prison,Rodovia Abrão Assed SP 333 KM47–RibeirãoPreto/SP,,cação
PENITENCIÁRIA FEMININA DE RIBEIRÃO PRETO,São Paulo,Ribeirão Preto,Prison,"Rua Alfredo Condeixa, 1666 – Ribeirão Preto/SP",,cação
PENITENCIÁRIA DE FRANCA,São Paulo,Franca,Prison,"Av. Dr. Sidney Romeu de Andrade, s/n - City Petrópolis, Franca - SP",,cação
PENITENCIÁRIA FEMININA “OSCAR GARCIA MACHADO” DE VOTORANTIM,São Paulo,Votorantim,Prison,"Rodovia Raimundo Antunes Soares, SP079, Km 105,5 Bairro: Capoavinha – Votorantim/SP",,cação
PENITENCIÁRIA ADRIANO MARREY DE GUARULHOS,São Paulo,Guarulhos,Prison,"Rodovia Presidente Dutra, Km 13 - Parque Cecap - Guarulhos - SP",,cação
PENITENCIÁRIA JOÃO BATISTA DE SANTANA DE RIOLÂNDIA,São Paulo,Riolândia,Prison,"Estrada Municipal Riolândia/Cardoso, Km 02 - Zona Rural - Riolândia - SP",,cação
PENITENCIÁRIA FEMININA DE CAMPINAS,São Paulo,Campinas,Prison,"Av. João Batista Morato do Canto, nº 100 Bairro São Bernardo, Campinas/SP",,cação
CENTRO DE DETENÇÃO PROVISÓRIA II DE PACAEMBU,São Paulo,Pacaembu,Prison,"Rodovia Vicinal Prefeito Kouitiro Sato, Km 07 + 600 metros, Pacaembu - SP",,cação
CENTRO DE RESSOCIALIZAÇÃO “DR. JOÃO EDUARDO FRANCO PERLATI” DE JAÚ,São Paulo,Jaú,Prison,"Rodovia Comandante João Ribeiro de Barros, Km 188, Jaú/ SP",,cação
PENITENCIÁRIA JAIRO DE ALMEIDA BUENO DE ITAPETININGA,São Paulo,Itapetininga,Prison,"Rodovia Gladys Bernardes Minhoto, KM 63 – Bairro Belo Horizonte – Itapetininga/SP",,cação
CENTRO DE RESSOCIALIZAÇÃO FEMININO DE SÃO JOSÉ DOS CAMPOS,São Paulo,São José dos Campos,Prison,"Tv. Francisco Almada, 81 - Centro, São José dos Campos - SP",,cação
PENITENCIÁRIA FEMININA II DE TREMEMBÉ,São Paulo,Tremembé,Prison,"Rodovia Amador Bueno da Veiga, km 140.5, Tremembé/SP",,cação
PENITENCIARIA DE FLORINEA,São Paulo,Florínia,Prison,"Rodovia SP 333, Km 438 + 754m - Florínea - SP",,cação
PENITENCIÁRIA DE VALPARAÍSO,São Paulo,Valparaíso,Prison,"Estrada Municipal Vps 012/ Vps 351, Km 02 - Valdevino Souza Pacheco, Valparaiso - SP",,cação
"CENTRO DE RESSOCIALIZAÇÃO ""PREFEITO JOÃO MISSAGLIA"" DE MOGI MIRIM",São Paulo,Mogi Guaçu,Prison,"Rodovia Wilson Finardi – SP 191, Km 7,4 – Bairro Vatinga – Mogi Mirim/SP",,cação
PENITENCIÁRIA DR. ANTONIO DE SOUZA NETO DE SOROCABA,São Paulo,Sorocaba,Prison,"Avenida Dr. Antônio de Souza Neto nº 100, Jardim Ouro Branco, Sorocaba/SP",,cação
CENTRO DE RESSOCIALIZAÇÃO DE MARÍLIA,São Paulo,Marília,Prison,"Rodovia Comandante João Ribeiro de Barros, km 465, Parque Serra Dourada, Marília/SP",,cação
PENITENCIÁRIA FEMININA SANT'ANA,São Paulo,São Paulo,Prison,"Av. Gen. Ataliba Leonel, 656 - Carandiru, São Paulo - SP",,cação
"CENTRO DE PROGRESSÃO PENITENCIÁRIA ""DR. ALBERTO BROCCHIERI"" DE BAURU",São Paulo,Bauru,Prison,"Rodovia Marechal Rondon, km 353, Zona Rural, Bauru/SP",,cação
PENITENCIÁRIA MASCULINA DE MAIRINQUE,São Paulo,Mairinque,Prison,"Estrada Municipal Sinindu, 6905 – Bairro Cristal – Mairinque/SP",,cação
"PENITENCIÁRIA ""ASP SANDRO ALVES DA SILVA"" DE SERRA AZUL",São Paulo,Serra Azul,Prison,"SP-333 Rod. Abrão Assed, km 28,7, Serra Azul, São Paulo, Brazil",,cação
PENITENCIÁRIA FEMININA DE MOGI GUAÇU,São Paulo,Mogi Guaçu,Prison,"Estrada Vicinal Governador Almino Monteiro Álvares Afonso, Km 14, s/n - Mogi Guaçu, SP",,cação
"CENTRO DE PROGRESSÃO PENITENCIÁRIA ""PROF. NOÉ DE AZEVEDO"" DE BAURU",São Paulo,Bauru,Prison,"Rod. Cmte. João Ribeiro de Barros, Km 348 - Distrito Industrial III, Bauru - SP",,cação
CENTRO DE RESSOCIALIZAÇÃO DE ATIBAIA,São Paulo,Atibaia,Prison,"Rua José Bonifácio, 680, Centro, CEP 12.940-210, Atibaia/SP",,cação
PENITENCIÁRIA DE ASSIS,São Paulo,Assis,Prison,"Rodovia Clementino Alves de Souza, Km 02 Água do Pavão, Assis/SP",,cação
PENITENCIÁRIA ODETE LEITE DE CAMPOS CRITTER DE HORTOLÂNDIA,São Paulo,Hortolândia,Prison,"Rodovia Jornalista Francisco Aguirre Proença, km 5, Jd. Nossa Senhora de Fátima, Hortolândia-SP",,cação
CENTRO DE RESSOCIALIZAÇÃO DE SUMARÉ,São Paulo,Sumaré,Prison,"Rua Quintino Bocaiúva, 901 – Parque Florença, Sumaré- SP",,cação
PENITENCIÁRIA DE CAPELA DO ALTO,São Paulo,Capela do Alto,Prison,"Rodovia Raposo Tavares, km 134,1 Bairro Capanema – Capela do Alto/SP",,cação
CENTRO DE DETENÇÃO PROVISÓRIA ASP NAYAN XAVIER RIBEIRO DE RIBEIRÃO PRETO,São Paulo,Ribeirão Preto,Prison,"Rod. Abrão Assed km 47, B. Recreio Anhanguera, Ribeirão Preto/SP",,cação
CENTRO DE PROGRESSÃO PENITENCIÁRIA  DE PORTO FELIZ,São Paulo,Porto Feliz,Prison,"Estrada Vicinal Porto Feliz a Rafard Km 05, Bairro Jardim Conceição, Porto Feliz/SP",,cação
PENITENCIÁRIA III DE HORTOLÂNDIA,São Paulo,Hortolândia,Prison,"Rodovia Jornalista Francisco Aguirre Proença, Km 05, Jardim Nossa Senhora de Fátima, CEP 13.185- 902, Hortolândia/SP",,cação
NAVIO OCEANOGRÁFICO ALPHA-CRUCIS DO INSTITUTO OCEANOGRÁFICO DA USP,São Paulo,Santos,Other,N/A,,cação
CENTRO DE RESSOCIALIZAÇÃO DE ATIBAIA RUA JOSÉ BONIFÁCIO,São Paulo,Atibaia,Prison,"680, Centro, CEP 12.940-210, Atibaia/SP",,cação
PENITENCIÁRIA DR. SEBASTIÃO MARTINS SILVEIRA,São Paulo,Araraquara,Prison,"Av. Francisco Vaz Filho, 4.055 – Jd. Pinheiros – Araraquara/SP",,cação
CENTRO DE RESSOCIALIZAÇÃO DR. MANOEL CARLOS MUNIZ DE LINS,São Paulo,Lins,Prison,"Rua Men de Sá, S/N – Bairro Jardim Primavera – Lins/SP",,cação
CENTRO DE DETENÇÃO PROVISÓRIA “ASP FRANCISCO CARLOS CANESCHI” DE BAURU,São Paulo,Bauru,Prison,"Rod. Cmte. João Ribeiro de Barros, Km 349 - Distrito Industrial III, Bauru - SP",,cação
PENITENCIÁRIA DE PONTAL,São Paulo,Pontal,Prison,"Rod. Armando Salles de Oliveira, KM 349.5 – SP 322, Pontal - SP",,cação
PENITENCIÁRIA DE MARÍLIA,São Paulo,Marília,Prison,"Rodovia Comandante João Ribeiro de Barros, km 465, Parque Serra Dourada, Marília/SP",,cação
COMANDO DE POLICIAMENTO DE ÁREA METROPOLITANA 5,São Paulo,São Paulo,Police,"R. Antônio da Costa Barbosa, 100.16BPMM 1CIA, Vila Andrade, São Paulo - SP",,cação
PENITENCIÁRIA DOUTOR GERALDO DE ANDRADE VIEIRA DE SÃO VICENTE,São Paulo,São Vicente,Prison,"Rodovia Padre Manoel da Nóbrega, Km 282, São Vicente - SP",,cação
CENTRO DE RESSOCIALIZAÇÃO MASCULINO DE RIO CLARO “DR. LUIS GONZAGA DE ARRUDA CAMPOS”,São Paulo,Rio Claro,Prison,"Rua 30, n° 200 – Jardim Nova Rio Claro – Rio Claro/SP",,cação
PENITENCIÁRIA JOÃO BATISTA DE ARRUDA SAMPAIO DE ITIRAPINA,São Paulo,Itirapina,Prison,"Rua Dois, 623 – Distrito Industrial – Itirapina/SP",,cação
"DHAS - DIVISÃO HOSPITAL AUXILIAR DE SUZANO, CS3 – ALX NUTIÇÃO E DIETÉTICA HAS",São Paulo,São Paulo,Healthcare,"R. Prudente de Morais, 2200 - Vila Nova Amorim, Suzano - SP",,cação
ICHC - INSTITUTO CENTRAL DO HOSPITAL DAS CLÍNICAS/HCFMUSP,São Paulo,São Paulo,Healthcare,"Av. Dr. Enéas Carvalho de Aguiar, 255 - Cerqueira César, São Paulo - SP",,cação
ICR - INSTITUTO DA CRIANÇA/HCFMUSP,São Paulo,São Paulo,School,"Av. Dr. Enéas de Carvalho Aguiar, 647, São Paulo - SP",YES,cação
IMREA - INSTITUTO DE MEDICINA FÍSICA E REABILITAÇÃO/HCFMUSP,São Paulo,São Paulo,Healthcare,"Rua Diderot, 43 - Vila Mariana, São Paulo - SP",,cação
INCOR - INSTITUTO DO CORAÇÃO/HCFMUSP,São Paulo,São Paulo,Healthcare,"Av. Dr. Enéas de Carvalho Aguiar, 44, São Paulo - SP",,cação
IOT - INSTITUTO DE ORTOPEDIA E TRAUMATOLOGIA/HCFMUSP,São Paulo,São Paulo,Healthcare,"Rua Dr. Ovídio Pires de Campos, 333, Cerqueira Cesar, São Paulo - SP",,cação
IPQ - INSTITUTO DE PSIQUIATRIA/HCFMUSP,São Paulo,São Paulo,Healthcare,"Rua Dr. Ovídio Pires de Campos, 785, Cerqueira Cesar, São Paulo - SP",,cação
RE - RESIDÊNCIA MÉDICA/HCFMUSP,São Paulo,São Paulo,Healthcare,"Rua Dr. Ovídio Pires de Campos, s/nº, São Paulo - SP",,cação
PENITENCIÁRIA I DE SERRA AZUL,São Paulo,Serra Azul,Prison,"Rodovia Abrão Assed, KM 28.7, Serra Azul/SP",,cação
PENITENCIÁRIA DR DANILO PINHEIRO DE SOROCABA,São Paulo,Sorocaba,Prison,"R. Dr. Altíno Arantes, 622, Sorocaba - SP",,cação
PENITENCIÁRIA II DE  SERRA AZUL,São Paulo,Serra Azul,Prison,"Rod. Abrão Assed, km 28,7, Serra Azul/SP",,cação
PENITENCIARIA NELSON VIEIRA DE GUAREI,São Paulo,Guareí,Prison,"ESTRADA VICINAL DOMICIANO DE SOUZA, KM 11, GUAREI - SP",,cação
SEDE DA 2ª CIA/PM DO 49º BPM/I,São Paulo,Itatiba,Military,"R. Castro Alves, 372 - Vila Santa Terezinha, Itatiba - SP",,cação
"CENTRO DE RESSOCIALIZAÇÃO ""DR. MAURO DE MACEDO"" DE AVARÉ",São Paulo,Avaré,Prison,"Av. João Manoel Fernandes, 1050, Avaré/SP",,cação
PENITENCIÁRIA OSÍRIS SOUZA E SILVA DE GETULINA,São Paulo,Getulina,Prison,"Estrada Vicinal Aurélio de Andrade Junqueira, Km 9.5 – Zona Rural – Getulina/SP",,cação
PENITENCIÁRIA DE OSVALDO CRUZ,São Paulo,Osvaldo Cruz,Prison,"Rodovia Comandante João Ribeiro de Barros, Km 572,5, Osvaldo Cruz/SP",,cação
"PENITENCIÁRIA ""TACYAN MENEZES DE LUCENA"" DE MARTINÓPOLIS",São Paulo,Martinópolis,Prison,"Rodovia Homero Severo Lins, Km 542, s/n - Zona Rural, Martinópolis - SP",,cação
PENITENCIÁRIA DE TAIÚVA,São Paulo,Taiúva,Prison,Estrada Municipal TAV 227 -Rod Brigadeiro Faria Lima Sp 329 - km 359. Taiúva/SP,,cação
HOSPITAL DE BASE DE BAURU,São Paulo,Bauru,Healthcare,"R. Monsenhor Claro, 8-88 - Centro, Bauru - SP",,cação
HOSPITAL ESTADUAL MANOEL DE ABREU,São Paulo,Bauru,Healthcare,"Av. Eng. Luís Edmundo Carrijo Coube, 1-100 - Nucleo Res. Pres. Geisel, Bauru - SP",,cação
MATERNIDADE SANTA ISABEL,São Paulo,Bauru,Healthcare,"R. Araújo Leite, 26-27 - Vila Universitaria, Bauru - SP",,cação
PENITENCIÁRIA I DE POTIM,São Paulo,Potim,Prison,"Estrada do Jacaré, Km 9.2 - Das Correias - Potim/SP",,cação
"CENTRO DE CONVIVÊNCIA INFANTIL, UNIVERSIDADE ESTADUAL PAULISTA/UNESP - CÂMPUS DE MARÍLIA",São Paulo,Marília,School,"Av. Hygino Muzzi Filho, 737 - Marília/SP",YES,cação
"RESTAURANTE UNIVERSITÁRIO, FACULDADE DE FILOSOFIA E CIÊNCIAS, UNIVERSIDADE ESTADUAL PAULISTA/UNESP - CÂMPUS DE MARÍLIA",São Paulo,Marília,School,"Av. Higino Muzi Filho, 737 - Mirante, Marília - SP",,cação
COMANDO DE POLICIAMENTO DO INTERIOR 2,São Paulo,Campinas,Military,"Av. João Jorge, 499 - Vila Industrial, Campinas - SP",,cação
PENITENCIARIA II DE POTIM,São Paulo,Potim,Prison,"ESTRADA DO JACARÉ, KM 9,2, POTIM - SP",,cação
PENITENCIÁRIA ODON RAMOS MARANHÃO DE IPERÓ,São Paulo,Iperó,Prison,"Estrada Iperó/Tatuí, Km 5.5, Iperó, SP",,cação
CENTRO DE PROGRESSÃO PENITENCIÁRIA DE PACAEMBU,São Paulo,Pacaembu,Prison,"Rodovia Comandante João Ribeiro de Barros, Km 615 - Pacaembu - SP",,cação
COMANDO DE POLICIAMENTO DE ÁREA METROPOLITANA 12,São Paulo,Mogi das Cruzes,Military,"R. Cel. Souza Franco, 1010 - Centro, Mogi das Cruzes - SP",,cação
CENTRO DE PROGRESSÃO PENITENCIÁRIA DE HORTOLÂNDIA,São Paulo,Hortolândia,Prison,"Rodovia Campinas Monte Mor, Km 5, Hortolândia - SP",,cação
CENTRO DE DETENÇÃO PROVISÓRIA DE TAIÚVA,São Paulo,Taiúva,Prison,"Estrada Municipal TAV 227 – a 257 m do Retorno da Rodovia Brigadeiro Faria Lima – SP 326, KM 359 + 600 m – Taíuva/SP",,cação
29º BATALHÃO DE POLICIA MILITAR DO INTERIOR,São Paulo,Itanhaém,Military,"Rua ESTRADA GENTIL PERES 260, bairro UMUARAMA, ITANHAEM/SP",,cação
HCFMB-UNESP - HOSPITAL DAS CLÍNICAS DA FACULDADE DE MEDICINA DE BOTUCATU DA UNIVERSIDADE ESTADUAL PAULISTA,São Paulo,Botucatu,Healthcare,"STND - Serviço Técnico de Nutrição e Dietética do HCFMB, localizado no Distrito de Rubião Júnior, s/n.º, Botucatu, SP",,cação
PENITENCIÁRIA DE PRACINHA,São Paulo,Pracinha,Prison,"Estrada Vicinal Geraldo Rissato, KM 16 - Pracinha/SP",,cação
"PENITENCIÁRIA ""ASP MARIA FILOMENA DE SOUZA DIAS"" DE ITAPETININGA",São Paulo,Itapetininga,Prison,"Rod. Gladys Bernardes Minhoto, KM 63, Bairro Capão Alto, Itapetininga/SP",,cação
DMR - DIVISÃO DE MEDICINA DE REABILITAÇÃO,São Paulo,São Paulo,Healthcare,"Rua Diderot, 43, Vila Mariana, São Paulo - SP",,cação
HAC - HOSPITAL AUXILIAR DE COTOXÓ/HCFMUSP,São Paulo,São Paulo,Healthcare,"Rua Cotoxó, 1.142, Vila Pompéia, São Paulo - SP",,cação
PRESÍDIO DA POLICIA MILITAR ROMÃO GOMES,São Paulo,São Paulo,Prison,"Av. Ten. Júlio Prado Neves, 451 - Vila Albertina, São Paulo - SP",,cação
HOSPITAL ESTADUAL DE BAURU,São Paulo,Botucatu,Healthcare,"Av. Engº Luiz Edmundo Carrijo Coube, nº 1-100, Jardim Santos Dumont, na cidade de Bauru-SP",,cação
CENTRO DE ATENDIMENTO HOSPITALAR À MULHER PRESA,São Paulo,São Paulo,Healthcare,"Rodovia Raposo Tavares, km 19.5, Jardim Arpoador, São Paulo - SP",,cação
COMANDO DE POLICIAMENTO DO INTERIOR 6,São Paulo,Santos,Military,"Av. Cel. Joaquim Montenegro, 282 - Aparecida, Santos - SP",,cação
PENITENCIÁRIA DE PARAGUAÇU PAULISTA,São Paulo,Paraguaçu Paulista,Prison,"Rod. Manilio Gobbi, Km 47, Paraguaçu Paulista/SP",,cação
HOSPITAL DOUTOR FRANCISCO RIBEIRO ARANTES,São Paulo,Itu,Healthcare,"Rod. Waldomiro Correa de Camargo, km 63 – Itu/SP",,cação
"FACULDADE DE CIÊNCIAS HUMANAS E SOCIAIS, CÂMPUS DE FRANCA, UNIVERSIDADE ESTADUAL PAULISTA/UNESP",São Paulo,Franca,School,"Av. Eufrásia Monteiro Petráglia, 900 - Prolongamento Jardim Dr. Antonio Petraglia, Franca - SP",,cação
CENTRO DE DETENÇÃO PROVISÓRIA DR. JOSÉ EDUARDO MARIZ DE OLIVEIRA DE CARAGUATATUBA,São Paulo,Caraguatatuba,Prison,"Estrada Pirassununga, 500, Caraguatatuba - SP",,cação
"HOSPITAL DE CUSTÓDIA E TRATAMENTO PSIQUIÁTRICO ""PROF. ANDRÉ TEIXEIRA LIMA""",São Paulo,Franco da Rocha,Healthcare,"Rodovia Prefeito Luiz Salomão Chama, Km 43 - Vila Ramos, Franco da Rocha - SP",,cação
HOSPITAL DE CUSTODIA E TRATAMENTO PSIQUIÁTRICO II,São Paulo,Franco da Rocha,Healthcare,"Rod. Pref. Luiz Salomão Chamma, km 45 - Parque Industrial, Franco da Rocha - SP",,cação
CENTRO DE DETENÇÃO PROVISÓRIA HORTOLÂNDIA,São Paulo,Hortolândia,Prison,"Rodovia Campinas Monte Mor Km 5, – Jd. Novo Anglo – Hortolândia/SP",,cação
"CENTRO DE PROGRESSÃO PENITENCIÁRIA ""DR. EDUARDO DE OLIVEIRA VIANNA"" DE BAURU",São Paulo,Bauru,Prison,"Rodovia Marechal Rondon, Km 350, Bauru - SP",,cação
PENITENCIÁRIA MÁRIO DE MOURA ALBUQUERQUE,São Paulo,Franco da Rocha,Prison,"Rodovia Edgar Máximo Zambotto, KM 44.5 S / n in Franco Da Rocha/SP",,cação
PENITENCIÁRIA II DE GÁLIA,São Paulo,Gália,Prison,"SP-331, km 168 – Sentido Norte – Gália/São Paulo",,cação
PENITENCIÁRIA MASCULINA DE PIRACICABA,São Paulo,Piracicaba,Prison,"RODOVIA DEPUTADO LAÉRCIO CORTE SP-147, KM132 S/N, AREIÃO, PIRACICABA/SP",,cação
HOSPITAL UNIVERSITÁRIO DA UNIVERSIDADE DE SÃO PAULO,São Paulo,São Paulo,Healthcare,"Av. Prof. Lineu Prestes, 2565 - Butantã, São Paulo - SP",,cação
COMANDO DE POLICIAMENTO DE ÁREA METROPOLITANA 6,São Paulo,Santo André,Military,"R. Silveiras, 20 - Vila Guiomar, Santo André - SP",,cação
ALMOXARIFADO DO RESTAURANTE UNIVERSITÁRIO,São Paulo,Campinas,School,"Rua Érico Veríssimo nº 50, próximo ao Ciclo Básico II – Cidade Universitária “Zeferino Vaz” – Campinas/SP",,cação
HOSPITAL DAS CLÍNICAS / DIVISÃO DE NUTRIÇÃO E DIETÉTICA (DND),São Paulo,Campinas,Healthcare,Rua Vital Brasil s/nº – Cidade Universitária “Zeferino Vaz” – Campinas/SP,,cação
RESTAURANTE UNIVERSITÁRIO DA FACULDADE DE CIÊNCIAS APLICADAS,São Paulo,Limeira,School,"Rua Pedro Zaccaria, nº 1.300 – Bairro: Jardim São Paulo – Limeira/SP",,cação
"CENTRO DE PROGRESSÃO PENITENCIÁRIA ""DR. EDGARD MAGALHÃES NORONHA"" DE TREMEMBÉ",São Paulo,Tremembé,Prison,"Rodovia Amador Bueno da Veiga, km 138 – Una - Tremembé/SP",,cação
"CENTRO DE CONVIVÊNCIA INFANTIL DA ADMINISTRAÇÃO GERAL DA UNESP, CAMPUS DE BOTUCATU",São Paulo,Botucatu,School,"Rua Prof. Dr. Mauro Rodrigues de Oliveira, s/nº, Bairro: UNESP- Campus de Botucatu, Botucatu/SP",YES,cação
CENTRO DE CONVIVÊNCIA INFANTIL DA FACULDADE DE CIÊNCIAS AGRONÔMICAS DE BOTUCATU,São Paulo,Botucatu,School,"Fazenda Experimental Lageado - Campus Botucatu, R. Dr. José Barbosa de Barros, 1780 - Jardim Paraiso, Botucatu/SP",YES,cação
COMANDO DE POLICIAMENTO DE TRÂNSITO,São Paulo,São Paulo,Military,"Rua Visconde de Parnaiba, 2334 – Brás - São Paulo/ SP",,cação
CENTRO DE DETENÇÃO PROVISÓRIA DE ITATINGA,São Paulo,Itatinga,Prison,"RODOVIA PRESIDENTE CASTELO BRANCO SP 280, KM 228,5 ITATINGA-SP",,cação
"CENTRO DE DETENÇÃO PROVISÓRIA ""MARCOS AMILTON RAYSARO"" DE ICEM",São Paulo,Icém,Prison,"Rodovia BR 153, Km 13, ICÉM-SP",,cação
CENTRO DE PROGRESSÃO PENITENCIÁRIA PROF. ATALIBA NOGUEIRA,São Paulo,Campinas,Prison,"RODOVIA JORNALISTA FRANCISCO DE AGUIRRE PROENÇA, CAMPINAS - SP",,cação
CENTRO DE RESSOCIALIZAÇÃO DE BRAGANÇA PAULISTA,São Paulo,Bragança Paulista,Prison,"RUA ADOLFO BERTOLOTTI, 330, BRAGANÇA PAULISTA, SP",,cação
CENTRO DE RESSOCIALIZAÇÃO DE LIMEIRA,São Paulo,Limeira,Prison,"Via Jurandir Da Paixão De Campos Freire, Km 4,5, S/N - Zona Rural – Limeira-SP",,cação
Centro POP (Centro de Referência Especializado para População em Situação de Rua) de Bauru,São Paulo,Bauru,Social Services,Centro de Referência Especializado para População em Situação de Rua,,cação
DEPARTAMENTO DE ÁGUA E ESGOTO DE BAURU,São Paulo,Bauru,Other,"Rua Padre João, 11-25, Vila Santa Tereza",,cação
CC ALICE BARROS DE AZEVEDO,São Paulo,Bauru,School,"Rua Santo Antonio, 15-41 Bela Vista",YES,cação
CC ANTONIO PEREIRA,São Paulo,Bauru,School,"Rua Castro Alves, 13-53 Alto Paraíso",YES,cação
CC BOM PASTOR IVPIH (RAINHA DA PAZ),São Paulo,Bauru,School,"Rua Halin Aidar, 3-14 Vila Santa Terezinha",YES,cação
CC CAADH,São Paulo,Bauru,School,"Rua José dos Santos Garcia, 1-115 Pousada da Esperança",YES,cação
CC CEVAC,São Paulo,Bauru,School,"Rua Alziro Zarur, 13-10 P. Geisel",YES,cação
CC DOCE RECANTO,São Paulo,Bauru,School,"Rua Lúcio Rúbio Húrtado, 1-20 Octávio Rasi",YES,cação
CC ERNESTO QUAGGIO,São Paulo,Bauru,School,"Rua Triagem, 4-71 Santa Luzia",YES,cação
CC EVANGÉLICA BOM PASTOR,São Paulo,Bauru,School,"Rua Joaquim Rodrigues Madureira, 1-26 Pq São Geraldo",YES,cação
CC FORMIGUINHAS PAULO FREIRE,São Paulo,Bauru,School,"Alameda Jupter, 10-25 Jaraguá",YES,cação
CC IRMÃ CATARINA,São Paulo,Bauru,School,"Rua Pedro Fernandes, 12-34 Ipiranga",YES,cação
CC JARDIM NICÉIA,São Paulo,Bauru,School,"Rua André Luiz dos Santos, 1-111 Jd. Nicéia",YES,cação
CC JOÃO PAULO II,São Paulo,Bauru,School,"Rua Alexandre Jorge Nasralla, 1-68 Beija – Flor",YES,cação
CC LEOCÁDIO CORREIA,São Paulo,Bauru,School,"Rua São Gonçalo, 7-54 Universitária",YES,cação
CC MADRE THEODORA VOIRON,São Paulo,Bauru,School,"Rua Felicíssimo Antonio Pereira, 20-30 Jardim Eugênia",YES,cação
CC MARIA RIBEIRO,São Paulo,Bauru,School,"Rua Bernardino de Campos, 2-28 Falcão",YES,cação
CC MONTEIRO LOBATO,São Paulo,Bauru,School,"Rua Dr. Fuas de Matos Sabino, 11-40 Jardim América",YES,cação
CC NOSSA CRIANÇA TIBIRIÇÁ,São Paulo,Bauru,School,"Rua Joaquim Rodrigues Fraga, 1-9 Centro de Tibiriçá",YES,cação
CC NOSSA SENHORA DO DESTERRO,São Paulo,Bauru,School,"Rua Caetano Imparato, 2-69 Vl. São Paulo",YES,cação
CC NOVA ESPERANÇA,São Paulo,Bauru,School,"Rua Soldado Mario Rodrigues, 1-60 Nova Esperança",YES,cação
CC PASTORES DE BELÉM,São Paulo,Bauru,School,"Rua Dr. Afrânio Roberto da Silva, 3-44 Vila Galvão",YES,cação
CC PINGO DE GENTE,São Paulo,Bauru,School,"Rua Barão de Itapetininga, 9-79 Pres. Geisel",YES,cação
CC PINGO DE GENTE II,São Paulo,Bauru,School,"Rua Carlos Delplete, 14-25 Jd. Europa",YES,cação
CC PROJETO CRESCER,São Paulo,Bauru,School,"Rua José Vicente Aiello, 8-20 Parque da Nações",YES,cação
CC RODRIGUES DE ABREU – REDENTOR,São Paulo,Bauru,School,"Rua São Valentim, 3-70 J. Redentor",YES,cação
CC SÃO JOSÉ,São Paulo,Bauru,School,"Rua Alcino Pinheiro Chagas, 1-40 Fortunato Rocha Lima",YES,cação
CC SÃO JUDAS E SÃO DIMAS,São Paulo,Bauru,School,"Rua Armando Azevedo, 3-39 Vila Santa Clara",YES,cação
CC SÃO PAULO,São Paulo,Bauru,School,"Rua Galdêncio Piola, 5-25 Vila São Paulo",YES,cação
CC SEMENTINHAS,São Paulo,Bauru,School,"Rua Maria Rosa, 3-27 V. Independência",YES,cação
CC UNIDOS PARA O BEM,São Paulo,Bauru,School,"Rua Coronel Alves Seabra, 5-78 Vila Seabra",YES,cação
CEEJA TANCREDO NEVES,São Paulo,Bauru,School,"Rua Carlos de Campos, Q4, Vila Souto",,cação
CEJA I PÓLO JARDIM PETRÓPOLIS,São Paulo,Bauru,School,"Rua Mario Rossi, n.º 7-71, Jardim Petrópolis",,cação
CEJA II PÓLO JD. REDENTOR / JD. CAROLINA,São Paulo,Bauru,School,"Rua Olavo Moura, n.º 2-36, Jardim Redentor",,cação
CEJA III PÓLO NÚCLEO MARY DOTA,São Paulo,Bauru,School,"Rua Maria Elisa N. de Oliveira, n.º 1-100, Núcleo Hab. Mary Dota",,cação
CEJA IV PÓLO JARDIM GODOY E ALMOXARIFADO,São Paulo,Bauru,School,"Rua Prof.ª Aracy Santinho Barbieri, n.º2-50, Jardim Godoy",,cação
CEJA SEDE,São Paulo,Bauru,School,"Rua Paraguai, n.º 1-56, Jardim Terra Branca",,cação
CEJA V PÓLO VILA SÃO PAULO,São Paulo,Bauru,School,"Rua Sebastião Ferraz da Costa, quadra 04, Vila São Paulo",,cação
CEJA VI PÓLO EDSON FRANCISCO DA SILVA,São Paulo,Bauru,School,"Rua Prof.º Floripes Silveira de Souza, n.º 1-8, Núcleo Hab. Edson F. Silva",,cação
CEJA VII PÓLO NÚCLEO FORTUNATO ROCHA LIMA,São Paulo,Bauru,School,"Rua Alcino Pinheiro Chaga, n.º 1-45, Núcleo Hab. Fortunato Rocha Lima",,cação
CEJA VIII PÓLO PARQUE DAS NAÇÕES E ALMOXARIFADO,São Paulo,Bauru,School,"Rua Augusto Bastazini, n.º 3-71, Parque das Nações",,cação
CEJA VILA VICENTINA,São Paulo,Bauru,School,"Rua Jorge Pimentel, nº 2-5, Vila Engler",,cação
EE ADA CARIANE AVALONE,São Paulo,Bauru,School,"Av. Marcos de Paula Rafael, Q.20 Mary Dota",,cação
EE ALTO JARAGUÁ (MA EUNICE BORGES DE MIRANDA),São Paulo,Bauru,School,"Rua Juvenal Bastos 5-15, Parque Jaraguá",,cação
EE ANA ROSA ZUIKER D’ANUNZIATA,São Paulo,Bauru,School,"Rua Luiza Peres Rego, 1-70, Julio Nóbrega",,cação
EE ANTONIO FERREIRA DE MENEZES,São Paulo,Bauru,School,"Rua Capitão Mário Rossi, 9-37, Alto Alegre",,cação
EE ANTONIO GUEDES DE AZEVEDO,São Paulo,Bauru,School,"Rua Flávio de Toledo Campos, Jardim Pagani",,cação
EE ANTONIO JORGE LIMA,São Paulo,Bauru,School,"Rua Orlando Querobim, Q.20, Nobuji Nagasawa",,cação
EE ANTONIO SERRALVO SOBRINHO,São Paulo,Bauru,School,"Rua José Miguel, Q.19, Vila Ipiranga",,cação
EE ANTONIO XAVIER DE MENDONÇA,São Paulo,Bauru,School,"Rua Romeu Crivelli, 8-20, Vila Industrial",,cação
EE AYRTON BUSCH,São Paulo,Bauru,School,"Rua Profº Ayrton Busch, 14-41 Parque Jaraguá",,cação
EE AZARIAS LEITE,São Paulo,Bauru,School,"Rua Dante Gigo, 5-80, Jardim Carolina",,cação
EE CARLOS CHAGAS,São Paulo,Bauru,School,"Rua Benedito Raimundo de Mattos, 3-80 – Vila São Paulo",,cação
EE CAROLINA LOPES DE ALMEIDA,São Paulo,Bauru,School,"Rua Nelson Miranda e Silva, 2-68, Pq. São Geraldo",,cação
EE CHRISTINO CABRAL,São Paulo,Bauru,School,"Rua Gerson França, 19-185, Jardim Estoril",,cação
EE DURVAL GUEDES DE AZEVEDO,São Paulo,Bauru,School,"Rua Marcel Pinto de Oliveira, 4-67 Jardim Ouro Verde",,cação
EE EDSON BASTOS GASPARINI,São Paulo,Bauru,School,"Rua dos Ferroviários, 6-50, Gasparine",,cação
EE EDUARDO VELHO FILHO,São Paulo,Bauru,School,"Rua Vangélio Mondélli, 1-23, Jardim Santana",,cação
EE ERNESTO MONTE,São Paulo,Bauru,School,"Praça das Cerejeiras, 4-44, Vila Noemi",,cação
EE FRANCISCO ALVES BRIZOLA,São Paulo,Bauru,School,Rua Dr. Ivo Giunta 2-45 Geisel,,cação
EE FRANCISCO ANTUNES,São Paulo,Bauru,School,"Praça Marechal Roldan s/n°, Vila Seabra",,cação
EE GUIA LOPES,São Paulo,Bauru,School,"Rua da Igreja, 1-23, Vila Dutra",,cação
EE HENRIQUE BERTOLUCCI,São Paulo,Bauru,School,"Rua Gabriel Pinto Ribeiro, 3-44, Vila Independência",,cação
EE IRACEMA DE CASTRO AMARANTES,São Paulo,Bauru,School,"Rua Vitória, 14-99, Vila Cordeiro",,cação
EE IRMÃ ARMINDA SBRISSIA,São Paulo,Bauru,School,"Rua Benedito de Abreu, 2-41, Nova Esperança",,cação
EE JOÃO MARINGONI,São Paulo,Bauru,School,"Rua Julieta Guedes de Mendonça, 1-50 Beija – Flor",,cação
EE JOÃO PEDRO FERNANDES,São Paulo,Bauru,School,"Rua dos Pintores, s/nº, Vanuire",,cação
EE JOÃO SIMÕES NETO,São Paulo,Bauru,School,"Rua Josefina Francisco Malaquine, Santa Tereza",,cação
EE JOAQUIM D’MICHIELLI,São Paulo,Bauru,School,"Rua Dr. Bernardino Tranchese, 2-51 Cruzeiro do Sul",,cação
EE JOAQUIM RODRIGUES MADUREIRA,São Paulo,Bauru,School,"Praça das Orquídeas, 1-06, P. Vista Alegre",,cação
EE JOSÉ AP. GUEDES DE AZEVEDO,São Paulo,Bauru,School,"Rua Olavo Bilac, 12-40, Bela Vista",,cação
EE JOSÉ RANIERI,São Paulo,Bauru,School,"Rua Engº Xerxes dos Santos, 12-40 P. Hipódromo",,cação
EE JOSÉ VIRANDA,São Paulo,Bauru,School,"Rua Fortunato Resta, 8-10, Jardim Faria",,cação
EE LUIZ BRAGA,São Paulo,Bauru,School,"Rua Dr. Fuás de Mattos Sabino, 16-56 Jardim Europa",,cação
EE LUIZ CARLOS GOMES,São Paulo,Bauru,School,"Rua João Abdelnur Abrahão, 1-10 Vila Dutra",,cação
EE LUIZ CASTANHO DE ALMEIDA,São Paulo,Bauru,School,"Rua Campos Salles, 11-22, Vl. Falcão",,cação
EE LUIZ ZUIANI,São Paulo,Bauru,School,"Rua Aviador Gomes Ribeiro, 34-60 Parque São Jorge",,cação
EE MAJOR FRAGA,São Paulo,Bauru,School,"Rua Carmelo Zamataro, 2-64, Tibiriçá",,cação
EE MARIA AP. MASCHIETO OKASAKI,São Paulo,Bauru,School,Rua Angelo Pascoal 2-51 Vânia Maria,,cação
EE MARIA EUNICE BORGES AUTO JARAGUÁ,São Paulo,Bauru,School,"Rua Juvenal Bastos, 5-15 Pq. Jaraguá",,cação
EE MARTHA AP. H. BARBOSA,São Paulo,Bauru,School,"Rua Sargº José dos Santos, 12-13, Nova Esperança",,cação
EE MERCEDES PAES BUENO,São Paulo,Bauru,School,"Rua Xingu, 7-46, Higienópolis",,cação
EE MORAIS PACHECO,São Paulo,Bauru,School,"Rua Primeiro de Maio, 16-10, Parque Boa Vista",,cação
EE PLÍNIO FERRAZ,São Paulo,Bauru,School,"Rua Riachuelo, 8-41, Vila Razuk",,cação
EE POUSADA DA ESPERANÇA,São Paulo,Bauru,School,"Rua José dos Santos Garcia qd. 2, Pousada da Esperança",,cação
EE SALVADOR FILARDI,São Paulo,Bauru,School,"Rua Irene Pregnolato Pinto Nogueira, 1-50 Vila Industrial",,cação
EE SEBASTIANA VALDIRIA P. DA SILVA,São Paulo,Bauru,School,"Rua Carlos Pereira Bicudo, 2-80, Parque Jaraguá",,cação
EE SILVÉRIO SÃO JOÃO,São Paulo,Bauru,School,"Rua Antonio Xavier de Mendonça, 5-35 V. Universitária",,cação
EE STA EDWIRGES (MA AP MASCHIETO OKAZAKI),São Paulo,Bauru,School,"Rua Ângelo Pascoal, 2-51, Vânia Maria",,cação
EE STELA MACHADO,São Paulo,Bauru,School,"Rua Wenceslau Braz, 15-73, Vila Pacífico",,cação
EE SUELI AP. SÉ ROSA,São Paulo,Bauru,School,"Rua Robelio Bonora, 2-35, Bauru I",,cação
EE TANGARAS,São Paulo,Bauru,School,"Rua Francisco Mandaliti, Q. 09, Tangaras",,cação
EE TORQUATO MINHOTO,São Paulo,Bauru,School,"Rua Silva Jardim, 11-22, Bela Vista",,cação
EE VERA CAMPAGNANI,São Paulo,Bauru,School,"Rua São Valentin, 3-30, Jardim Redentor",,cação
EE WALTER BARRETO MELCHERT,São Paulo,Bauru,School,"Rua José Fazzio, 1-50, Octávio Rasi",,cação
EMEF ALZIRA CARDOSO,São Paulo,Bauru,School,"Rua Orozimbo Florêncio Figueiredo, 4-45 Chapadão",,cação
EMEF CLAUDETE DA SILVA VECCHI,São Paulo,Bauru,School,"Rua Urias Baptista, 4-20 Pq. Viaduto",,cação
EMEF CÔNEGO ANÍBAL DIFRANCIA,São Paulo,Bauru,School,"Alameda Manoel Figueiredo, 120 Pq. São Geraldo",,cação
EMEF DIRCE BOEMER G. AZEVEDO,São Paulo,Bauru,School,"Rua João Poleti, 3-54, Vila Guedes de Azevedo",,cação
EMEF ETELVINO MADUREIRA,São Paulo,Bauru,School,Rua Severino Dantas de Souza Jd. Florida,,cação
EMEF GERALDO ARONE,São Paulo,Bauru,School,"Rua João Prudente Sobrinho, 9-05 Fortunato R. Lima",,cação
EMEF IVAN ENGLER DE ALMEIDA,São Paulo,Bauru,School,"Av. Maria Ranieri, 4-30 Jd. Vitoria",,cação
EMEF JOSÉ FRANCISCO JUNIOR,São Paulo,Bauru,School,"Rua João Borges, 2-30 Jd. Progresso",,cação
EMEF JOSÉ ROMÃO,São Paulo,Bauru,School,"Rua Pedro de Castro Pereira, 8-20 Nova Bauru",,cação
EMEF LIDIA ALEXANDRINA CURY,São Paulo,Bauru,School,"Rua Anthero Donnini,1-125 Geisel",,cação
EMEF LOURDES DE OLIVEIRA COLNAGHI,São Paulo,Bauru,School,"Rua Eng° João B. Pacheco Fantin, 3-20 José Regino",,cação
EMEF MARIA CHAPARRO COSTA,São Paulo,Bauru,School,"Alameda Urano, 5-38 Santa Edwirges",,cação
EMEF NACILDA DE CAMPOS,São Paulo,Bauru,School,"Rua Joaquim Marciano, 5-39 V. Garcia",,cação
EMEF SANTA MARIA,São Paulo,Bauru,School,"Rua Assumpção, 2-11. Nova Santa Luzia",,cação
EMEF TERESA TARZIA,São Paulo,Bauru,School,"Rua Antonio Montebugnoli, 6-32 Nobuji Nagasawa",,cação
EMEF WALDOMIRO FANTINI,São Paulo,Bauru,School,"Rua Primo Pegoraro, 2-45, Pq. Santa Cândida",,cação
EMEI ANTONIO GUEDES DE AZEVEDO,São Paulo,Bauru,School,"Rua Antonio Gasparine, 1-31 Jardim Ferraz",YES,cação
EMEI ARACY PELLEGRINA BRAZOLOTO,São Paulo,Bauru,School,"Rua José Neves Soriano, 4-60 Vila Dutra",YES,cação
EMEI CARLOS GOMES PEIXOTO DE MELLO,São Paulo,Bauru,School,"Rua Carmo Bartolotti, 3-30 Jardim Vânia Maria",YES,cação
EMEI CATARINA PAULUCCI SILVA,São Paulo,Bauru,School,"Rua Benedito Raimundo de Mattos, Q.3 Vila São Paulo",YES,cação
EMEI DORIVAL TEIXEIRA DE GODOY,São Paulo,Bauru,School,"Rua Luiz Boneti, 1-260 Jardim Pagani",YES,cação
EMEI EDNA KANLA FAINA,São Paulo,Bauru,School,"Alameda dos Heliotrópos, 7-35 Parque Vista Alegre",YES,cação
EMEI FLORIPES SILVEIRA DE SOUZA,São Paulo,Bauru,School,"Rua João Guedes, 1-80 Edson Francisco da Silva",YES,cação
EMEI FRANCISCO GABRIELE NETO,São Paulo,Bauru,School,"Rua Cuba, 7-80 Vila Independência",YES,cação
EMEI JAYME BICHUSKY,São Paulo,Bauru,School,"Rua Joaquim Felipe de Mello, 2-33 Jardim Godoy",YES,cação
EMEI JOSÉ GORI,São Paulo,Bauru,School,"Rua Carlos Pereira Bicudo, 4-130 Pq. Jaraguá",YES,cação
EMEI LEILA DE FÁTIMA CASSAB,São Paulo,Bauru,School,"Av. Cruzeiro do Sul, 13-15 Jardim Cruzeiro do Sul",YES,cação
EMEI LIONS CLUB,São Paulo,Bauru,School,Rua Silva Jardim 11-80 Bela Vista,YES,cação
EMEI Mª ROSA DA CONCEIÇÃO LIMA,São Paulo,Bauru,School,"Rua Anthero Donini, 1-115 Pres. Geisel",YES,cação
EMEI MAGDALENA P.S.MARTHA,São Paulo,Bauru,School,"Rua Maria Elisa Nogueira, Q.1 Mary Dota",YES,cação
EMEI MANOEL ALMEIDA BRANDÃO,São Paulo,Bauru,School,"Rua Bernardino de Campos, 6-68 Vila Falcão",YES,cação
EMEI MARIA ELIZABETH CAMILO DE PÁDUA,São Paulo,Bauru,School,"Rua Maria Colonhesi, s/nº Gasparine",YES,cação
EMEI MIRIAN AP. DE OLIVEIRA,São Paulo,Bauru,School,"Rua Luiz Carlos M.Balaminuth, 2-27 Fortunato Rocha Lima",YES,cação
EMEI NIDOVAL REIS,São Paulo,Bauru,School,"Rua Luiz Bortolieiro Neto, 1-49 Edmundo Coube",YES,cação
EMEI ORLANDO SILVEIRA MARTINS,São Paulo,Bauru,School,"Rua Valdemir Nunes Medeiros, 4-100 Santa Luzia",YES,cação
EMEI ROSÂNGELA V. M. CARVALHO,São Paulo,Bauru,School,"Rua Orlando Ranieri, 7-38 Jardim Marambá",YES,cação
EMEI VALÉRIA DALVA DE AGUSTINHO,São Paulo,Bauru,School,"Rua Carlos Eduardo Gomes, Q.06, Jardim Ivone",YES,cação
EMEI VALÉRIA DE OLIVEIRA ASENJO,São Paulo,Bauru,School,"Rua Joaquim Gonçalves Soriano, 6-25 Pousada Esperança",YES,cação
EMEI VERA LUCIA CURY SAVI,São Paulo,Bauru,School,"Rua Sargento Manoel Inojosa, 3-59 Nova Esperança",YES,cação
EMEII ABIGAIL FLORA HORTA,São Paulo,Bauru,School,"Rua Ponciano Ferreira de Menezes, Q.6",YES,cação
EMEII AIDA TIBIRIÇÁ BORRO,São Paulo,Bauru,School,"Rua Major Fonseca Osório, 4-60 Vila Antártica",YES,cação
EMEII ANTONIO DAIBEM,São Paulo,Bauru,School,"Rua Carmo Bartolotti, Q.6 s/nº Vânia Maria",YES,cação
EMEII APARECIDA PEZZATTO,São Paulo,Bauru,School,"Rua Edson Rodrigues Pitta, 2-49, Vila Rocha",YES,cação
EMEII ARLINDO BOEMER GUEDES DE AZEVEDO 1,São Paulo,Bauru,School,Alameda Cártago qd 06 Parque Santa Edwirges,YES,cação
EMEII ARLINDO BOEMER GUEDES DE AZEVEDO 2,São Paulo,Bauru,School,"Alameda Júpiter, 10-25, Parque Santa Edwirges",YES,cação
EMEII CARLOS CORREA VIANA,São Paulo,Bauru,School,"Rua Marieta França, 8-76 Jd. Gerson França",YES,cação
EMEII CHAPEUZINHO,São Paulo,Bauru,School,"Rua Tamandaré, 29-74 V. Ipiranga",YES,cação
EMEII DALVA DE FREITAS,São Paulo,Bauru,School,"Rua João Borges, 2-60 Jardim Progresso",YES,cação
EMEII ETELVINA ARAUJO ALMEIDA,São Paulo,Bauru,School,"Rua Julio Simões, 2-45 Vila Garcia",YES,cação
EMEII FRANCISCO GUEDES BOMBINI (JD. NICÉIA),São Paulo,Bauru,School,"Rua André Luiz dos Santos, 1-111, Jd. Nicéia",YES,cação
EMEII GARIBALDO,São Paulo,Bauru,School,"Praça dos Viajantes, s/nº Jardim Santana",YES,cação
EMEII GASPARZINHO,São Paulo,Bauru,School,Rua Gerson França 9-70 Centro,YES,cação
EMEII GILDA DOS SANTOS IMPROTA,São Paulo,Bauru,School,"Rua Antonio Bortone, 1-140 José Regino",YES,cação
EMEII GISELI MARIE S.PINTO SAVI,São Paulo,Bauru,School,Rua Alfredo Rodrigues de Souza Q.13 – Vila Celina,YES,cação
EMEII GLÓRIA CRISTINA MELLO LIMA,São Paulo,Bauru,School,"Rua Agenor Meira, 18-58 - Jardim Estoril",YES,cação
EMEII HORÁCIO GONÇALVES PAULA,São Paulo,Bauru,School,"Rua José Sbeghen, 1-115 Vila Tecnológica",YES,cação
EMEII HUBERT RADMARKES,São Paulo,Bauru,School,"Rua dos Enfermeiros, s/nº Gasparine",YES,cação
EMEII IARA CONCEIÇÃO VICENTI,São Paulo,Bauru,School,"Rua Zoraide Ribeiro Buzo, Q.3 Jardim Chapadão",YES,cação
EMEII IRENE FERREIRA CHERMONT,São Paulo,Bauru,School,"Alameda dos Crisântemos, Q.5 Parque Vista Alegre",YES,cação
EMEII ISAAC PORTAL ROLDAN,São Paulo,Bauru,School,Rua Carlos Gomes Camargo 3-81 Octavio Rasi,YES,cação
EMEII JOÃO MARINGONI,São Paulo,Bauru,School,"Rua Padre Nóbrega,17-42 Vila Camargo",YES,cação
EMEII JOSÉ TOLEDO FILHO - CAIC,São Paulo,Bauru,School,"Rua Sargento José dos Santos, Q.12 – Nova Esperança",YES,cação
EMEII LEILA BERRIEL AIDAR,São Paulo,Bauru,School,"Rua Afonso Pena, 15-30 Vila Seabra",YES,cação
EMEII LILIAN AP. HADAD,São Paulo,Bauru,School,"Rua Dezenove, 3-40 Leão XIII",YES,cação
EMEII LUZIA MARIA DAIBEM F. DE ARRUDA,São Paulo,Bauru,School,Rua Luiz Marcilio Bernardo 03-160 Nobuji Nagasawa,YES,cação
EMEII LUZIA TEREZINHA O. BRAGA,São Paulo,Bauru,School,"Av. das Bandeiras, 12-50 Vl. Industrial",YES,cação
EMEII MADRE TEREZA CALCUTÁ,São Paulo,Bauru,School,"Rua Maria José Silvério dos Santos, 2-35 Bauru XXII",YES,cação
EMEII MÁRCIA ALMEIDA BIGHETTI,São Paulo,Bauru,School,"Rua Adauto de Carvalho, 1-180 Mary Dota",YES,cação
EMEII MÁRCIA ANDALÓ,São Paulo,Bauru,School,"Al. Demóstenes, 10-45 P. Roosevelt",YES,cação
EMEII MÁRCIA ERNESTA,São Paulo,Bauru,School,"Rua Benedito José Teixeira, Q.1 Pq Roosevelt",YES,cação
EMEII MARIA ALICE SEABRA,São Paulo,Bauru,School,"Rua João de Góes M. Sayão Neto, 5-39 V. Industrial",YES,cação
EMEII MARIA CONCEIÇÃO GELONESE,São Paulo,Bauru,School,"Rua Márcia Andaló M. Carvalho, 1-71 Jd. Rosa Branca",YES,cação
EMEII MARIA DE FÁTIMA FIGUEIREDO,São Paulo,Bauru,School,"Rua Santo Garcia, Q.05 Pousada da Esperança",YES,cação
EMEII MARIA DE LOURDES SEGALA,São Paulo,Bauru,School,"Rua Dr. Adolfo Miraglia, 6-91 Bauru XVI",YES,cação
EMEII MARIA HELENA AMATINI,São Paulo,Bauru,School,"Rua Tomaz Bosco, Q.1 Jardim Ouro Verde",YES,cação
EMEII MARIA IZOLINA,São Paulo,Bauru,School,"Rua Felicíssimo Antonio Pereira, Q. 20 V. Santista",YES,cação
EMEII MÔNICA C. DE CARVALHO,São Paulo,Bauru,School,"Alameda Urano, 6-51 Santa Edwirgues",YES,cação
EMEII PINÓQUIO,São Paulo,Bauru,School,"Rua Felicíssimo Antonio Pereira, Q. 20 V. Santista",YES,cação
EMEII ROBERVAL BARROS,São Paulo,Bauru,School,"Rua Marcel Pinto de Oliveira, Q.07 Jd. Ouro Verde",YES,cação
EMEII ROSA INÊS UNGARO,São Paulo,Bauru,School,Rua Pedro Barreiro de Figueiredo Q. 4 Pousada da Esperança II,YES,cação
EMEII STELIO MACHADO LOUREIRO,São Paulo,Bauru,School,"Praça Rodrigues de Abreu, 3-51 Centro",YES,cação
EMEII VENÂNCIO R.G. DE AZEVEDO,São Paulo,Bauru,School,"Rod. Com. João Ribeiro de Barros, KM.225/226 - Aimorés",YES,cação
EMEII WILSON MONTEIRO BONATO,São Paulo,Bauru,School,"Av. Nossa Senhora de Fátima, 16-29 Jardim Europa",YES,cação
ENSINO ESPECIAL APAE,São Paulo,Bauru,School,"Av. José Henrique Ferraz, 20-20 Jardim Ouro Verde",,cação
ENSINO ESPECIAL APIECE,São Paulo,Bauru,School,"Rua Zéphilo Grizoni, 7-87 Jardim Petrópolis",,cação
ETEC RODRIGUES DE ABREU,São Paulo,Bauru,School,"Rua Virgílio Malta, nº 12-70, Centro",,cação
12º GRUPAMENTO DE BOMBEIROS,São Paulo,Bauru,Other,"Rua Joaquim Marques de Figueiredo, 1-90 – Distrito Industrial",,cação
CENTRO DE REFERÊNCIA DA ASSISTÊNCIA SOCIAL (CRAS),São Paulo,Bauru,Social Services,N/A,,cação
PENITENCIÁRIA II DE SERRA AZUL,São Paulo,Serra Azul,Prison,"Rod. Abrão Assed, Km 28,7 - Caixa Postal 46 - Zona Rural, Serra Azul - SP",,cação
REFEITÓRIO DO SAAE,São Paulo,Indaiatuba,Other,"Rua Tangará no 540, Vila Avaí, Indaiatuba-SP",,cação
HOSPITAL NOSSA SENHORA APARECIDA,Minas Gerais,Belo Horizonte,Healthcare,"Rua Joaquim Gouveia, nº 560, Bairro São Paulo, Belo Horizonte/MG",,cação
HOSPITAL METROPOLITANO ODILON BEHRENS,Minas Gerais,Belo Horizonte,Healthcare,"Rua Saldanha Marinho s/nº, Bairro Lagoinha, Belo Horizonte/MG",,cação
RESIDÊNCIA OFICIAL DO GOVERNO,Espírito Santo,Vitória,Other,"Rua Santa Luzia, s/n, Praia da Costa, Vila Velha - ES",,cação
ASSOCIAÇÃO DE ABRIGO DE MUQUI “LAR FREI PEDRO”,Espírito Santo,Vitória,Social Services,"R. Joaquim Afonso, 519 - Boa Esperança, Muqui - ES",,cação
"HALFWAY HOUSES FOR CHILDREN (""CASA DE PASSAGEM"")|1",Espírito Santo,Vila Velha,Social Services,N/A,,cação
"HALFWAY HOUSES FOR CHILDREN (""CASA DE PASSAGEM"")|2",Espírito Santo,Vila Velha,Social Services,N/A,,cação
"HALFWAY HOUSES FOR CHILDREN (""CASA DE PASSAGEM"")|3",Espírito Santo,Vila Velha,Social Services,N/A,,cação
"HALFWAY HOUSES FOR CHILDREN (""CASA DE PASSAGEM"")|4",Espírito Santo,Vila Velha,Social Services,N/A,,cação
"HALFWAY HOUSES FOR CHILDREN (""CASA DE PASSAGEM"")|5",Espírito Santo,Vila Velha,Social Services,N/A,,cação
HOSPITAL MUNICIPAL NOSSA SENHORA DA CONCEIÇÃO,Espírito Santo,Piúma,Healthcare,"R. Santa Teresa, 330 - Bairro Tamarindo, Piúma - ES",,cação
CASA DE PASSAGEM EM PIÚMA,Espírito Santo,Piúma,Social Services,"Rua Januário Silveira Santos, 123 – Lot. Acaiaca, Piúma - ES",,cação
CENTRO DE REFERÊNCIA DE ASSISTÊNCIA SOCIAL (CRAS),Espírito Santo,Piúma,Social Services,"Rua Terência Pinheiro da Silva, 193 - Bairro Acaiaca, Piúma - ES",,cação
CENTRO DE REFERÊNCIA ESPECIALIZADO DE ASSISTÊNCIA SOCIAL (CREAS),Espírito Santo,Piúma,Social Services,"Rua Gérson Passos Martins, 58 - Bairro Acaiaca, Piúma - ES",,cação
ABELARDO MARQUES DA SILVA,São Paulo,Santana de Parnaíba,School,"Rua Alagoas, 150",,cação
ADRIANO TEIXEIRA DE SANTANA,São Paulo,Santana de Parnaíba,School,"Av. Moacir da Silveira, 854",,cação
ALGODÃO DOCE - ED. INFANTIL - PRÉ,São Paulo,Santana de Parnaíba,School,"Rua Lua Cheia, 40",YES,cação
ANA SERRA DE FREITAS,São Paulo,Santana de Parnaíba,School,"Rua Tainha, 10",,cação
ANDRÉ FERNANDES,São Paulo,Santana de Parnaíba,School,"Rua Astronauta, s/n°",,cação
AQUARELA,São Paulo,Santana de Parnaíba,School,"Av. das Conchas, 180",,cação
AURÉLIO GIANINI TEIXEIRA,São Paulo,Santana de Parnaíba,School,"Rua China, 54",,cação
AYRTON SENNA DA SILVA,São Paulo,Santana de Parnaíba,School,"Rua Venezuela, s/n°",,cação
BALÃO MÁGICO,São Paulo,Santana de Parnaíba,School,"Rua Mundo, s/n°",,cação
BEIJA-FLOR,São Paulo,Santana de Parnaíba,School,"Rua Natal, 111",,cação
BEM-TE-VI,São Paulo,Santana de Parnaíba,School,"Rua Mauro, 674",,cação
C.M. DO BAIRRO CHÁCARA DAS GARÇAS,São Paulo,Santana de Parnaíba,School,"Rua dos Pelicanos, s/n°",YES,cação
C.M. DO BAIRRO CHÁCARA SOLAR,São Paulo,Santana de Parnaíba,School,"Rua Vênus, s/n°",,cação
C.M. DO BAIRRO CRISTAL PARK,São Paulo,Santana de Parnaíba,School,"Rua Domingos Fernandes, s/n°",,cação
C.M. DO BAIRRO DO SÍTIO DO ROSÁRIO,São Paulo,Santana de Parnaíba,School,"Est. Municipal Santo André, s/n°",,cação
C.M. DO BAIRRO JD. SÃO LUÍS,São Paulo,Santana de Parnaíba,School,"Avenida Brasil, s/n°",,cação
C.M. DO BAIRRO RANCHO ALEGRE,São Paulo,Santana de Parnaíba,School,"Rua Colorado, s/n°",,cação
C.M. DO BAIRRO VOTUPARIM,São Paulo,Santana de Parnaíba,School,"Rua Angelina Negri Gilli, s/n°",,cação
CARLOS DRUMMOND DE ANDRADE,São Paulo,Santana de Parnaíba,School,"Rua Órbita, 182",,cação
CARROSSEL DOURADO,São Paulo,Santana de Parnaíba,School,"Av. das Conchas, 771",,cação
CIRANDA,São Paulo,Santana de Parnaíba,School,"Rua Maranhão, 224",,cação
CORA CORALINA,São Paulo,Santana de Parnaíba,School,"Rua Joaquim Teixeira, 418",,cação
CURUMIM I,São Paulo,Santana de Parnaíba,School,"Rua Anhembi, 194",,cação
DÉBORA REGINA DOS SANTOS,São Paulo,Santana de Parnaíba,School,"Rua Mundo, s/n°",,cação
DEP. ULYSSES SILVEIRA GUIMARÃES,São Paulo,Santana de Parnaíba,School,"Rua do Gavião, 179",,cação
DONA CELINA DA COSTA MACHADO SILVA,São Paulo,Santana de Parnaíba,School,"Rua Constantinopla, 909",,cação
DR. ÁLVARO RIBEIRO,São Paulo,Santana de Parnaíba,School,"Rua Veneza, 377",,cação
DR. PAULO OCTÁVIO BOTELHO,São Paulo,Santana de Parnaíba,School,"Av. Fortunato Camargo, 2000",,cação
DR. SEBASTIÃO FLORÊNCIO DE ATHAYDE,São Paulo,Santana de Parnaíba,School,"Estrada São João, 119",,cação
DRA ZILDA ARNS NEWMAN,São Paulo,Santana de Parnaíba,School,"Rua Gabriel Jorge Salomão, 467",,cação
EDUCADOR PAULO FREIRE,São Paulo,Santana de Parnaíba,School,"Rua da Fartura, 1001",,cação
ETEC - BARTOLOMEU,São Paulo,Santana de Parnaíba,School,"Estrada Tenente Marques, S/N",,cação
ETEC - ERMELINDA,São Paulo,Santana de Parnaíba,School,"R. Fernão Dias Falcão, 196",,cação
GEORGINA DE ANDRADE NADALINI,São Paulo,Santana de Parnaíba,School,"Estr. Velocino de A. Bastos, 71",,cação
GOV. ANDRÉ FRANCO MONTORO,São Paulo,Santana de Parnaíba,School,"Rua do Zodíaco, 17",,cação
GOV. MÁRIO COVAS JÚNIOR,São Paulo,Santana de Parnaíba,School,"Rua das Bananeiras, 1445",,cação
HOLMES VILLAR,São Paulo,Santana de Parnaíba,School,"Estrada Polidoro, 175",,cação
JOÃO DE BARRO,São Paulo,Santana de Parnaíba,School,"Rua D’ Alessandro Carmine, 222",,cação
"JOSÉ SOARES DOS SANTOS ""SR. DECA""",São Paulo,Santana de Parnaíba,School,"Rua Diamante, 95",,cação
LUIZ CARLOS BARBOSA,São Paulo,Santana de Parnaíba,School,"Rua Cândido Portinari, 360",,cação
MAGIA DAS CORES,São Paulo,Santana de Parnaíba,School,"Rua Eldorado, s/n°",,cação
MANOEL JACOB CREMM,São Paulo,Santana de Parnaíba,School,"Estrada do Ingai, 1620",,cação
MARIA CLARA MACHADO,São Paulo,Santana de Parnaíba,School,"Rua Aquilino de Moraes, 105",,cação
MARIA FERNANDES MACHADO DE OLIVEIRA,São Paulo,Santana de Parnaíba,School,"Rua Rubi, 330",,cação
MARIA IZABEL FERNANDES BARBOZA,São Paulo,Santana de Parnaíba,School,"Rua Estrela D'alva, 659",,cação
MONTANHA ENCANTADA,São Paulo,Santana de Parnaíba,School,"Rua dos Caquizeiros, 45",,cação
MONTEIRO LOBATO,São Paulo,Santana de Parnaíba,School,"Rua Honduras, 287",,cação
NORBERTO REGINALDO ROCHA,São Paulo,Santana de Parnaíba,School,"Rua Peru, 102",,cação
PADRE ANACLETO DE CAMARGO,São Paulo,Santana de Parnaíba,School,"Rua Di Cavalcanti, 888",,cação
PADRE GREGOR KARL LUTZ,São Paulo,Santana de Parnaíba,School,"Rua Zacarias, 730",,cação
PAPA JOÃO PAULO II,São Paulo,Santana de Parnaíba,School,"Rua Tainha, 29",,cação
PINGO DE GENTE - ED. INFANTIL - PRÉ,São Paulo,Santana de Parnaíba,School,"Rua dos Caquizeiros, 11",YES,cação
PREF. BERNARDINO MARQUES DA SILVA,São Paulo,Santana de Parnaíba,School,"Rua do Gavião, 360",,cação
PREF. JOÃO JOSÉ DE OLIVEIRA,São Paulo,Santana de Parnaíba,School,"Rua Espacial, 105",,cação
PRES. JUSCELINO KUBITSCHEK DE OLIVEIRA,São Paulo,Santana de Parnaíba,School,"Rua Curitiba, 179",,cação
PRES. TANCREDO ALMEIDA NEVES,São Paulo,Santana de Parnaíba,School,"Av. Moacir da Silveira, 898-A",,cação
PROF. ALDÔNIO RAMOS TEIXEIRA,São Paulo,Santana de Parnaíba,School,"Rua Gêmeos, 50",,cação
PROF. IMÍDEO GIUSEPPE NÉRICI,São Paulo,Santana de Parnaíba,School,"Rua Gabriel Jorge Salomão, 13-C",,cação
PROF. JOÃO SANT'ANNA,São Paulo,Santana de Parnaíba,School,"Rua Angelina Negri Gilli, s/n°",,cação
PROFª ALBA DE MELLO BONILHA,São Paulo,Santana de Parnaíba,School,"Rua Nelson Piccinini Miguel, 10",,cação
PROFª ANA APARECIDA SANT'ANNA,São Paulo,Santana de Parnaíba,School,"Av. das Conchas, 151",,cação
PROFª BENEDITA ODETTE DE MORAIS SAVOIA,São Paulo,Santana de Parnaíba,School,"Rua Espanha, 516",,cação
PROFª CARLOS ALBERTO SIQUEIRA,São Paulo,Santana de Parnaíba,School,"Rua Sorocaba, 02",,cação
PROFª DAISY MORAES CHAVES NICOLAS,São Paulo,Santana de Parnaíba,School,"Estr. Mun. Sítio Moinho, 421",,cação
PROFª EMÍLIA GIL D' ASSUMÇÃO,São Paulo,Santana de Parnaíba,School,"Rua John Graz, 131",,cação
PROFª HELENA CHAVES DEMANGE,São Paulo,Santana de Parnaíba,School,"Rua Flora, 10",,cação
PROFª HORTÊNCIA ALVES DOS SANTOS,São Paulo,Santana de Parnaíba,School,"Rua Piauí, 287",,cação
PROFª LEDA CAIRA,São Paulo,Santana de Parnaíba,School,"Rua Marica Marques, 260",,cação
PROFª MARIA APPARECIDA DE MIRANDA,São Paulo,Santana de Parnaíba,School,"Estr. do Polidoro, 220",,cação
PROFª RICARDA DOS S. BRANCO,São Paulo,Santana de Parnaíba,School,"Rua Via Láctea, 55",,cação
PROFª RUTH DE AZEVEDO SILVA RODRIGUES,São Paulo,Santana de Parnaíba,School,"Rua México, 71",,cação
RAIO DE SOL - ED. INFANTIL - PRÉ,São Paulo,Santana de Parnaíba,School,"Av. Brasil, 514",YES,cação
SECRETARIA MUNICIPAL DE EDUCAÇÃO,São Paulo,Santana de Parnaíba,School,"Rua Prof. Edgar de Moraes, 150",,cação
SENADOR TEOTÔNIO VILELA,São Paulo,Santana de Parnaíba,School,"Rua Órbita, 954",,cação
SETE ANÕES - ED. INFANTIL - PRÉ,São Paulo,Santana de Parnaíba,School,"Rua Ernesto de Fiori, s/n°",YES,cação
SETOR DE MERENDA ESCOLAR,São Paulo,Santana de Parnaíba,School,"Estrada Tenente Marques, 5431",,cação
TEN. GAL. GASPAR DE GODOI COLAÇO,São Paulo,Santana de Parnaíba,School,"Rua Cel. Raimundo, 32",,cação
TOM JOBIM,São Paulo,Santana de Parnaíba,School,"Av. Marcos Penteado U. Rodrigues, 820",,cação
VER. REINALDO ASCÉNCIO SANTOS FERREIRA,São Paulo,Santana de Parnaíba,School,"Av. Itayê, 500",,cação
CMEI INTEGRAL ALDA LUCHINI VIAL,São Paulo,Votorantim,School,"Rua: Isaac Mendes, 89 – Ângelo Vial",YES,cação
CMEI INTEGRAL ANTÔNIA ROSÁRIO SANTOS,São Paulo,Votorantim,School,"Rua: Renato Araújo, 59 – Jd. Araújo",YES,cação
CMEI INTEGRAL CARMELA GUARIGLIA RAMOS,São Paulo,Votorantim,School,"Rua: Cantídio de Souza, 44 – Vila Galli",YES,cação
CMEI INTEGRAL CECÍLIA FERNANDA A. PACHECO,São Paulo,Votorantim,School,"Travessa Antonio Aparecido Ferraz, s/n° - Jd. Tatiana",YES,cação
CMEI INTEGRAL CLÉLIA CARRARA,São Paulo,Votorantim,School,"Rua: João Andre Filho, s/n° - Real Parque",YES,cação
CMEI INTEGRAL ESTER AGAR DA FONSECA FÉLIX,São Paulo,Votorantim,School,"Rua: Venísia dos Santos Albertoni, s/n° - Vila Ondina",YES,cação
CMEI INTEGRAL FELIPPE KALIL,São Paulo,Votorantim,School,"Rua: Gumercindo Vieira, 56 – Jd. São Luiz",YES,cação
CMEI INTEGRAL FERNANDA ROSA BUENO,São Paulo,Votorantim,School,"Rua: Antonio Antunes Maciel, 164 – Jd. Maria José",YES,cação
CMEI INTEGRAL FLÁVIA REGINA L. M. DO CANTO VIANA,São Paulo,Votorantim,School,"Rua: Mercedes Nardy Arcuri, s/n° - Jardim Clarice",YES,cação
CMEI INTEGRAL FRANCISCO RODRIGUES BENEDITO,São Paulo,Votorantim,School,"Rua: Maria Lázaro Rocha, s/n° - Jd. Primavera",YES,cação
CMEI INTEGRAL GERALDO BERNARDINO SANTOS,São Paulo,Votorantim,School,"Rua: Zacarias Monteiro de Souza, s/n° - Jd. São Lucas",YES,cação
CMEI INTEGRAL GISELLE FREITAS XAVIER - EXTENSÃO DA CMEI MARIA APARECIDA FERRATO,São Paulo,Votorantim,School,"Rua: Sérgio Sales, s/n° - Jd. Santo Antônio",YES,cação
CMEI INTEGRAL ISMAEL PEREIRA DE CAMARGO,São Paulo,Votorantim,School,"Rua: Victoria Zanchetta, s/n° - Promorar",YES,cação
CMEI INTEGRAL JARDIM SERRANO II – EXTENSÃO DA CMEI CARMELA GUARIGLIA RAMOS,São Paulo,Votorantim,School,"Rua: Pedro Nunes, s/n° - Jd. Serrano II",YES,cação
CMEI INTEGRAL JOSÉ BERNARDO,São Paulo,Votorantim,School,"Avenida: Otaviano de Góes Vieira, 200 – São João",YES,cação
CMEI INTEGRAL JUDITH GAZOLLI CARRARA,São Paulo,Votorantim,School,"Rua: Amália Galan, s/n° - Vila Nova",YES,cação
CMEI INTEGRAL MARGUERITE GUERRA,São Paulo,Votorantim,School,"Rua: Jesuíno da Costa, 34 – Rio Acima",YES,cação
CMEI INTEGRAL MARIA JOSÉ SILVA OLIVEIRA,São Paulo,Votorantim,School,"Rua: João Santiago Figueira, 170 – Itapeva",YES,cação
CMEI INTEGRAL MERCEDES NARDI ARCURI,São Paulo,Votorantim,School,"Rua: Julia Martins Domingues, 95 – Vossoroca",YES,cação
CMEI INTEGRAL ODAIR CAU,São Paulo,Votorantim,School,"Rua: Isabel Ferreira Coelho, s/n° - Vl. Garcia",YES,cação
CMEI INTEGRAL OLÍMPIA POZZA BEBER,São Paulo,Votorantim,School,"Rua: Vitório Sanchetta, 225 – Promorar",YES,cação
CMEI INTEGRAL SÃO VICENTE DE PAULA,São Paulo,Votorantim,School,"Rua: Augusto Jesuíno Bauch, 41 Centro",YES,cação
CMEI INTEGRAL TERESA ESQUITINI,São Paulo,Votorantim,School,"Rua: José Raimundo da Silva, 03 – Green Valley",YES,cação
CMEI INTEGRAL TOMÁS MÓBILE NETO,São Paulo,Votorantim,School,"Rua: Oscarlina Tegami, s/n° - Jd. Simone",YES,cação
CMEI PARCIAL CARMELA DE PAULA CIPULLO,São Paulo,Votorantim,School,"Rua: Horácio Vasconcelos, 76 – Curtume",YES,cação
CMEI PARCIAL CÉLIA CHIOZOTTO MARINONI,São Paulo,Votorantim,School,"Rua: Joaquim Ferreira, 137 – Rio Acima",YES,cação
CMEI PARCIAL MARIA APARECIDA FERRATO CAMARGO,São Paulo,Votorantim,School,"Rua: Manoel Vasques Pineda, 344 – Fornazari",YES,cação
CMEI PARCIAL RAPHAELA RÉSIO CAU,São Paulo,Votorantim,School,"Rua: Carlos Caldini, 300 – Vl. Garcia",YES,cação
CMEI PARCIAL ROMANA FREDERICO BAUCH,São Paulo,Votorantim,School,"Rua: Dezesseis, s/n° - Novo Mundo",YES,cação
CMEI PARCIAL ROSA PEREIRA,São Paulo,Votorantim,School,"Rua: Flávio Sampaio, 41 – Promorar",YES,cação
CMEI PARCIAL SUELI GAZOLLI CAMPOS,São Paulo,Votorantim,School,"Rua: Otávio Rodrigues, s/n° - Jd. Serrano",YES,cação
EE ALICE ROLIM,São Paulo,Votorantim,School,"Rua: Anália Pereira, s/n° - São Lucas",,cação
EE ANTONIETA FERRARESE,São Paulo,Votorantim,School,"Rua: Matuzo Matuchima, 180 – São Luiz",,cação
EE ARMANDO RIZZO,São Paulo,Votorantim,School,"Rua: Renato Araújo, 381 – Rio Acima",,cação
EE AZARIAS MENDES,São Paulo,Votorantim,School,"Rua: José Dolis, 53 – Jd. Clarice",,cação
EE CEEJA,São Paulo,Votorantim,School,"Rua: Pedro Trinca, 66 – Jd. Icatu",,cação
EE CLOTILDE BELINE CAPITANI,São Paulo,Votorantim,School,"Rua: Roque Martins de Paula, 105 – Jd. Archila",,cação
EE COMENDADOR PEREIRA IGNÁCIO,São Paulo,Votorantim,School,"Avenida: Santo Antônio, 665 – Barra Funda",,cação
EE DANIEL VERANO,São Paulo,Votorantim,School,"Rua: Carlos Luvison, 180 – Pq. Bela Vista",,cação
EE ETEC PROF. ELIAS MIGUEL JÚNIOR,São Paulo,Votorantim,School,"Rua: Irmã Ferrarezi, s/n° - Votocel",,cação
EE EVILÁZIO DE GÓES VIEIRA,São Paulo,Votorantim,School,"Av.: Cristiano Vieira Pedrico, s/n° - Jd. Bandeirantes",,cação
EE PEDRO AUGUSTO RANGEL,São Paulo,Votorantim,School,"Av.: Pedro Augusto Rangel, 1641 – Vila Nova",,cação
EE SÃO MATEUS,São Paulo,Votorantim,School,"Rua: Antonio Conceição Carvalho, s/n° - São Mateus",,cação
EE SELMA MARIA MARTINS CUNHA,São Paulo,Votorantim,School,"Rua: Antônio Aparecido Ferraz, s/n° - Jd. Tatiana",,cação
EE SENADOR JOSÉ E. DE MORAES,São Paulo,Votorantim,School,"Rua: Ítala S. Mora, 381 – Votocel",,cação
EE WILSON PRESTES MIRAMONTES,São Paulo,Votorantim,School,"Rua: Levante Santucci, s/n° - Pq. Jataí",,cação
EMEF ABIMAEL CARLOS DE CAMPOS,São Paulo,Votorantim,School,"Av.: Luís do Patrocínio Fernandes, 641- Rio Acima",,cação
EMEF ANTONIO VICENTE BERNARDI,São Paulo,Votorantim,School,"Rua: José Alarcon, 140 – Jd. Archila",,cação
EMEF DIDES CRISPIM DE A. ANTÔNIO,São Paulo,Votorantim,School,"Rua: Mário Nieri, 144 – Vila Garcia",,cação
EMEF IZABEL FERREIRA COELHO,São Paulo,Votorantim,School,"Rua: José Gori, s/n° - Rio Acima",,cação
EMEF JOÃO FERREIRA DA SILVA,São Paulo,Votorantim,School,"Rua: Ângelo Bruno, 123 – Itapeva",,cação
EMEF LAURO ALVES LIMA,São Paulo,Votorantim,School,"Rua: Caetano Correia da Silva, 33 – Jd. Serrano",,cação
EMEF MARIA DO ROSÁRIO ARCURI O. CAMPOS,São Paulo,Votorantim,School,"Rua: Pedro Nunes, 271 - Jd. Serrano II",,cação
EMEF MARIA LUIZA JACOWICZ,São Paulo,Votorantim,School,"Rua: Paschoal Jeônimo Fornazari, 465 – Fornazari",,cação
EMEF MERCEDES SANTUCCI,São Paulo,Votorantim,School,"Rua: Pedro Ferreira de Souza, s/n° - Jd. Novo Mundo",,cação
EMEF OSCAR BENTO MARIANO,São Paulo,Votorantim,School,"Rua: Sete, 123 – Jd. Tatiana",,cação
EMEF SUELI DA SILVA PAULA,São Paulo,Votorantim,School,"Rua: Laila Gallep Sacker, 25 – Barra Funda",,cação
EMEF WALTER ROCHA DE CAMARGO,São Paulo,Votorantim,School,"Rua: Odete Gori Bicudo, 800 – Promorar",,cação
EMEIF ANTÔNIO MARCIANO,São Paulo,Votorantim,School,"Rua: Sete de Setembro, s/n° - Pq. Bela Vista",YES,cação
EMEIF AURORA FONTES,São Paulo,Votorantim,School,"Rua: Orlando Latance, 140 – Vl Nova Votorantim",YES,cação
EMEIF BETTY SOUZA OLIVEIRA,São Paulo,Votorantim,School,"Avenida: Santos Dumont, 1450 – Vossoroca",YES,cação
EMEIF CÂNDIDO DOS SANTOS,São Paulo,Votorantim,School,"Rua: Antonio Pereira Almeida, 27 – Green Valley",YES,cação
EMEIF CÉLIA PIERONI,São Paulo,Votorantim,School,"Rua: Antonio Antunes de Assis, - Itapeva",YES,cação
EMEIF EDITH MAGANINI,São Paulo,Votorantim,School,"Rua: João Carlos de Campos, 359 – Vossoroca",YES,cação
EMEIF EUGÊNIA MARIA DA SILVEIRA,São Paulo,Votorantim,School,"Rua: Anézia Pereira do Nascimento, 109 – Jd. Tatiana",YES,cação
EMEIF GERSON SOARES DE ARRUDA,São Paulo,Votorantim,School,"Rua: Mauro de Almeida Barros, s/n° - São João",YES,cação
EMEIF GILBERTO DOS SANTOS,São Paulo,Votorantim,School,"Rua: Luís Frias, 79 – Pq. Jataí II",YES,cação
EMEIF HELENA PEREIRA DE MORAES,São Paulo,Votorantim,School,"Avenida: Newton Vieira Soares, 291 – Centro",YES,cação
EMEIF IZABEL FERNANDES PEDROSO,São Paulo,Votorantim,School,"Rua: Lourenço Mouro, 298 – Jd. São Lucas",YES,cação
EMEIF LUCINDA RODRIGUES P. IGNÁCIO,São Paulo,Votorantim,School,"Rua: Hortência Maciel Camargo, 154 – Pq. Morumbi",YES,cação
EMEIF MARIA HELENA DE MOARES SCRIPILLITTI,São Paulo,Votorantim,School,"Rua: Eugênio Ildefonso, 111 – Votocel",YES,cação
EMEIF PARIZETE JORDÃO BRESSANE,São Paulo,Votorantim,School,"Rua: Jakes Gonçalves, 154 – Jd. Bandeirantes",YES,cação
EMEIF PATRÍCIA MARIA DOS SANTOS,São Paulo,Votorantim,School,"Rua: Sete, s/n° - Promorar",YES,cação
Programa de Amparo ao Menor (Proame) Itapeva,São Paulo,Votorantim,Social Services,"Rua: Antunes de Assis, 35 – Itapeva",,cação
Programa de Amparo ao Menor (Proame) Jardim Clarice,São Paulo,Votorantim,Social Services,"Rua: Mercedes Nardi Arcuri, s/n° - Jd. Clarice",,cação
Programa de Amparo ao Menor (Proame) Promorar,São Paulo,Votorantim,Social Services,"Rua Vitório Sancheta, 325 – Promorar",,cação
Programa de Amparo ao Menor (Proame) Vila Garcia,São Paulo,Votorantim,Social Services,"Rua: Alice Ferrari, 96 – Vila Garcia",,cação
CASA ABRIGO DA MULHER - SARA-M,São Paulo,Campinas,Social Services,endereço sigiloso,,cação
CENTRO MUNICIPAL DE PROTEÇÃO À CRIANÇA E AO ADOLESCENTE – CMPCA,São Paulo,Campinas,School,"Rua Gil Vicente, 533 - Parque Taquaral - Campinas/SP",YES,cação
RESIDÊNCIA INCLUSIVA RENASCER,São Paulo,Campinas,Social Services,"Rua Paulo Setubal, nº 85 Botafogo - Campinas/SP",,cação
HOSPITAL E MATERNIDADE NOSSA SENHORA APARECIDA,Paraná,Fazenda Rio Grande,Healthcare,"Rua Francisco Claudino dos Santos, 430 - Pioneiros",,cação
CORPO DE BOMBEIROS,São Paulo,Bragança Paulista,Other,"Avenida Doutor Fernando Costa, nº 649 - Vila Municipal - Bragança Paulista-SP",,cação
JUNTA DE SERVIÇO MILITAR DE MARINGÁ,Paraná,Maringá,Military,"Av. Tuiuti, 180 - Zona 08, Maringá - PR",,cação
HOSPITAL MUNICIPAL DE MARINGÁ,Paraná,Maringá,Healthcare,"Av. Arquiteto Nildo Ribeiro da Rocha, 865 - Jardim Ipanema, Maringá - PR",,cação
PALÁCIO IGUAÇU RESTAURANT,Paraná,Curitiba,Other,"Praça Nossa Senhora de Salette, s/n.º Palácio Iguaçu - Centro Cívico - Curitiba – Paraná",,cação
ESPC - ESCOLA SUPERIOR DE POLICIA CIVIL,Paraná,Curitiba,School,"Rua Tamoios, 1200 - Vila Izabel - Curitiba/PR",,cação
HPM-FUNSAUDE - HOSPITAL DA POLÍCIA MILITAR,Paraná,Curitiba,Healthcare,"Avenida Prefeito Omar Sabbag, 894 - Jardim Botânico - Curitiba/PR",,cação
6° COMANDO REGIONAL DA POLÍCIA MILITAR,Paraná,São José dos Pinhais,Military,"Rua Augustinho Zen - 115 - Silveira da Mota, São José dos Pinhais - PR",,cação
BPRV - BATALHÃO DE POLÍCIA RODOVIÁRIA,Paraná,Curitiba,Military,"R. Vital Brasil, 500 - Portão CEP 80320-120 - Curitiba - PR",,cação
PMPR-CGPM - COMANDO GERAL DA POLÍCIA MILITAR,Paraná,Curitiba,Military,"R. Jóquei Clube, 414 - Prado Velho - Curitiba/PR",,cação
CRECHE CENTRAL CANTINHO FELIZ,Paraná,Curitiba,School,"Av. Pref. Lothário Meissner, 350, Jardim Botânico, Curitiba - PR",YES,cação
2º COMANDO REGIONAL DE POLÍCIA MILITAR,Paraná,Londrina,Military,"Rua São Pedro, 330 – Vila Siam, Londrina - PR",,cação
11º BATALHÃO DA POLÍCIA MILITAR,Paraná,Campo Mourão,Military,Av. José Tadeu Nunes - 216 - Jardim Aparecida Campo Mourão - PR,,cação
3º COMPANHIA INDEPENDENTE DE POLÍCIA MILITAR,Paraná,Loanda,Military,PR 182 - KM 01 Loanda - PR,,cação
4º BATALHÃO DE POLÍCIA MILITAR,Paraná,Maringá,Military,Rua Mitsuzo Taguchi - 99 - Vila Nova Maringá - PR,,cação
5º COMPANHIA INDEPENDENTE DA POLICIA MILITAR,Paraná,Cianorte,Military,Av. América - 2212 - Zona do Armazém Cianorte - PR,,cação
8º BATALHÃO DE POLÍCIA MILITAR,Paraná,Paranávaí,Military,Rua Cel. João Batista Lopes - 252 - Jardim Guanabara Paranavaí - PR,,cação
25º BATALHÃO DE POLICIA MILITAR,Paraná,Umuarama,Military,Av. Cabo Francisco Damião da Silva - 4810 - Jardim Social Umuarama - PR,,cação
7º BATALHÃO DE POLÍCIA MILITAR,Paraná,Cruzeiro do Oeste,Military,Av. Sertanópolis - 169 Cruzeiro do Oeste - PR,,cação
BPA - BATALHÃO DA POLÍCIA AMBIENTAL,Paraná,São José dos Pinhais,Military,"Av. das Torres - 650 - Parque São José, São José dos Pinhais - PR",,cação
UEPG - UNIVERSIDADE ESTADUAL DE PONTA GROSSA,Paraná,Ponta Grossa,School,"Avenida General Carlos Cavalcanti, 4748 - Uvaranas - Ponta Grossa/PR",,cação
5° COMANDO REGIONAL DA POLÍCIA MILITAR,Paraná,Cascavel,Military,"Av. Tancredo Neves - 1077 - Neva, Cascavel - PR",,cação
CASA MILITAR DO ESTADO DO PARANÁ,Paraná,Curitiba,Military,"Praça Nossa Senhora de Salette s/n - Centro Cívico, Curitiba - PR",,cação
1° COMANDO REGIONAL DA POLÍCIA MILITAR,Paraná,Curitiba,Military,"R. Alferes Poli - 2222 - Parolin, Curitiba - PR",,cação
BPGD - BATALHÃO DE POLÍCIA DE GUARDA,Paraná,Curitiba,Military,Paraná,,cação
BPTRAN - BATALHÃO DE POLÍCIA DE TRÂNSITO,Paraná,Curitiba,Military,Paraná,,cação
CPE - COMANDO DE POLICIAMENTO ESPECIALIZADO,Paraná,Curitiba,Military,Paraná,,cação
PMPR-APMG - ACADEMIA POLICIAL MILITAR DO GUATUPÊ - SESP,Paraná,São José dos Pinhais,Military,"Rodovia BR-277, Km 72 - Guatupê - São José dos Pinhais/PR",,cação
2ª COMPANHIA DO 24º BPM (BATALHÃO DE POLÍCIA DE FRONTEIRA),Paraná,Guaíra,Military,"Av. Roland do Contôrno, 3593 - Eletrosul, Guaíra - PR",,cação
CICAPD PROFESSOR ALMIR RIBEIRO MADEIRA,Rio de Janeiro,Niterói,School,"Praça Doutor Eneias de. Castro, s/n, Barreto, Niterói/RJ",,cação
CAI PROTÓGENES GUIMARÃES,Rio de Janeiro,Araruama,Social Services,"Rua Protógenes Guimarães, nº 422 – Praça da Bandeira/ Araruama/RJ",,cação
CAI OSWALDO ARANHA,Rio de Janeiro,Barra do Piraí,Social Services,"Rua Barão do Turvo, 4 – Dorândia/ Barra do Piraí/RJ",,cação
10° BATALHÃO DE POLÍCIA MILITAR,Santa Catarina,Blumenau,Military,"Rua Almirante Tamandaré ,1501, Blumenau/SC",,cação
ABRIGO CASA ELIZA,Santa Catarina,Blumenau,Social Services,Sob sigilo - Blumenau,,cação
ABRIGO MUNICIPAL DE BLUMENAU,Santa Catarina,Blumenau,Social Services,Sob sigilo Blumenau,,cação
ABRIGO NOSSA CASA I,Santa Catarina,Blumenau,Social Services,Sob sigilo Blumenau,,cação
ABRIGO NOSSA CASSA II,Santa Catarina,Blumenau,Social Services,Sob sigilo Blumenau,,cação
ABRIGO NOSSA CASSA III,Santa Catarina,Blumenau,Social Services,Sob sigilo Blumenau,,cação
BANCO DE ALIMENTOS,Santa Catarina,Blumenau,Social Services,"Rua: Engenheiro Udo Deeke, 1.650 Salto Norte",,cação
BOLSA FAMILIA,Santa Catarina,Blumenau,Social Services,Rua: Eng. Paul Werner 678 Itoupava Seca,,cação
CENTRO POP,Santa Catarina,Blumenau,Social Services,"Rua: Rudolf Roedel, 147 Salto Weissbach",,cação
CONSELHO TUTELAR I,Santa Catarina,Blumenau,Social Services,"Rua: Campos Novos, 255 Garcia",,cação
CONSELHO TUTELAR II,Santa Catarina,Blumenau,Social Services,"Rua: Alberto Stein, 544 Velha",,cação
CONSELHO TUTELAR III,Santa Catarina,Blumenau,Social Services,"Rua: Marechal Rondon, 115 Salto do Norte",,cação
COZINHA COMUNITÁRIA,Santa Catarina,Blumenau,Social Services,"Rua: Professor Jacob Ineichen, S/N Itoupavazinha",,cação
CRAS REGIÃO I VELHA,Santa Catarina,Blumenau,Social Services,"Rua: Margarida Waldrich, 230 Água Verde",,cação
CRAS REGIÃO III FORTALEZA,Santa Catarina,Blumenau,Social Services,"Rua: Alberto Felício Adriano, 150 Fortaleza",,cação
CRAS REGIÃO IL GARCIA,Santa Catarina,Blumenau,Social Services,"Rua: Da Glória, 459 Da Glória",,cação
CRAS REGIÃO IV CENTRO,Santa Catarina,Blumenau,Social Services,"Rua: Antônio Treis, 55 Vorstadt",,cação
CRAS REGIÃO V ESCOLA AGRÍCOLA,Santa Catarina,Blumenau,Social Services,"Rua: Paul Lenz, 32 Escola Agrícola",,cação
CRAS REGIÃO VI ITOUPAVAS,Santa Catarina,Blumenau,Social Services,Rua: Zelinde Cardoso n° 70,,cação
CRAS REGIÃO VII FIDELIS,Santa Catarina,Blumenau,Social Services,"Rua: Luiz Gonzaga, S/N, Fidélis",,cação
CREAS I,Santa Catarina,Blumenau,Social Services,"Rua: Desembargador Pedro Silva, n° 125 e 139, Victor Konder",,cação
CREAS II,Santa Catarina,Blumenau,Social Services,"Rua: Progresso, 167 Progresso",,cação
SEMUDES SEDE SECRETARIA,Santa Catarina,Blumenau,Other,Rua: Eng. Paul Werner 726 Itoupava Seca,,cação
P0001 Paraná State School (name uncertain),Paraná,Curitiba,School,N/A,,cação
P0002 Paraná State School (name uncertain),Paraná,Curitiba,School,N/A,,cação
P0003 Paraná State School (name uncertain),Paraná,Curitiba,School,N/A,,cação
P0004 Paraná State School (name uncertain),Paraná,Curitiba,School,N/A,,cação
P0005 Paraná State School (name uncertain),Paraná,Curitiba,School,N/A,,cação
P0006 Paraná State School (name uncertain),Paraná,Curitiba,School,N/A,,cação
P0007 Paraná State School (name uncertain),Paraná,Curitiba,School,N/A,,cação
P0008 Paraná State School (name uncertain),Paraná,Curitiba,School,N/A,,cação
P0009 Paraná State School (name uncertain),Paraná,Curitiba,School,N/A,,cação
P0010 Paraná State School (name uncertain),Paraná,Curitiba,School,N/A,,cação
P0011 Paraná State School (name uncertain),Paraná,Curitiba,School,N/A,,cação
P0012 Paraná State School (name uncertain),Paraná,Curitiba,School,N/A,,cação
P0013 Paraná State School (name uncertain),Paraná,Curitiba,School,N/A,,cação
P0014 Paraná State School (name uncertain),Paraná,Curitiba,School,N/A,,cação
P0015 Paraná State School (name uncertain),Paraná,Curitiba,School,N/A,,cação
P0016 Paraná State School (name uncertain),Paraná,Curitiba,School,N/A,,cação
P0017 Paraná State School (name uncertain),Paraná,Curitiba,School,N/A,,cação
P0018 Paraná State School (name uncertain),Paraná,Curitiba,School,N/A,,cação
P0019 Paraná State School (name uncertain),Paraná,Curitiba,School,N/A,,cação
P0020 Paraná State School (name uncertain),Paraná,Curitiba,School,N/A,,cação
P0021 Paraná State School (name uncertain),Paraná,Curitiba,School,N/A,,cação
P0022 Paraná State School (name uncertain),Paraná,Curitiba,School,N/A,,cação
P0023 Paraná State School (name uncertain),Paraná,Curitiba,School,N/A,,cação
P0024 Paraná State School (name uncertain),Paraná,Curitiba,School,N/A,,cação
P0025 Paraná State School (name uncertain),Paraná,Curitiba,School,N/A,,cação
P0026 Paraná State School (name uncertain),Paraná,Curitiba,School,N/A,,cação
P0027 Paraná State School (name uncertain),Paraná,Curitiba,School,N/A,,cação
P0028 Paraná State School (name uncertain),Paraná,Curitiba,School,N/A,,cação
P0029 Paraná State School (name uncertain),Paraná,Curitiba,School,N/A,,cação
P0030 Paraná State School (name uncertain),Paraná,Curitiba,School,N/A,,cação
P0031 Paraná State School (name uncertain),Paraná,Curitiba,School,N/A,,cação
P0032 Paraná State School (name uncertain),Paraná,Curitiba,School,N/A,,cação
P0033 Paraná State School (name uncertain),Paraná,Curitiba,School,N/A,,cação
P0034 Paraná State School (name uncertain),Paraná,Curitiba,School,N/A,,cação
P0035 Paraná State School (name uncertain),Paraná,Curitiba,School,N/A,,cação
P0036 Paraná State School (name uncertain),Paraná,Curitiba,School,N/A,,cação
P0037 Paraná State School (name uncertain),Paraná,Curitiba,School,N/A,,cação
P0038 Paraná State School (name uncertain),Paraná,Curitiba,School,N/A,,cação
P0039 Paraná State School (name uncertain),Paraná,Curitiba,School,N/A,,cação
P0040 Paraná State School (name uncertain),Paraná,Curitiba,School,N/A,,cação
P0041 Paraná State School (name uncertain),Paraná,Curitiba,School,N/A,,cação
P0042 Paraná State School (name uncertain),Paraná,Curitiba,School,N/A,,cação
P0043 Paraná State School (name uncertain),Paraná,Curitiba,School,N/A,,cação
P0044 Paraná State School (name uncertain),Paraná,Curitiba,School,N/A,,cação
P0045 Paraná State School (name uncertain),Paraná,Curitiba,School,N/A,,cação
P0046 Paraná State School (name uncertain),Paraná,Curitiba,School,N/A,,cação
P0047 Paraná State School (name uncertain),Paraná,Curitiba,School,N/A,,cação
P0048 Paraná State School (name uncertain),Paraná,Curitiba,School,N/A,,cação
P0049 Paraná State School (name uncertain),Paraná,Curitiba,School,N/A,,cação
P0050 Paraná State School (name uncertain),Paraná,Curitiba,School,N/A,,cação
P0051 Paraná State School (name uncertain),Paraná,Curitiba,School,N/A,,cação
P0052 Paraná State School (name uncertain),Paraná,Curitiba,School,N/A,,cação
P0053 Paraná State School (name uncertain),Paraná,Curitiba,School,N/A,,cação
P0054 Paraná State School (name uncertain),Paraná,Curitiba,School,N/A,,cação
P0055 Paraná State School (name uncertain),Paraná,Curitiba,School,N/A,,cação
P0056 Paraná State School (name uncertain),Paraná,Curitiba,School,N/A,,cação
P0057 Paraná State School (name uncertain),Paraná,Curitiba,School,N/A,,cação
P0058 Paraná State School (name uncertain),Paraná,Curitiba,School,N/A,,cação
P0059 Paraná State School (name uncertain),Paraná,Curitiba,School,N/A,,cação
P0060 Paraná State School (name uncertain),Paraná,Curitiba,School,N/A,,cação
P0061 Paraná State School (name uncertain),Paraná,Curitiba,School,N/A,,cação
P0062 Paraná State School (name uncertain),Paraná,Curitiba,School,N/A,,cação
P0063 Paraná State School (name uncertain),Paraná,Curitiba,School,N/A,,cação
P0064 Paraná State School (name uncertain),Paraná,Curitiba,School,N/A,,cação
P0065 Paraná State School (name uncertain),Paraná,Curitiba,School,N/A,,cação
P0066 Paraná State School (name uncertain),Paraná,Curitiba,School,N/A,,cação
P0067 Paraná State School (name uncertain),Paraná,Curitiba,School,N/A,,cação
P0068 Paraná State School (name uncertain),Paraná,Curitiba,School,N/A,,cação
P0069 Paraná State School (name uncertain),Paraná,Curitiba,School,N/A,,cação
P0070 Paraná State School (name uncertain),Paraná,Curitiba,School,N/A,,cação
P0071 Paraná State School (name uncertain),Paraná,Curitiba,School,N/A,,cação
P0072 Paraná State School (name uncertain),Paraná,Curitiba,School,N/A,,cação
P0073 Paraná State School (name uncertain),Paraná,Curitiba,School,N/A,,cação
P0074 Paraná State School (name uncertain),Paraná,Curitiba,School,N/A,,cação
P0075 Paraná State School (name uncertain),Paraná,Curitiba,School,N/A,,cação
P0076 Paraná State School (name uncertain),Paraná,Curitiba,School,N/A,,cação
P0077 Paraná State School (name uncertain),Paraná,Curitiba,School,N/A,,cação
P0078 Paraná State School (name uncertain),Paraná,Curitiba,School,N/A,,cação
P0079 Paraná State School (name uncertain),Paraná,Curitiba,School,N/A,,cação
P0080 Paraná State School (name uncertain),Paraná,Curitiba,School,N/A,,cação
P0081 Paraná State School (name uncertain),Paraná,Curitiba,School,N/A,,cação
P0082 Paraná State School (name uncertain),Paraná,Curitiba,School,N/A,,cação
P0083 Paraná State School (name uncertain),Paraná,Curitiba,School,N/A,,cação
P0084 Paraná State School (name uncertain),Paraná,Curitiba,School,N/A,,cação
P0085 Paraná State School (name uncertain),Paraná,Curitiba,School,N/A,,cação
P0086 Paraná State School (name uncertain),Paraná,Curitiba,School,N/A,,cação
P0087 Paraná State School (name uncertain),Paraná,Curitiba,School,N/A,,cação
P0088 Paraná State School (name uncertain),Paraná,Curitiba,School,N/A,,cação
P0089 Paraná State School (name uncertain),Paraná,Curitiba,School,N/A,,cação
P0090 Paraná State School (name uncertain),Paraná,Curitiba,School,N/A,,cação
P0091 Paraná State School (name uncertain),Paraná,Curitiba,School,N/A,,cação
P0092 Paraná State School (name uncertain),Paraná,Curitiba,School,N/A,,cação
P0093 Paraná State School (name uncertain),Paraná,Curitiba,School,N/A,,cação
P0094 Paraná State School (name uncertain),Paraná,Curitiba,School,N/A,,cação
P0095 Paraná State School (name uncertain),Paraná,Curitiba,School,N/A,,cação
P0096 Paraná State School (name uncertain),Paraná,Curitiba,School,N/A,,cação
P0097 Paraná State School (name uncertain),Paraná,Curitiba,School,N/A,,cação
P0098 Paraná State School (name uncertain),Paraná,Curitiba,School,N/A,,cação
P0099 Paraná State School (name uncertain),Paraná,Curitiba,School,N/A,,cação
P0100 Paraná State School (name uncertain),Paraná,Curitiba,School,N/A,,cação
P0101 Paraná State School (name uncertain),Paraná,Curitiba,School,N/A,,cação
P0102 Paraná State School (name uncertain),Paraná,Curitiba,School,N/A,,cação
P0103 Paraná State School (name uncertain),Paraná,Curitiba,School,N/A,,cação
P0104 Paraná State School (name uncertain),Paraná,Curitiba,School,N/A,,cação
P0105 Paraná State School (name uncertain),Paraná,Curitiba,School,N/A,,cação
P0106 Paraná State School (name uncertain),Paraná,Curitiba,School,N/A,,cação
P0107 Paraná State School (name uncertain),Paraná,Curitiba,School,N/A,,cação
P0108 Paraná State School (name uncertain),Paraná,Curitiba,School,N/A,,cação
P0109 Paraná State School (name uncertain),Paraná,Curitiba,School,N/A,,cação
P0110 Paraná State School (name uncertain),Paraná,Curitiba,School,N/A,,cação
P0111 Paraná State School (name uncertain),Paraná,Curitiba,School,N/A,,cação
P0112 Paraná State School (name uncertain),Paraná,Curitiba,School,N/A,,cação
P0113 Paraná State School (name uncertain),Paraná,Curitiba,School,N/A,,cação
P0114 Paraná State School (name uncertain),Paraná,Curitiba,School,N/A,,cação
P0115 Paraná State School (name uncertain),Paraná,Curitiba,School,N/A,,cação
P0116 Paraná State School (name uncertain),Paraná,Curitiba,School,N/A,,cação
P0117 Paraná State School (name uncertain),Paraná,Curitiba,School,N/A,,cação
P0118 Paraná State School (name uncertain),Paraná,Curitiba,School,N/A,,cação
P0119 Paraná State School (name uncertain),Paraná,Curitiba,School,N/A,,cação
P0120 Paraná State School (name uncertain),Paraná,Curitiba,School,N/A,,cação
P0121 Paraná State School (name uncertain),Paraná,Curitiba,School,N/A,,cação
P0122 Paraná State School (name uncertain),Paraná,Curitiba,School,N/A,,cação
P0123 Paraná State School (name uncertain),Paraná,Curitiba,School,N/A,,cação
P0124 Paraná State School (name uncertain),Paraná,Curitiba,School,N/A,,cação
P0125 Paraná State School (name uncertain),Paraná,Curitiba,School,N/A,,cação
P0126 Paraná State School (name uncertain),Paraná,Curitiba,School,N/A,,cação
P0127 Paraná State School (name uncertain),Paraná,Curitiba,School,N/A,,cação
P0128 Paraná State School (name uncertain),Paraná,Curitiba,School,N/A,,cação
P0129 Paraná State School (name uncertain),Paraná,Curitiba,School,N/A,,cação
P0130 Paraná State School (name uncertain),Paraná,Curitiba,School,N/A,,cação
P0131 Paraná State School (name uncertain),Paraná,Curitiba,School,N/A,,cação
P0132 Paraná State School (name uncertain),Paraná,Curitiba,School,N/A,,cação
P0133 Paraná State School (name uncertain),Paraná,Curitiba,School,N/A,,cação
P0134 Paraná State School (name uncertain),Paraná,Curitiba,School,N/A,,cação
P0135 Paraná State School (name uncertain),Paraná,Curitiba,School,N/A,,cação
P0136 Paraná State School (name uncertain),Paraná,Curitiba,School,N/A,,cação
P0137 Paraná State School (name uncertain),Paraná,Curitiba,School,N/A,,cação
P0138 Paraná State School (name uncertain),Paraná,Curitiba,School,N/A,,cação
P0139 Paraná State School (name uncertain),Paraná,Curitiba,School,N/A,,cação
P0140 Paraná State School (name uncertain),Paraná,Curitiba,School,N/A,,cação
P0141 Paraná State School (name uncertain),Paraná,Curitiba,School,N/A,,cação
P0142 Paraná State School (name uncertain),Paraná,Curitiba,School,N/A,,cação
P0143 Paraná State School (name uncertain),Paraná,Curitiba,School,N/A,,cação
P0144 Paraná State School (name uncertain),Paraná,Curitiba,School,N/A,,cação
P0145 Paraná State School (name uncertain),Paraná,Curitiba,School,N/A,,cação
P0146 Paraná State School (name uncertain),Paraná,Curitiba,School,N/A,,cação
P0147 Paraná State School (name uncertain),Paraná,Curitiba,School,N/A,,cação
P0148 Paraná State School (name uncertain),Paraná,Curitiba,School,N/A,,cação
P0149 Paraná State School (name uncertain),Paraná,Curitiba,School,N/A,,cação
P0150 Paraná State School (name uncertain),Paraná,Curitiba,School,N/A,,cação
P0151 Paraná State School (name uncertain),Paraná,Curitiba,School,N/A,,cação
P0152 Paraná State School (name uncertain),Paraná,Curitiba,School,N/A,,cação
P0153 Paraná State School (name uncertain),Paraná,Curitiba,School,N/A,,cação
P0154 Paraná State School (name uncertain),Paraná,Curitiba,School,N/A,,cação
P0155 Paraná State School (name uncertain),Paraná,Curitiba,School,N/A,,cação
P0156 Paraná State School (name uncertain),Paraná,Curitiba,School,N/A,,cação
P0157 Paraná State School (name uncertain),Paraná,Curitiba,School,N/A,,cação
P0158 Paraná State School (name uncertain),Paraná,Curitiba,School,N/A,,cação
P0159 Paraná State School (name uncertain),Paraná,Curitiba,School,N/A,,cação
P0160 Paraná State School (name uncertain),Paraná,Curitiba,School,N/A,,cação
P0161 Paraná State School (name uncertain),Paraná,Ponta Grossa,School,N/A,,cação
P0162 Paraná State School (name uncertain),Paraná,Ponta Grossa,School,N/A,,cação
P0163 Paraná State School (name uncertain),Paraná,Ponta Grossa,School,N/A,,cação
P0164 Paraná State School (name uncertain),Paraná,Ponta Grossa,School,N/A,,cação
P0165 Paraná State School (name uncertain),Paraná,Ponta Grossa,School,N/A,,cação
P0166 Paraná State School (name uncertain),Paraná,Ponta Grossa,School,N/A,,cação
P0167 Paraná State School (name uncertain),Paraná,Ponta Grossa,School,N/A,,cação
P0168 Paraná State School (name uncertain),Paraná,Ponta Grossa,School,N/A,,cação
P0169 Paraná State School (name uncertain),Paraná,Ponta Grossa,School,N/A,,cação
P0170 Paraná State School (name uncertain),Paraná,Ponta Grossa,School,N/A,,cação
P0171 Paraná State School (name uncertain),Paraná,Ponta Grossa,School,N/A,,cação
P0172 Paraná State School (name uncertain),Paraná,Ponta Grossa,School,N/A,,cação
P0173 Paraná State School (name uncertain),Paraná,Ponta Grossa,School,N/A,,cação
P0174 Paraná State School (name uncertain),Paraná,Ponta Grossa,School,N/A,,cação
P0175 Paraná State School (name uncertain),Paraná,Ponta Grossa,School,N/A,,cação
P0176 Paraná State School (name uncertain),Paraná,Ponta Grossa,School,N/A,,cação
P0177 Paraná State School (name uncertain),Paraná,Ponta Grossa,School,N/A,,cação
P0178 Paraná State School (name uncertain),Paraná,Ponta Grossa,School,N/A,,cação
P0179 Paraná State School (name uncertain),Paraná,Ponta Grossa,School,N/A,,cação
P0180 Paraná State School (name uncertain),Paraná,Ponta Grossa,School,N/A,,cação
P0181 Paraná State School (name uncertain),Paraná,Ponta Grossa,School,N/A,,cação
P0182 Paraná State School (name uncertain),Paraná,Ponta Grossa,School,N/A,,cação
P0183 Paraná State School (name uncertain),Paraná,Ponta Grossa,School,N/A,,cação
P0184 Paraná State School (name uncertain),Paraná,Ponta Grossa,School,N/A,,cação
P0185 Paraná State School (name uncertain),Paraná,Ponta Grossa,School,N/A,,cação
P0186 Paraná State School (name uncertain),Paraná,Ponta Grossa,School,N/A,,cação
P0187 Paraná State School (name uncertain),Paraná,Ponta Grossa,School,N/A,,cação
P0188 Paraná State School (name uncertain),Paraná,Ponta Grossa,School,N/A,,cação
P0189 Paraná State School (name uncertain),Paraná,Ponta Grossa,School,N/A,,cação
P0190 Paraná State School (name uncertain),Paraná,Ponta Grossa,School,N/A,,cação
P0191 Paraná State School (name uncertain),Paraná,Ponta Grossa,School,N/A,,cação
P0192 Paraná State School (name uncertain),Paraná,Ponta Grossa,School,N/A,,cação
P0193 Paraná State School (name uncertain),Paraná,Ponta Grossa,School,N/A,,cação
P0194 Paraná State School (name uncertain),Paraná,Ponta Grossa,School,N/A,,cação
P0195 Paraná State School (name uncertain),Paraná,Ponta Grossa,School,N/A,,cação
P0196 Paraná State School (name uncertain),Paraná,Ponta Grossa,School,N/A,,cação
P0197 Paraná State School (name uncertain),Paraná,Ponta Grossa,School,N/A,,cação
P0198 Paraná State School (name uncertain),Paraná,Ponta Grossa,School,N/A,,cação
P0199 Paraná State School (name uncertain),Paraná,Ponta Grossa,School,N/A,,cação
P0200 Paraná State School (name uncertain),Paraná,Ponta Grossa,School,N/A,,cação
P0201 Paraná State School (name uncertain),Paraná,Ponta Grossa,School,N/A,,cação
P0202 Paraná State School (name uncertain),Paraná,Ponta Grossa,School,N/A,,cação
P0203 Paraná State School (name uncertain),Paraná,Ponta Grossa,School,N/A,,cação
P0204 Paraná State School (name uncertain),Paraná,Ponta Grossa,School,N/A,,cação
P0205 Paraná State School (name uncertain),Paraná,Ponta Grossa,School,N/A,,cação
P0206 Paraná State School (name uncertain),Paraná,Ponta Grossa,School,N/A,,cação
P0207 Paraná State School (name uncertain),Paraná,Ponta Grossa,School,N/A,,cação
P0208 Paraná State School (name uncertain),Paraná,Ponta Grossa,School,N/A,,cação
P0209 Paraná State School (name uncertain),Paraná,Ponta Grossa,School,N/A,,cação
P0210 Paraná State School (name uncertain),Paraná,Ponta Grossa,School,N/A,,cação
P0211 Paraná State School (name uncertain),Paraná,Ponta Grossa,School,N/A,,cação
P0212 Paraná State School (name uncertain),Paraná,Cascavel,School,N/A,,cação
P0213 Paraná State School (name uncertain),Paraná,Cascavel,School,N/A,,cação
P0214 Paraná State School (name uncertain),Paraná,Cascavel,School,N/A,,cação
P0215 Paraná State School (name uncertain),Paraná,Cascavel,School,N/A,,cação
P0216 Paraná State School (name uncertain),Paraná,Cascavel,School,N/A,,cação
P0217 Paraná State School (name uncertain),Paraná,Cascavel,School,N/A,,cação
P0218 Paraná State School (name uncertain),Paraná,Cascavel,School,N/A,,cação
P0219 Paraná State School (name uncertain),Paraná,Cascavel,School,N/A,,cação
P0220 Paraná State School (name uncertain),Paraná,Cascavel,School,N/A,,cação
P0221 Paraná State School (name uncertain),Paraná,Cascavel,School,N/A,,cação
P0222 Paraná State School (name uncertain),Paraná,Cascavel,School,N/A,,cação
P0223 Paraná State School (name uncertain),Paraná,Cascavel,School,N/A,,cação
P0224 Paraná State School (name uncertain),Paraná,Cascavel,School,N/A,,cação
P0225 Paraná State School (name uncertain),Paraná,Cascavel,School,N/A,,cação
P0226 Paraná State School (name uncertain),Paraná,Cascavel,School,N/A,,cação
P0227 Paraná State School (name uncertain),Paraná,Cascavel,School,N/A,,cação
P0228 Paraná State School (name uncertain),Paraná,Cascavel,School,N/A,,cação
P0229 Paraná State School (name uncertain),Paraná,Cascavel,School,N/A,,cação
P0230 Paraná State School (name uncertain),Paraná,Cascavel,School,N/A,,cação
P0231 Paraná State School (name uncertain),Paraná,Cascavel,School,N/A,,cação
P0232 Paraná State School (name uncertain),Paraná,Cascavel,School,N/A,,cação
P0233 Paraná State School (name uncertain),Paraná,Cascavel,School,N/A,,cação
P0234 Paraná State School (name uncertain),Paraná,Cascavel,School,N/A,,cação
P0235 Paraná State School (name uncertain),Paraná,Cascavel,School,N/A,,cação
P0236 Paraná State School (name uncertain),Paraná,Cascavel,School,N/A,,cação
P0237 Paraná State School (name uncertain),Paraná,Cascavel,School,N/A,,cação
P0238 Paraná State School (name uncertain),Paraná,Cascavel,School,N/A,,cação
P0239 Paraná State School (name uncertain),Paraná,Cascavel,School,N/A,,cação
P0240 Paraná State School (name uncertain),Paraná,Cascavel,School,N/A,,cação
P0241 Paraná State School (name uncertain),Paraná,Cascavel,School,N/A,,cação
P0242 Paraná State School (name uncertain),Paraná,Cascavel,School,N/A,,cação
P0243 Paraná State School (name uncertain),Paraná,Cascavel,School,N/A,,cação
P0244 Paraná State School (name uncertain),Paraná,Cascavel,School,N/A,,cação
P0245 Paraná State School (name uncertain),Paraná,Cascavel,School,N/A,,cação
P0246 Paraná State School (name uncertain),Paraná,Cascavel,School,N/A,,cação
P0247 Paraná State School (name uncertain),Paraná,Cascavel,School,N/A,,cação
P0248 Paraná State School (name uncertain),Paraná,Cascavel,School,N/A,,cação
P0249 Paraná State School (name uncertain),Paraná,Cascavel,School,N/A,,cação
P0250 Paraná State School (name uncertain),Paraná,Cascavel,School,N/A,,cação
P0251 Paraná State School (name uncertain),Paraná,Cascavel,School,N/A,,cação
P0252 Paraná State School (name uncertain),Paraná,Cascavel,School,N/A,,cação
P0253 Paraná State School (name uncertain),Paraná,Cascavel,School,N/A,,cação
P0254 Paraná State School (name uncertain),Paraná,Cascavel,School,N/A,,cação
P0255 Paraná State School (name uncertain),Paraná,Cascavel,School,N/A,,cação
P0256 Paraná State School (name uncertain),Paraná,Cascavel,School,N/A,,cação
P0257 Paraná State School (name uncertain),Paraná,Cascavel,School,N/A,,cação
P0258 Paraná State School (name uncertain),Paraná,Foz do Iguaçu,School,N/A,,cação
P0259 Paraná State School (name uncertain),Paraná,Foz do Iguaçu,School,N/A,,cação
P0260 Paraná State School (name uncertain),Paraná,Foz do Iguaçu,School,N/A,,cação
P0261 Paraná State School (name uncertain),Paraná,Foz do Iguaçu,School,N/A,,cação
P0262 Paraná State School (name uncertain),Paraná,Foz do Iguaçu,School,N/A,,cação
P0263 Paraná State School (name uncertain),Paraná,Foz do Iguaçu,School,N/A,,cação
P0264 Paraná State School (name uncertain),Paraná,Foz do Iguaçu,School,N/A,,cação
P0265 Paraná State School (name uncertain),Paraná,Foz do Iguaçu,School,N/A,,cação
P0266 Paraná State School (name uncertain),Paraná,Foz do Iguaçu,School,N/A,,cação
P0267 Paraná State School (name uncertain),Paraná,Foz do Iguaçu,School,N/A,,cação
P0268 Paraná State School (name uncertain),Paraná,Foz do Iguaçu,School,N/A,,cação
P0269 Paraná State School (name uncertain),Paraná,Foz do Iguaçu,School,N/A,,cação
P0270 Paraná State School (name uncertain),Paraná,Foz do Iguaçu,School,N/A,,cação
P0271 Paraná State School (name uncertain),Paraná,Foz do Iguaçu,School,N/A,,cação
P0272 Paraná State School (name uncertain),Paraná,Foz do Iguaçu,School,N/A,,cação
P0273 Paraná State School (name uncertain),Paraná,Foz do Iguaçu,School,N/A,,cação
P0274 Paraná State School (name uncertain),Paraná,Foz do Iguaçu,School,N/A,,cação
P0275 Paraná State School (name uncertain),Paraná,Foz do Iguaçu,School,N/A,,cação
P0276 Paraná State School (name uncertain),Paraná,Foz do Iguaçu,School,N/A,,cação
P0277 Paraná State School (name uncertain),Paraná,Foz do Iguaçu,School,N/A,,cação
P0278 Paraná State School (name uncertain),Paraná,Foz do Iguaçu,School,N/A,,cação
P0279 Paraná State School (name uncertain),Paraná,Foz do Iguaçu,School,N/A,,cação
P0280 Paraná State School (name uncertain),Paraná,Foz do Iguaçu,School,N/A,,cação
P0281 Paraná State School (name uncertain),Paraná,Foz do Iguaçu,School,N/A,,cação
P0282 Paraná State School (name uncertain),Paraná,Foz do Iguaçu,School,N/A,,cação
P0283 Paraná State School (name uncertain),Paraná,Foz do Iguaçu,School,N/A,,cação
P0284 Paraná State School (name uncertain),Paraná,Foz do Iguaçu,School,N/A,,cação
P0285 Paraná State School (name uncertain),Paraná,Foz do Iguaçu,School,N/A,,cação
P0286 Paraná State School (name uncertain),Paraná,Foz do Iguaçu,School,N/A,,cação
P0287 Paraná State School (name uncertain),Paraná,Foz do Iguaçu,School,N/A,,cação
P0288 Paraná State School (name uncertain),Paraná,Foz do Iguaçu,School,N/A,,cação
P0289 Paraná State School (name uncertain),Paraná,Guarapuava,School,N/A,,cação
P0290 Paraná State School (name uncertain),Paraná,Guarapuava,School,N/A,,cação
P0291 Paraná State School (name uncertain),Paraná,Guarapuava,School,N/A,,cação
P0292 Paraná State School (name uncertain),Paraná,Guarapuava,School,N/A,,cação
P0293 Paraná State School (name uncertain),Paraná,Guarapuava,School,N/A,,cação
P0294 Paraná State School (name uncertain),Paraná,Guarapuava,School,N/A,,cação
P0295 Paraná State School (name uncertain),Paraná,Guarapuava,School,N/A,,cação
P0296 Paraná State School (name uncertain),Paraná,Guarapuava,School,N/A,,cação
P0297 Paraná State School (name uncertain),Paraná,Guarapuava,School,N/A,,cação
P0298 Paraná State School (name uncertain),Paraná,Guarapuava,School,N/A,,cação
P0299 Paraná State School (name uncertain),Paraná,Guarapuava,School,N/A,,cação
P0300 Paraná State School (name uncertain),Paraná,Guarapuava,School,N/A,,cação
P0301 Paraná State School (name uncertain),Paraná,Guarapuava,School,N/A,,cação
P0302 Paraná State School (name uncertain),Paraná,Guarapuava,School,N/A,,cação
P0303 Paraná State School (name uncertain),Paraná,Guarapuava,School,N/A,,cação
P0304 Paraná State School (name uncertain),Paraná,Guarapuava,School,N/A,,cação
P0305 Paraná State School (name uncertain),Paraná,Guarapuava,School,N/A,,cação
P0306 Paraná State School (name uncertain),Paraná,Guarapuava,School,N/A,,cação
P0307 Paraná State School (name uncertain),Paraná,Guarapuava,School,N/A,,cação
P0308 Paraná State School (name uncertain),Paraná,Guarapuava,School,N/A,,cação
P0309 Paraná State School (name uncertain),Paraná,Guarapuava,School,N/A,,cação
P0310 Paraná State School (name uncertain),Paraná,Guarapuava,School,N/A,,cação
P0311 Paraná State School (name uncertain),Paraná,Guarapuava,School,N/A,,cação
P0312 Paraná State School (name uncertain),Paraná,Guarapuava,School,N/A,,cação
P0313 Paraná State School (name uncertain),Paraná,Guarapuava,School,N/A,,cação
P0314 Paraná State School (name uncertain),Paraná,Guarapuava,School,N/A,,cação
P0315 Paraná State School (name uncertain),Paraná,Guarapuava,School,N/A,,cação
P0316 Paraná State School (name uncertain),Paraná,Guarapuava,School,N/A,,cação
P0317 Paraná State School (name uncertain),Paraná,Guarapuava,School,N/A,,cação
P0318 Paraná State School (name uncertain),Paraná,Guarapuava,School,N/A,,cação
P0319 Paraná State School (name uncertain),Paraná,São José dos Pinhais,School,N/A,,cação
P0320 Paraná State School (name uncertain),Paraná,São José dos Pinhais,School,N/A,,cação
P0321 Paraná State School (name uncertain),Paraná,São José dos Pinhais,School,N/A,,cação
P0322 Paraná State School (name uncertain),Paraná,São José dos Pinhais,School,N/A,,cação
P0323 Paraná State School (name uncertain),Paraná,São José dos Pinhais,School,N/A,,cação
P0324 Paraná State School (name uncertain),Paraná,São José dos Pinhais,School,N/A,,cação
P0325 Paraná State School (name uncertain),Paraná,São José dos Pinhais,School,N/A,,cação
P0326 Paraná State School (name uncertain),Paraná,São José dos Pinhais,School,N/A,,cação
P0327 Paraná State School (name uncertain),Paraná,São José dos Pinhais,School,N/A,,cação
P0328 Paraná State School (name uncertain),Paraná,São José dos Pinhais,School,N/A,,cação
P0329 Paraná State School (name uncertain),Paraná,São José dos Pinhais,School,N/A,,cação
P0330 Paraná State School (name uncertain),Paraná,São José dos Pinhais,School,N/A,,cação
P0331 Paraná State School (name uncertain),Paraná,São José dos Pinhais,School,N/A,,cação
P0332 Paraná State School (name uncertain),Paraná,São José dos Pinhais,School,N/A,,cação
P0333 Paraná State School (name uncertain),Paraná,São José dos Pinhais,School,N/A,,cação
P0334 Paraná State School (name uncertain),Paraná,São José dos Pinhais,School,N/A,,cação
P0335 Paraná State School (name uncertain),Paraná,São José dos Pinhais,School,N/A,,cação
P0336 Paraná State School (name uncertain),Paraná,São José dos Pinhais,School,N/A,,cação
P0337 Paraná State School (name uncertain),Paraná,São José dos Pinhais,School,N/A,,cação
P0338 Paraná State School (name uncertain),Paraná,São José dos Pinhais,School,N/A,,cação
P0339 Paraná State School (name uncertain),Paraná,São José dos Pinhais,School,N/A,,cação
P0340 Paraná State School (name uncertain),Paraná,São José dos Pinhais,School,N/A,,cação
P0341 Paraná State School (name uncertain),Paraná,São José dos Pinhais,School,N/A,,cação
P0342 Paraná State School (name uncertain),Paraná,São José dos Pinhais,School,N/A,,cação
P0343 Paraná State School (name uncertain),Paraná,São José dos Pinhais,School,N/A,,cação
P0344 Paraná State School (name uncertain),Paraná,São José dos Pinhais,School,N/A,,cação
P0345 Paraná State School (name uncertain),Paraná,São José dos Pinhais,School,N/A,,cação
P0346 Paraná State School (name uncertain),Paraná,São José dos Pinhais,School,N/A,,cação
P0347 Paraná State School (name uncertain),Paraná,São José dos Pinhais,School,N/A,,cação
P0348 Paraná State School (name uncertain),Paraná,São José dos Pinhais,School,N/A,,cação
P0349 Paraná State School (name uncertain),Paraná,São José dos Pinhais,School,N/A,,cação
P0350 Paraná State School (name uncertain),Paraná,Paranáguá,School,N/A,,cação
P0351 Paraná State School (name uncertain),Paraná,Paranáguá,School,N/A,,cação
P0352 Paraná State School (name uncertain),Paraná,Paranáguá,School,N/A,,cação
P0353 Paraná State School (name uncertain),Paraná,Paranáguá,School,N/A,,cação
P0354 Paraná State School (name uncertain),Paraná,Paranáguá,School,N/A,,cação
P0355 Paraná State School (name uncertain),Paraná,Paranáguá,School,N/A,,cação
P0356 Paraná State School (name uncertain),Paraná,Paranáguá,School,N/A,,cação
P0357 Paraná State School (name uncertain),Paraná,Paranáguá,School,N/A,,cação
P0358 Paraná State School (name uncertain),Paraná,Paranáguá,School,N/A,,cação
P0359 Paraná State School (name uncertain),Paraná,Paranáguá,School,N/A,,cação
P0360 Paraná State School (name uncertain),Paraná,Paranáguá,School,N/A,,cação
P0361 Paraná State School (name uncertain),Paraná,Paranáguá,School,N/A,,cação
P0362 Paraná State School (name uncertain),Paraná,Paranáguá,School,N/A,,cação
P0363 Paraná State School (name uncertain),Paraná,Paranáguá,School,N/A,,cação
P0364 Paraná State School (name uncertain),Paraná,Paranáguá,School,N/A,,cação
P0365 Paraná State School (name uncertain),Paraná,Paranáguá,School,N/A,,cação
P0366 Paraná State School (name uncertain),Paraná,Paranáguá,School,N/A,,cação
P0367 Paraná State School (name uncertain),Paraná,Paranáguá,School,N/A,,cação
P0368 Paraná State School (name uncertain),Paraná,Paranáguá,School,N/A,,cação
P0369 Paraná State School (name uncertain),Paraná,Paranáguá,School,N/A,,cação
P0370 Paraná State School (name uncertain),Paraná,Paranáguá,School,N/A,,cação
P0371 Paraná State School (name uncertain),Paraná,Paranáguá,School,N/A,,cação
P0372 Paraná State School (name uncertain),Paraná,Paranáguá,School,N/A,,cação
P0373 Paraná State School (name uncertain),Paraná,Paranáguá,School,N/A,,cação
P0374 Paraná State School (name uncertain),Paraná,Paranáguá,School,N/A,,cação
P0375 Paraná State School (name uncertain),Paraná,Paranáguá,School,N/A,,cação
P0376 Paraná State School (name uncertain),Paraná,Paranáguá,School,N/A,,cação
P0377 Paraná State School (name uncertain),Paraná,Colombo,School,N/A,,cação
P0378 Paraná State School (name uncertain),Paraná,Colombo,School,N/A,,cação
P0379 Paraná State School (name uncertain),Paraná,Colombo,School,N/A,,cação
P0380 Paraná State School (name uncertain),Paraná,Colombo,School,N/A,,cação
P0381 Paraná State School (name uncertain),Paraná,Colombo,School,N/A,,cação
P0382 Paraná State School (name uncertain),Paraná,Colombo,School,N/A,,cação
P0383 Paraná State School (name uncertain),Paraná,Colombo,School,N/A,,cação
P0384 Paraná State School (name uncertain),Paraná,Colombo,School,N/A,,cação
P0385 Paraná State School (name uncertain),Paraná,Colombo,School,N/A,,cação
P0386 Paraná State School (name uncertain),Paraná,Colombo,School,N/A,,cação
P0387 Paraná State School (name uncertain),Paraná,Colombo,School,N/A,,cação
P0388 Paraná State School (name uncertain),Paraná,Colombo,School,N/A,,cação
P0389 Paraná State School (name uncertain),Paraná,Colombo,School,N/A,,cação
P0390 Paraná State School (name uncertain),Paraná,Colombo,School,N/A,,cação
P0391 Paraná State School (name uncertain),Paraná,Colombo,School,N/A,,cação
P0392 Paraná State School (name uncertain),Paraná,Colombo,School,N/A,,cação
P0393 Paraná State School (name uncertain),Paraná,Colombo,School,N/A,,cação
P0394 Paraná State School (name uncertain),Paraná,Colombo,School,N/A,,cação
P0395 Paraná State School (name uncertain),Paraná,Colombo,School,N/A,,cação
P0396 Paraná State School (name uncertain),Paraná,Colombo,School,N/A,,cação
P0397 Paraná State School (name uncertain),Paraná,Colombo,School,N/A,,cação
P0398 Paraná State School (name uncertain),Paraná,Colombo,School,N/A,,cação
P0399 Paraná State School (name uncertain),Paraná,Colombo,School,N/A,,cação
P0400 Paraná State School (name uncertain),Paraná,Colombo,School,N/A,,cação
P0401 Paraná State School (name uncertain),Paraná,Colombo,School,N/A,,cação
P0402 Paraná State School (name uncertain),Paraná,Colombo,School,N/A,,cação
P0403 Paraná State School (name uncertain),Paraná,Campo Largo,School,N/A,,cação
P0404 Paraná State School (name uncertain),Paraná,Campo Largo,School,N/A,,cação
P0405 Paraná State School (name uncertain),Paraná,Campo Largo,School,N/A,,cação
P0406 Paraná State School (name uncertain),Paraná,Campo Largo,School,N/A,,cação
P0407 Paraná State School (name uncertain),Paraná,Campo Largo,School,N/A,,cação
P0408 Paraná State School (name uncertain),Paraná,Campo Largo,School,N/A,,cação
P0409 Paraná State School (name uncertain),Paraná,Campo Largo,School,N/A,,cação
P0410 Paraná State School (name uncertain),Paraná,Campo Largo,School,N/A,,cação
P0411 Paraná State School (name uncertain),Paraná,Campo Largo,School,N/A,,cação
P0412 Paraná State School (name uncertain),Paraná,Campo Largo,School,N/A,,cação
P0413 Paraná State School (name uncertain),Paraná,Campo Largo,School,N/A,,cação
P0414 Paraná State School (name uncertain),Paraná,Campo Largo,School,N/A,,cação
P0415 Paraná State School (name uncertain),Paraná,Campo Largo,School,N/A,,cação
P0416 Paraná State School (name uncertain),Paraná,Campo Largo,School,N/A,,cação
P0417 Paraná State School (name uncertain),Paraná,Campo Largo,School,N/A,,cação
P0418 Paraná State School (name uncertain),Paraná,Campo Largo,School,N/A,,cação
P0419 Paraná State School (name uncertain),Paraná,Campo Largo,School,N/A,,cação
P0420 Paraná State School (name uncertain),Paraná,Campo Largo,School,N/A,,cação
P0421 Paraná State School (name uncertain),Paraná,Campo Largo,School,N/A,,cação
P0422 Paraná State School (name uncertain),Paraná,Campo Largo,School,N/A,,cação
P0423 Paraná State School (name uncertain),Paraná,Campo Largo,School,N/A,,cação
P0424 Paraná State School (name uncertain),Paraná,Campo Largo,School,N/A,,cação
P0425 Paraná State School (name uncertain),Paraná,Campo Largo,School,N/A,,cação
P0426 Paraná State School (name uncertain),Paraná,Campo Largo,School,N/A,,cação
P0427 Paraná State School (name uncertain),Paraná,Araucária,School,N/A,,cação
P0428 Paraná State School (name uncertain),Paraná,Araucária,School,N/A,,cação
P0429 Paraná State School (name uncertain),Paraná,Araucária,School,N/A,,cação
P0430 Paraná State School (name uncertain),Paraná,Araucária,School,N/A,,cação
P0431 Paraná State School (name uncertain),Paraná,Araucária,School,N/A,,cação
P0432 Paraná State School (name uncertain),Paraná,Araucária,School,N/A,,cação
P0433 Paraná State School (name uncertain),Paraná,Araucária,School,N/A,,cação
P0434 Paraná State School (name uncertain),Paraná,Araucária,School,N/A,,cação
P0435 Paraná State School (name uncertain),Paraná,Araucária,School,N/A,,cação
P0436 Paraná State School (name uncertain),Paraná,Araucária,School,N/A,,cação
P0437 Paraná State School (name uncertain),Paraná,Araucária,School,N/A,,cação
P0438 Paraná State School (name uncertain),Paraná,Araucária,School,N/A,,cação
P0439 Paraná State School (name uncertain),Paraná,Araucária,School,N/A,,cação
P0440 Paraná State School (name uncertain),Paraná,Araucária,School,N/A,,cação
P0441 Paraná State School (name uncertain),Paraná,Araucária,School,N/A,,cação
P0442 Paraná State School (name uncertain),Paraná,Araucária,School,N/A,,cação
P0443 Paraná State School (name uncertain),Paraná,Araucária,School,N/A,,cação
P0444 Paraná State School (name uncertain),Paraná,Araucária,School,N/A,,cação
P0445 Paraná State School (name uncertain),Paraná,Araucária,School,N/A,,cação
P0446 Paraná State School (name uncertain),Paraná,Araucária,School,N/A,,cação
P0447 Paraná State School (name uncertain),Paraná,Araucária,School,N/A,,cação
P0448 Paraná State School (name uncertain),Paraná,Castro,School,N/A,,cação
P0449 Paraná State School (name uncertain),Paraná,Castro,School,N/A,,cação
P0450 Paraná State School (name uncertain),Paraná,Castro,School,N/A,,cação
P0451 Paraná State School (name uncertain),Paraná,Castro,School,N/A,,cação
P0452 Paraná State School (name uncertain),Paraná,Castro,School,N/A,,cação
P0453 Paraná State School (name uncertain),Paraná,Castro,School,N/A,,cação
P0454 Paraná State School (name uncertain),Paraná,Castro,School,N/A,,cação
P0455 Paraná State School (name uncertain),Paraná,Castro,School,N/A,,cação
P0456 Paraná State School (name uncertain),Paraná,Castro,School,N/A,,cação
P0457 Paraná State School (name uncertain),Paraná,Castro,School,N/A,,cação
P0458 Paraná State School (name uncertain),Paraná,Castro,School,N/A,,cação
P0459 Paraná State School (name uncertain),Paraná,Castro,School,N/A,,cação
P0460 Paraná State School (name uncertain),Paraná,Castro,School,N/A,,cação
P0461 Paraná State School (name uncertain),Paraná,Castro,School,N/A,,cação
P0462 Paraná State School (name uncertain),Paraná,Castro,School,N/A,,cação
P0463 Paraná State School (name uncertain),Paraná,Castro,School,N/A,,cação
P0464 Paraná State School (name uncertain),Paraná,Castro,School,N/A,,cação
P0465 Paraná State School (name uncertain),Paraná,União da Vitória,School,N/A,,cação
P0466 Paraná State School (name uncertain),Paraná,União da Vitória,School,N/A,,cação
P0467 Paraná State School (name uncertain),Paraná,União da Vitória,School,N/A,,cação
P0468 Paraná State School (name uncertain),Paraná,União da Vitória,School,N/A,,cação
P0469 Paraná State School (name uncertain),Paraná,União da Vitória,School,N/A,,cação
P0470 Paraná State School (name uncertain),Paraná,União da Vitória,School,N/A,,cação
P0471 Paraná State School (name uncertain),Paraná,União da Vitória,School,N/A,,cação
P0472 Paraná State School (name uncertain),Paraná,União da Vitória,School,N/A,,cação
P0473 Paraná State School (name uncertain),Paraná,União da Vitória,School,N/A,,cação
P0474 Paraná State School (name uncertain),Paraná,União da Vitória,School,N/A,,cação
P0475 Paraná State School (name uncertain),Paraná,União da Vitória,School,N/A,,cação
P0476 Paraná State School (name uncertain),Paraná,União da Vitória,School,N/A,,cação
P0477 Paraná State School (name uncertain),Paraná,União da Vitória,School,N/A,,cação
P0478 Paraná State School (name uncertain),Paraná,União da Vitória,School,N/A,,cação
P0479 Paraná State School (name uncertain),Paraná,União da Vitória,School,N/A,,cação
P0480 Paraná State School (name uncertain),Paraná,União da Vitória,School,N/A,,cação
P0481 Paraná State School (name uncertain),Paraná,União da Vitória,School,N/A,,cação
P0482 Paraná State School (name uncertain),Paraná,Francisco Beltrão,School,N/A,,cação
P0483 Paraná State School (name uncertain),Paraná,Francisco Beltrão,School,N/A,,cação
P0484 Paraná State School (name uncertain),Paraná,Francisco Beltrão,School,N/A,,cação
P0485 Paraná State School (name uncertain),Paraná,Francisco Beltrão,School,N/A,,cação
P0486 Paraná State School (name uncertain),Paraná,Francisco Beltrão,School,N/A,,cação
P0487 Paraná State School (name uncertain),Paraná,Francisco Beltrão,School,N/A,,cação
P0488 Paraná State School (name uncertain),Paraná,Francisco Beltrão,School,N/A,,cação
P0489 Paraná State School (name uncertain),Paraná,Francisco Beltrão,School,N/A,,cação
P0490 Paraná State School (name uncertain),Paraná,Francisco Beltrão,School,N/A,,cação
P0491 Paraná State School (name uncertain),Paraná,Francisco Beltrão,School,N/A,,cação
P0492 Paraná State School (name uncertain),Paraná,Francisco Beltrão,School,N/A,,cação
P0493 Paraná State School (name uncertain),Paraná,Francisco Beltrão,School,N/A,,cação
P0494 Paraná State School (name uncertain),Paraná,Francisco Beltrão,School,N/A,,cação
P0495 Paraná State School (name uncertain),Paraná,Francisco Beltrão,School,N/A,,cação
P0496 Paraná State School (name uncertain),Paraná,Francisco Beltrão,School,N/A,,cação
P0497 Paraná State School (name uncertain),Paraná,Francisco Beltrão,School,N/A,,cação
P0498 Paraná State School (name uncertain),Paraná,Francisco Beltrão,School,N/A,,cação
P0499 Paraná State School (name uncertain),Paraná,Irati,School,N/A,,cação
P0500 Paraná State School (name uncertain),Paraná,Irati,School,N/A,,cação
P0501 Paraná State School (name uncertain),Paraná,Irati,School,N/A,,cação
P0502 Paraná State School (name uncertain),Paraná,Irati,School,N/A,,cação
P0503 Paraná State School (name uncertain),Paraná,Irati,School,N/A,,cação
P0504 Paraná State School (name uncertain),Paraná,Irati,School,N/A,,cação
P0505 Paraná State School (name uncertain),Paraná,Irati,School,N/A,,cação
P0506 Paraná State School (name uncertain),Paraná,Irati,School,N/A,,cação
P0507 Paraná State School (name uncertain),Paraná,Irati,School,N/A,,cação
P0508 Paraná State School (name uncertain),Paraná,Irati,School,N/A,,cação
P0509 Paraná State School (name uncertain),Paraná,Irati,School,N/A,,cação
P0510 Paraná State School (name uncertain),Paraná,Irati,School,N/A,,cação
P0511 Paraná State School (name uncertain),Paraná,Irati,School,N/A,,cação
P0512 Paraná State School (name uncertain),Paraná,Irati,School,N/A,,cação
P0513 Paraná State School (name uncertain),Paraná,Irati,School,N/A,,cação
P0514 Paraná State School (name uncertain),Paraná,Irati,School,N/A,,cação
P0515 Paraná State School (name uncertain),Paraná,Pinhais,School,N/A,,cação
P0516 Paraná State School (name uncertain),Paraná,Pinhais,School,N/A,,cação
P0517 Paraná State School (name uncertain),Paraná,Pinhais,School,N/A,,cação
P0518 Paraná State School (name uncertain),Paraná,Pinhais,School,N/A,,cação
P0519 Paraná State School (name uncertain),Paraná,Pinhais,School,N/A,,cação
P0520 Paraná State School (name uncertain),Paraná,Pinhais,School,N/A,,cação
P0521 Paraná State School (name uncertain),Paraná,Pinhais,School,N/A,,cação
P0522 Paraná State School (name uncertain),Paraná,Pinhais,School,N/A,,cação
P0523 Paraná State School (name uncertain),Paraná,Pinhais,School,N/A,,cação
P0524 Paraná State School (name uncertain),Paraná,Pinhais,School,N/A,,cação
P0525 Paraná State School (name uncertain),Paraná,Pinhais,School,N/A,,cação
P0526 Paraná State School (name uncertain),Paraná,Pinhais,School,N/A,,cação
P0527 Paraná State School (name uncertain),Paraná,Pinhais,School,N/A,,cação
P0528 Paraná State School (name uncertain),Paraná,Pinhais,School,N/A,,cação
P0529 Paraná State School (name uncertain),Paraná,Pinhais,School,N/A,,cação
P0530 Paraná State School (name uncertain),Paraná,Pinhais,School,N/A,,cação
P0531 Paraná State School (name uncertain),Paraná,Prudentópolis,School,N/A,,cação
P0532 Paraná State School (name uncertain),Paraná,Prudentópolis,School,N/A,,cação
P0533 Paraná State School (name uncertain),Paraná,Prudentópolis,School,N/A,,cação
P0534 Paraná State School (name uncertain),Paraná,Prudentópolis,School,N/A,,cação
P0535 Paraná State School (name uncertain),Paraná,Prudentópolis,School,N/A,,cação
P0536 Paraná State School (name uncertain),Paraná,Prudentópolis,School,N/A,,cação
P0537 Paraná State School (name uncertain),Paraná,Prudentópolis,School,N/A,,cação
P0538 Paraná State School (name uncertain),Paraná,Prudentópolis,School,N/A,,cação
P0539 Paraná State School (name uncertain),Paraná,Prudentópolis,School,N/A,,cação
P0540 Paraná State School (name uncertain),Paraná,Prudentópolis,School,N/A,,cação
P0541 Paraná State School (name uncertain),Paraná,Prudentópolis,School,N/A,,cação
P0542 Paraná State School (name uncertain),Paraná,Prudentópolis,School,N/A,,cação
P0543 Paraná State School (name uncertain),Paraná,Prudentópolis,School,N/A,,cação
P0544 Paraná State School (name uncertain),Paraná,Prudentópolis,School,N/A,,cação
P0545 Paraná State School (name uncertain),Paraná,Prudentópolis,School,N/A,,cação
P0546 Paraná State School (name uncertain),Paraná,Palmeira,School,N/A,,cação
P0547 Paraná State School (name uncertain),Paraná,Palmeira,School,N/A,,cação
P0548 Paraná State School (name uncertain),Paraná,Palmeira,School,N/A,,cação
P0549 Paraná State School (name uncertain),Paraná,Palmeira,School,N/A,,cação
P0550 Paraná State School (name uncertain),Paraná,Palmeira,School,N/A,,cação
P0551 Paraná State School (name uncertain),Paraná,Palmeira,School,N/A,,cação
P0552 Paraná State School (name uncertain),Paraná,Palmeira,School,N/A,,cação
P0553 Paraná State School (name uncertain),Paraná,Palmeira,School,N/A,,cação
P0554 Paraná State School (name uncertain),Paraná,Palmeira,School,N/A,,cação
P0555 Paraná State School (name uncertain),Paraná,Palmeira,School,N/A,,cação
P0556 Paraná State School (name uncertain),Paraná,Palmeira,School,N/A,,cação
P0557 Paraná State School (name uncertain),Paraná,Palmeira,School,N/A,,cação
P0558 Paraná State School (name uncertain),Paraná,Palmeira,School,N/A,,cação
P0559 Paraná State School (name uncertain),Paraná,Palmeira,School,N/A,,cação
P0560 Paraná State School (name uncertain),Paraná,Pato Branco,School,N/A,,cação
P0561 Paraná State School (name uncertain),Paraná,Pato Branco,School,N/A,,cação
P0562 Paraná State School (name uncertain),Paraná,Pato Branco,School,N/A,,cação
P0563 Paraná State School (name uncertain),Paraná,Pato Branco,School,N/A,,cação
P0564 Paraná State School (name uncertain),Paraná,Pato Branco,School,N/A,,cação
P0565 Paraná State School (name uncertain),Paraná,Pato Branco,School,N/A,,cação
P0566 Paraná State School (name uncertain),Paraná,Pato Branco,School,N/A,,cação
P0567 Paraná State School (name uncertain),Paraná,Pato Branco,School,N/A,,cação
P0568 Paraná State School (name uncertain),Paraná,Pato Branco,School,N/A,,cação
P0569 Paraná State School (name uncertain),Paraná,Pato Branco,School,N/A,,cação
P0570 Paraná State School (name uncertain),Paraná,Pato Branco,School,N/A,,cação
P0571 Paraná State School (name uncertain),Paraná,Pato Branco,School,N/A,,cação
P0572 Paraná State School (name uncertain),Paraná,Pato Branco,School,N/A,,cação
P0573 Paraná State School (name uncertain),Paraná,Pato Branco,School,N/A,,cação
P0574 Paraná State School (name uncertain),Paraná,Pato Branco,School,N/A,,cação
P0575 Paraná State School (name uncertain),Paraná,Piraquara,School,N/A,,cação
P0576 Paraná State School (name uncertain),Paraná,Piraquara,School,N/A,,cação
P0577 Paraná State School (name uncertain),Paraná,Piraquara,School,N/A,,cação
P0578 Paraná State School (name uncertain),Paraná,Piraquara,School,N/A,,cação
P0579 Paraná State School (name uncertain),Paraná,Piraquara,School,N/A,,cação
P0580 Paraná State School (name uncertain),Paraná,Piraquara,School,N/A,,cação
P0581 Paraná State School (name uncertain),Paraná,Piraquara,School,N/A,,cação
P0582 Paraná State School (name uncertain),Paraná,Piraquara,School,N/A,,cação
P0583 Paraná State School (name uncertain),Paraná,Piraquara,School,N/A,,cação
P0584 Paraná State School (name uncertain),Paraná,Piraquara,School,N/A,,cação
P0585 Paraná State School (name uncertain),Paraná,Piraquara,School,N/A,,cação
P0586 Paraná State School (name uncertain),Paraná,Piraquara,School,N/A,,cação
P0587 Paraná State School (name uncertain),Paraná,Piraquara,School,N/A,,cação
P0588 Paraná State School (name uncertain),Paraná,Piraquara,School,N/A,,cação
P0589 Paraná State School (name uncertain),Paraná,Piraquara,School,N/A,,cação
P0590 Paraná State School (name uncertain),Paraná,Quedas do Iguaçu,School,N/A,,cação
P0591 Paraná State School (name uncertain),Paraná,Quedas do Iguaçu,School,N/A,,cação
P0592 Paraná State School (name uncertain),Paraná,Quedas do Iguaçu,School,N/A,,cação
P0593 Paraná State School (name uncertain),Paraná,Quedas do Iguaçu,School,N/A,,cação
P0594 Paraná State School (name uncertain),Paraná,Quedas do Iguaçu,School,N/A,,cação
P0595 Paraná State School (name uncertain),Paraná,Quedas do Iguaçu,School,N/A,,cação
P0596 Paraná State School (name uncertain),Paraná,Quedas do Iguaçu,School,N/A,,cação
P0597 Paraná State School (name uncertain),Paraná,Quedas do Iguaçu,School,N/A,,cação
P0598 Paraná State School (name uncertain),Paraná,Quedas do Iguaçu,School,N/A,,cação
P0599 Paraná State School (name uncertain),Paraná,Quedas do Iguaçu,School,N/A,,cação
P0600 Paraná State School (name uncertain),Paraná,Quedas do Iguaçu,School,N/A,,cação
P0601 Paraná State School (name uncertain),Paraná,Quedas do Iguaçu,School,N/A,,cação
P0602 Paraná State School (name uncertain),Paraná,Quedas do Iguaçu,School,N/A,,cação
P0603 Paraná State School (name uncertain),Paraná,Quedas do Iguaçu,School,N/A,,cação
P0604 Paraná State School (name uncertain),Paraná,Lapa,School,N/A,,cação
P0605 Paraná State School (name uncertain),Paraná,Lapa,School,N/A,,cação
P0606 Paraná State School (name uncertain),Paraná,Lapa,School,N/A,,cação
P0607 Paraná State School (name uncertain),Paraná,Lapa,School,N/A,,cação
P0608 Paraná State School (name uncertain),Paraná,Lapa,School,N/A,,cação
P0609 Paraná State School (name uncertain),Paraná,Lapa,School,N/A,,cação
P0610 Paraná State School (name uncertain),Paraná,Lapa,School,N/A,,cação
P0611 Paraná State School (name uncertain),Paraná,Lapa,School,N/A,,cação
P0612 Paraná State School (name uncertain),Paraná,Lapa,School,N/A,,cação
P0613 Paraná State School (name uncertain),Paraná,Lapa,School,N/A,,cação
P0614 Paraná State School (name uncertain),Paraná,Lapa,School,N/A,,cação
P0615 Paraná State School (name uncertain),Paraná,Lapa,School,N/A,,cação
P0616 Paraná State School (name uncertain),Paraná,Lapa,School,N/A,,cação
P0617 Paraná State School (name uncertain),Paraná,Laranjeiras do Sul,School,N/A,,cação
P0618 Paraná State School (name uncertain),Paraná,Laranjeiras do Sul,School,N/A,,cação
P0619 Paraná State School (name uncertain),Paraná,Laranjeiras do Sul,School,N/A,,cação
P0620 Paraná State School (name uncertain),Paraná,Laranjeiras do Sul,School,N/A,,cação
P0621 Paraná State School (name uncertain),Paraná,Laranjeiras do Sul,School,N/A,,cação
P0622 Paraná State School (name uncertain),Paraná,Laranjeiras do Sul,School,N/A,,cação
P0623 Paraná State School (name uncertain),Paraná,Laranjeiras do Sul,School,N/A,,cação
P0624 Paraná State School (name uncertain),Paraná,Laranjeiras do Sul,School,N/A,,cação
P0625 Paraná State School (name uncertain),Paraná,Laranjeiras do Sul,School,N/A,,cação
P0626 Paraná State School (name uncertain),Paraná,Laranjeiras do Sul,School,N/A,,cação
P0627 Paraná State School (name uncertain),Paraná,Laranjeiras do Sul,School,N/A,,cação
P0628 Paraná State School (name uncertain),Paraná,Laranjeiras do Sul,School,N/A,,cação
P0629 Paraná State School (name uncertain),Paraná,Pinhão,School,N/A,,cação
P0630 Paraná State School (name uncertain),Paraná,Pinhão,School,N/A,,cação
P0631 Paraná State School (name uncertain),Paraná,Pinhão,School,N/A,,cação
P0632 Paraná State School (name uncertain),Paraná,Pinhão,School,N/A,,cação
P0633 Paraná State School (name uncertain),Paraná,Pinhão,School,N/A,,cação
P0634 Paraná State School (name uncertain),Paraná,Pinhão,School,N/A,,cação
P0635 Paraná State School (name uncertain),Paraná,Pinhão,School,N/A,,cação
P0636 Paraná State School (name uncertain),Paraná,Pinhão,School,N/A,,cação
P0637 Paraná State School (name uncertain),Paraná,Pinhão,School,N/A,,cação
P0638 Paraná State School (name uncertain),Paraná,Pinhão,School,N/A,,cação
P0639 Paraná State School (name uncertain),Paraná,Pinhão,School,N/A,,cação
P0640 Paraná State School (name uncertain),Paraná,Pinhão,School,N/A,,cação
P0641 Paraná State School (name uncertain),Paraná,Chopinzinho,School,N/A,,cação
P0642 Paraná State School (name uncertain),Paraná,Chopinzinho,School,N/A,,cação
P0643 Paraná State School (name uncertain),Paraná,Chopinzinho,School,N/A,,cação
P0644 Paraná State School (name uncertain),Paraná,Chopinzinho,School,N/A,,cação
P0645 Paraná State School (name uncertain),Paraná,Chopinzinho,School,N/A,,cação
P0646 Paraná State School (name uncertain),Paraná,Chopinzinho,School,N/A,,cação
P0647 Paraná State School (name uncertain),Paraná,Chopinzinho,School,N/A,,cação
P0648 Paraná State School (name uncertain),Paraná,Chopinzinho,School,N/A,,cação
P0649 Paraná State School (name uncertain),Paraná,Chopinzinho,School,N/A,,cação
P0650 Paraná State School (name uncertain),Paraná,Chopinzinho,School,N/A,,cação
P0651 Paraná State School (name uncertain),Paraná,Chopinzinho,School,N/A,,cação
P0652 Paraná State School (name uncertain),Paraná,Dois Vizinhos,School,N/A,,cação
P0653 Paraná State School (name uncertain),Paraná,Dois Vizinhos,School,N/A,,cação
P0654 Paraná State School (name uncertain),Paraná,Dois Vizinhos,School,N/A,,cação
P0655 Paraná State School (name uncertain),Paraná,Dois Vizinhos,School,N/A,,cação
P0656 Paraná State School (name uncertain),Paraná,Dois Vizinhos,School,N/A,,cação
P0657 Paraná State School (name uncertain),Paraná,Dois Vizinhos,School,N/A,,cação
P0658 Paraná State School (name uncertain),Paraná,Dois Vizinhos,School,N/A,,cação
P0659 Paraná State School (name uncertain),Paraná,Dois Vizinhos,School,N/A,,cação
P0660 Paraná State School (name uncertain),Paraná,Dois Vizinhos,School,N/A,,cação
P0661 Paraná State School (name uncertain),Paraná,Dois Vizinhos,School,N/A,,cação
P0662 Paraná State School (name uncertain),Paraná,Dois Vizinhos,School,N/A,,cação
P0663 Paraná State School (name uncertain),Paraná,Nova Laranjeiras,School,N/A,,cação
P0664 Paraná State School (name uncertain),Paraná,Nova Laranjeiras,School,N/A,,cação
P0665 Paraná State School (name uncertain),Paraná,Nova Laranjeiras,School,N/A,,cação
P0666 Paraná State School (name uncertain),Paraná,Nova Laranjeiras,School,N/A,,cação
P0667 Paraná State School (name uncertain),Paraná,Nova Laranjeiras,School,N/A,,cação
P0668 Paraná State School (name uncertain),Paraná,Nova Laranjeiras,School,N/A,,cação
P0669 Paraná State School (name uncertain),Paraná,Nova Laranjeiras,School,N/A,,cação
P0670 Paraná State School (name uncertain),Paraná,Nova Laranjeiras,School,N/A,,cação
P0671 Paraná State School (name uncertain),Paraná,Nova Laranjeiras,School,N/A,,cação
P0672 Paraná State School (name uncertain),Paraná,Nova Laranjeiras,School,N/A,,cação
P0673 Paraná State School (name uncertain),Paraná,Nova Laranjeiras,School,N/A,,cação
P0674 Paraná State School (name uncertain),Paraná,São Mateus do Sul,School,N/A,,cação
P0675 Paraná State School (name uncertain),Paraná,São Mateus do Sul,School,N/A,,cação
P0676 Paraná State School (name uncertain),Paraná,São Mateus do Sul,School,N/A,,cação
P0677 Paraná State School (name uncertain),Paraná,São Mateus do Sul,School,N/A,,cação
P0678 Paraná State School (name uncertain),Paraná,São Mateus do Sul,School,N/A,,cação
P0679 Paraná State School (name uncertain),Paraná,São Mateus do Sul,School,N/A,,cação
P0680 Paraná State School (name uncertain),Paraná,São Mateus do Sul,School,N/A,,cação
P0681 Paraná State School (name uncertain),Paraná,São Mateus do Sul,School,N/A,,cação
P0682 Paraná State School (name uncertain),Paraná,São Mateus do Sul,School,N/A,,cação
P0683 Paraná State School (name uncertain),Paraná,São Mateus do Sul,School,N/A,,cação
P0684 Paraná State School (name uncertain),Paraná,São Mateus do Sul,School,N/A,,cação
P0685 Paraná State School (name uncertain),Paraná,Capanema,School,N/A,,cação
P0686 Paraná State School (name uncertain),Paraná,Capanema,School,N/A,,cação
P0687 Paraná State School (name uncertain),Paraná,Capanema,School,N/A,,cação
P0688 Paraná State School (name uncertain),Paraná,Capanema,School,N/A,,cação
P0689 Paraná State School (name uncertain),Paraná,Capanema,School,N/A,,cação
P0690 Paraná State School (name uncertain),Paraná,Capanema,School,N/A,,cação
P0691 Paraná State School (name uncertain),Paraná,Capanema,School,N/A,,cação
P0692 Paraná State School (name uncertain),Paraná,Capanema,School,N/A,,cação
P0693 Paraná State School (name uncertain),Paraná,Capanema,School,N/A,,cação
P0694 Paraná State School (name uncertain),Paraná,Capanema,School,N/A,,cação
P0695 Paraná State School (name uncertain),Paraná,Guaraqueçaba,School,N/A,,cação
P0696 Paraná State School (name uncertain),Paraná,Guaraqueçaba,School,N/A,,cação
P0697 Paraná State School (name uncertain),Paraná,Guaraqueçaba,School,N/A,,cação
P0698 Paraná State School (name uncertain),Paraná,Guaraqueçaba,School,N/A,,cação
P0699 Paraná State School (name uncertain),Paraná,Guaraqueçaba,School,N/A,,cação
P0700 Paraná State School (name uncertain),Paraná,Guaraqueçaba,School,N/A,,cação
P0701 Paraná State School (name uncertain),Paraná,Guaraqueçaba,School,N/A,,cação
P0702 Paraná State School (name uncertain),Paraná,Guaraqueçaba,School,N/A,,cação
P0703 Paraná State School (name uncertain),Paraná,Guaraqueçaba,School,N/A,,cação
P0704 Paraná State School (name uncertain),Paraná,Mangueirinha,School,N/A,,cação
P0705 Paraná State School (name uncertain),Paraná,Mangueirinha,School,N/A,,cação
P0706 Paraná State School (name uncertain),Paraná,Mangueirinha,School,N/A,,cação
P0707 Paraná State School (name uncertain),Paraná,Mangueirinha,School,N/A,,cação
P0708 Paraná State School (name uncertain),Paraná,Mangueirinha,School,N/A,,cação
P0709 Paraná State School (name uncertain),Paraná,Mangueirinha,School,N/A,,cação
P0710 Paraná State School (name uncertain),Paraná,Mangueirinha,School,N/A,,cação
P0711 Paraná State School (name uncertain),Paraná,Mangueirinha,School,N/A,,cação
P0712 Paraná State School (name uncertain),Paraná,Mangueirinha,School,N/A,,cação
P0713 Paraná State School (name uncertain),Paraná,Rio Negro,School,N/A,,cação
P0714 Paraná State School (name uncertain),Paraná,Rio Negro,School,N/A,,cação
P0715 Paraná State School (name uncertain),Paraná,Rio Negro,School,N/A,,cação
P0716 Paraná State School (name uncertain),Paraná,Rio Negro,School,N/A,,cação
P0717 Paraná State School (name uncertain),Paraná,Rio Negro,School,N/A,,cação
P0718 Paraná State School (name uncertain),Paraná,Rio Negro,School,N/A,,cação
P0719 Paraná State School (name uncertain),Paraná,Rio Negro,School,N/A,,cação
P0720 Paraná State School (name uncertain),Paraná,Rio Negro,School,N/A,,cação
P0721 Paraná State School (name uncertain),Paraná,Rio Negro,School,N/A,,cação
P0722 Paraná State School (name uncertain),Paraná,Santo Antônio do Sudoeste,School,N/A,,cação
P0723 Paraná State School (name uncertain),Paraná,Santo Antônio do Sudoeste,School,N/A,,cação
P0724 Paraná State School (name uncertain),Paraná,Santo Antônio do Sudoeste,School,N/A,,cação
P0725 Paraná State School (name uncertain),Paraná,Santo Antônio do Sudoeste,School,N/A,,cação
P0726 Paraná State School (name uncertain),Paraná,Santo Antônio do Sudoeste,School,N/A,,cação
P0727 Paraná State School (name uncertain),Paraná,Santo Antônio do Sudoeste,School,N/A,,cação
P0728 Paraná State School (name uncertain),Paraná,Santo Antônio do Sudoeste,School,N/A,,cação
P0729 Paraná State School (name uncertain),Paraná,Santo Antônio do Sudoeste,School,N/A,,cação
P0730 Paraná State School (name uncertain),Paraná,Santo Antônio do Sudoeste,School,N/A,,cação
P0731 Paraná State School (name uncertain),Paraná,Clevelândia,School,N/A,,cação
P0732 Paraná State School (name uncertain),Paraná,Clevelândia,School,N/A,,cação
P0733 Paraná State School (name uncertain),Paraná,Clevelândia,School,N/A,,cação
P0734 Paraná State School (name uncertain),Paraná,Clevelândia,School,N/A,,cação
P0735 Paraná State School (name uncertain),Paraná,Clevelândia,School,N/A,,cação
P0736 Paraná State School (name uncertain),Paraná,Clevelândia,School,N/A,,cação
P0737 Paraná State School (name uncertain),Paraná,Clevelândia,School,N/A,,cação
P0738 Paraná State School (name uncertain),Paraná,Clevelândia,School,N/A,,cação
P0739 Paraná State School (name uncertain),Paraná,Medianeira,School,N/A,,cação
P0740 Paraná State School (name uncertain),Paraná,Medianeira,School,N/A,,cação
P0741 Paraná State School (name uncertain),Paraná,Medianeira,School,N/A,,cação
P0742 Paraná State School (name uncertain),Paraná,Medianeira,School,N/A,,cação
P0743 Paraná State School (name uncertain),Paraná,Medianeira,School,N/A,,cação
P0744 Paraná State School (name uncertain),Paraná,Medianeira,School,N/A,,cação
P0745 Paraná State School (name uncertain),Paraná,Medianeira,School,N/A,,cação
P0746 Paraná State School (name uncertain),Paraná,Medianeira,School,N/A,,cação
P0747 Paraná State School (name uncertain),Paraná,Rio Bonito do Iguaçu,School,N/A,,cação
P0748 Paraná State School (name uncertain),Paraná,Rio Bonito do Iguaçu,School,N/A,,cação
P0749 Paraná State School (name uncertain),Paraná,Rio Bonito do Iguaçu,School,N/A,,cação
P0750 Paraná State School (name uncertain),Paraná,Rio Bonito do Iguaçu,School,N/A,,cação
P0751 Paraná State School (name uncertain),Paraná,Rio Bonito do Iguaçu,School,N/A,,cação
P0752 Paraná State School (name uncertain),Paraná,Rio Bonito do Iguaçu,School,N/A,,cação
P0753 Paraná State School (name uncertain),Paraná,Rio Bonito do Iguaçu,School,N/A,,cação
P0754 Paraná State School (name uncertain),Paraná,Rio Bonito do Iguaçu,School,N/A,,cação
P0755 Paraná State School (name uncertain),Paraná,Rio Branco do Sul,School,N/A,,cação
P0756 Paraná State School (name uncertain),Paraná,Rio Branco do Sul,School,N/A,,cação
P0757 Paraná State School (name uncertain),Paraná,Rio Branco do Sul,School,N/A,,cação
P0758 Paraná State School (name uncertain),Paraná,Rio Branco do Sul,School,N/A,,cação
P0759 Paraná State School (name uncertain),Paraná,Rio Branco do Sul,School,N/A,,cação
P0760 Paraná State School (name uncertain),Paraná,Rio Branco do Sul,School,N/A,,cação
P0761 Paraná State School (name uncertain),Paraná,Rio Branco do Sul,School,N/A,,cação
P0762 Paraná State School (name uncertain),Paraná,Rio Branco do Sul,School,N/A,,cação
P0763 Paraná State School (name uncertain),Paraná,Salto do Lontra,School,N/A,,cação
P0764 Paraná State School (name uncertain),Paraná,Salto do Lontra,School,N/A,,cação
P0765 Paraná State School (name uncertain),Paraná,Salto do Lontra,School,N/A,,cação
P0766 Paraná State School (name uncertain),Paraná,Salto do Lontra,School,N/A,,cação
P0767 Paraná State School (name uncertain),Paraná,Salto do Lontra,School,N/A,,cação
P0768 Paraná State School (name uncertain),Paraná,Salto do Lontra,School,N/A,,cação
P0769 Paraná State School (name uncertain),Paraná,Salto do Lontra,School,N/A,,cação
P0770 Paraná State School (name uncertain),Paraná,Salto do Lontra,School,N/A,,cação
P0771 Paraná State School (name uncertain),Paraná,São Miguel do Iguaçu,School,N/A,,cação
P0772 Paraná State School (name uncertain),Paraná,São Miguel do Iguaçu,School,N/A,,cação
P0773 Paraná State School (name uncertain),Paraná,São Miguel do Iguaçu,School,N/A,,cação
P0774 Paraná State School (name uncertain),Paraná,São Miguel do Iguaçu,School,N/A,,cação
P0775 Paraná State School (name uncertain),Paraná,São Miguel do Iguaçu,School,N/A,,cação
P0776 Paraná State School (name uncertain),Paraná,São Miguel do Iguaçu,School,N/A,,cação
P0777 Paraná State School (name uncertain),Paraná,São Miguel do Iguaçu,School,N/A,,cação
P0778 Paraná State School (name uncertain),Paraná,São Miguel do Iguaçu,School,N/A,,cação
P0779 Paraná State School (name uncertain),Paraná,Campina Grande do Sul,School,N/A,,cação
P0780 Paraná State School (name uncertain),Paraná,Campina Grande do Sul,School,N/A,,cação
P0781 Paraná State School (name uncertain),Paraná,Campina Grande do Sul,School,N/A,,cação
P0782 Paraná State School (name uncertain),Paraná,Campina Grande do Sul,School,N/A,,cação
P0783 Paraná State School (name uncertain),Paraná,Campina Grande do Sul,School,N/A,,cação
P0784 Paraná State School (name uncertain),Paraná,Campina Grande do Sul,School,N/A,,cação
P0785 Paraná State School (name uncertain),Paraná,Campina Grande do Sul,School,N/A,,cação
P0786 Paraná State School (name uncertain),Paraná,Guaratuba,School,N/A,,cação
P0787 Paraná State School (name uncertain),Paraná,Guaratuba,School,N/A,,cação
P0788 Paraná State School (name uncertain),Paraná,Guaratuba,School,N/A,,cação
P0789 Paraná State School (name uncertain),Paraná,Guaratuba,School,N/A,,cação
P0790 Paraná State School (name uncertain),Paraná,Guaratuba,School,N/A,,cação
P0791 Paraná State School (name uncertain),Paraná,Guaratuba,School,N/A,,cação
P0792 Paraná State School (name uncertain),Paraná,Guaratuba,School,N/A,,cação
P0793 Paraná State School (name uncertain),Paraná,Palmas,School,N/A,,cação
P0794 Paraná State School (name uncertain),Paraná,Palmas,School,N/A,,cação
P0795 Paraná State School (name uncertain),Paraná,Palmas,School,N/A,,cação
P0796 Paraná State School (name uncertain),Paraná,Palmas,School,N/A,,cação
P0797 Paraná State School (name uncertain),Paraná,Palmas,School,N/A,,cação
P0798 Paraná State School (name uncertain),Paraná,Palmas,School,N/A,,cação
P0799 Paraná State School (name uncertain),Paraná,Palmas,School,N/A,,cação
P0800 Paraná State School (name uncertain),Paraná,Quitandinha,School,N/A,,cação
P0801 Paraná State School (name uncertain),Paraná,Quitandinha,School,N/A,,cação
P0802 Paraná State School (name uncertain),Paraná,Quitandinha,School,N/A,,cação
P0803 Paraná State School (name uncertain),Paraná,Quitandinha,School,N/A,,cação
P0804 Paraná State School (name uncertain),Paraná,Quitandinha,School,N/A,,cação
P0805 Paraná State School (name uncertain),Paraná,Quitandinha,School,N/A,,cação
P0806 Paraná State School (name uncertain),Paraná,Quitandinha,School,N/A,,cação
P0807 Paraná State School (name uncertain),Paraná,São Jorge d'Oeste,School,N/A,,cação
P0808 Paraná State School (name uncertain),Paraná,São Jorge d'Oeste,School,N/A,,cação
P0809 Paraná State School (name uncertain),Paraná,São Jorge d'Oeste,School,N/A,,cação
P0810 Paraná State School (name uncertain),Paraná,São Jorge d'Oeste,School,N/A,,cação
P0811 Paraná State School (name uncertain),Paraná,São Jorge d'Oeste,School,N/A,,cação
P0812 Paraná State School (name uncertain),Paraná,São Jorge d'Oeste,School,N/A,,cação
P0813 Paraná State School (name uncertain),Paraná,São Jorge d'Oeste,School,N/A,,cação
P0814 Paraná State School (name uncertain),Paraná,Turvo,School,N/A,,cação
P0815 Paraná State School (name uncertain),Paraná,Turvo,School,N/A,,cação
P0816 Paraná State School (name uncertain),Paraná,Turvo,School,N/A,,cação
P0817 Paraná State School (name uncertain),Paraná,Turvo,School,N/A,,cação
P0818 Paraná State School (name uncertain),Paraná,Turvo,School,N/A,,cação
P0819 Paraná State School (name uncertain),Paraná,Turvo,School,N/A,,cação
P0820 Paraná State School (name uncertain),Paraná,Turvo,School,N/A,,cação
P0821 Paraná State School (name uncertain),Paraná,Ampére,School,N/A,,cação
P0822 Paraná State School (name uncertain),Paraná,Ampére,School,N/A,,cação
P0823 Paraná State School (name uncertain),Paraná,Ampére,School,N/A,,cação
P0824 Paraná State School (name uncertain),Paraná,Ampére,School,N/A,,cação
P0825 Paraná State School (name uncertain),Paraná,Ampére,School,N/A,,cação
P0826 Paraná State School (name uncertain),Paraná,Ampére,School,N/A,,cação
P0827 Paraná State School (name uncertain),Paraná,Antonina,School,N/A,,cação
P0828 Paraná State School (name uncertain),Paraná,Antonina,School,N/A,,cação
P0829 Paraná State School (name uncertain),Paraná,Antonina,School,N/A,,cação
P0830 Paraná State School (name uncertain),Paraná,Antonina,School,N/A,,cação
P0831 Paraná State School (name uncertain),Paraná,Antonina,School,N/A,,cação
P0832 Paraná State School (name uncertain),Paraná,Antonina,School,N/A,,cação
P0833 Paraná State School (name uncertain),Paraná,Bituruna,School,N/A,,cação
P0834 Paraná State School (name uncertain),Paraná,Bituruna,School,N/A,,cação
P0835 Paraná State School (name uncertain),Paraná,Bituruna,School,N/A,,cação
P0836 Paraná State School (name uncertain),Paraná,Bituruna,School,N/A,,cação
P0837 Paraná State School (name uncertain),Paraná,Bituruna,School,N/A,,cação
P0838 Paraná State School (name uncertain),Paraná,Bituruna,School,N/A,,cação
P0839 Paraná State School (name uncertain),Paraná,Campo Magro,School,N/A,,cação
P0840 Paraná State School (name uncertain),Paraná,Campo Magro,School,N/A,,cação
P0841 Paraná State School (name uncertain),Paraná,Campo Magro,School,N/A,,cação
P0842 Paraná State School (name uncertain),Paraná,Campo Magro,School,N/A,,cação
P0843 Paraná State School (name uncertain),Paraná,Campo Magro,School,N/A,,cação
P0844 Paraná State School (name uncertain),Paraná,Campo Magro,School,N/A,,cação
P0845 Paraná State School (name uncertain),Paraná,Candói,School,N/A,,cação
P0846 Paraná State School (name uncertain),Paraná,Candói,School,N/A,,cação
P0847 Paraná State School (name uncertain),Paraná,Candói,School,N/A,,cação
P0848 Paraná State School (name uncertain),Paraná,Candói,School,N/A,,cação
P0849 Paraná State School (name uncertain),Paraná,Candói,School,N/A,,cação
P0850 Paraná State School (name uncertain),Paraná,Candói,School,N/A,,cação
P0851 Paraná State School (name uncertain),Paraná,Coronel Vivida,School,N/A,,cação
P0852 Paraná State School (name uncertain),Paraná,Coronel Vivida,School,N/A,,cação
P0853 Paraná State School (name uncertain),Paraná,Coronel Vivida,School,N/A,,cação
P0854 Paraná State School (name uncertain),Paraná,Coronel Vivida,School,N/A,,cação
P0855 Paraná State School (name uncertain),Paraná,Coronel Vivida,School,N/A,,cação
P0856 Paraná State School (name uncertain),Paraná,Coronel Vivida,School,N/A,,cação
P0857 Paraná State School (name uncertain),Paraná,Guaraniaçu,School,N/A,,cação
P0858 Paraná State School (name uncertain),Paraná,Guaraniaçu,School,N/A,,cação
P0859 Paraná State School (name uncertain),Paraná,Guaraniaçu,School,N/A,,cação
P0860 Paraná State School (name uncertain),Paraná,Guaraniaçu,School,N/A,,cação
P0861 Paraná State School (name uncertain),Paraná,Guaraniaçu,School,N/A,,cação
P0862 Paraná State School (name uncertain),Paraná,Guaraniaçu,School,N/A,,cação
P0863 Paraná State School (name uncertain),Paraná,Missal,School,N/A,,cação
P0864 Paraná State School (name uncertain),Paraná,Missal,School,N/A,,cação
P0865 Paraná State School (name uncertain),Paraná,Missal,School,N/A,,cação
P0866 Paraná State School (name uncertain),Paraná,Missal,School,N/A,,cação
P0867 Paraná State School (name uncertain),Paraná,Missal,School,N/A,,cação
P0868 Paraná State School (name uncertain),Paraná,Missal,School,N/A,,cação
P0869 Paraná State School (name uncertain),Paraná,Planalto,School,N/A,,cação
P0870 Paraná State School (name uncertain),Paraná,Planalto,School,N/A,,cação
P0871 Paraná State School (name uncertain),Paraná,Planalto,School,N/A,,cação
P0872 Paraná State School (name uncertain),Paraná,Planalto,School,N/A,,cação
P0873 Paraná State School (name uncertain),Paraná,Planalto,School,N/A,,cação
P0874 Paraná State School (name uncertain),Paraná,Planalto,School,N/A,,cação
P0875 Paraná State School (name uncertain),Paraná,Pontal do Paraná,School,N/A,,cação
P0876 Paraná State School (name uncertain),Paraná,Pontal do Paraná,School,N/A,,cação
P0877 Paraná State School (name uncertain),Paraná,Pontal do Paraná,School,N/A,,cação
P0878 Paraná State School (name uncertain),Paraná,Pontal do Paraná,School,N/A,,cação
P0879 Paraná State School (name uncertain),Paraná,Pontal do Paraná,School,N/A,,cação
P0880 Paraná State School (name uncertain),Paraná,Pontal do Paraná,School,N/A,,cação
P0881 Paraná State School (name uncertain),Paraná,Santa Tereza do Oeste,School,N/A,,cação
P0882 Paraná State School (name uncertain),Paraná,Santa Tereza do Oeste,School,N/A,,cação
P0883 Paraná State School (name uncertain),Paraná,Santa Tereza do Oeste,School,N/A,,cação
P0884 Paraná State School (name uncertain),Paraná,Santa Tereza do Oeste,School,N/A,,cação
P0885 Paraná State School (name uncertain),Paraná,Santa Tereza do Oeste,School,N/A,,cação
P0886 Paraná State School (name uncertain),Paraná,Santa Tereza do Oeste,School,N/A,,cação
P0887 Paraná State School (name uncertain),Paraná,Barracão,School,N/A,,cação
P0888 Paraná State School (name uncertain),Paraná,Barracão,School,N/A,,cação
P0889 Paraná State School (name uncertain),Paraná,Barracão,School,N/A,,cação
P0890 Paraná State School (name uncertain),Paraná,Barracão,School,N/A,,cação
P0891 Paraná State School (name uncertain),Paraná,Barracão,School,N/A,,cação
P0892 Paraná State School (name uncertain),Paraná,Boa Vista da Aparecida,School,N/A,,cação
P0893 Paraná State School (name uncertain),Paraná,Boa Vista da Aparecida,School,N/A,,cação
P0894 Paraná State School (name uncertain),Paraná,Boa Vista da Aparecida,School,N/A,,cação
P0895 Paraná State School (name uncertain),Paraná,Boa Vista da Aparecida,School,N/A,,cação
P0896 Paraná State School (name uncertain),Paraná,Boa Vista da Aparecida,School,N/A,,cação
P0897 Paraná State School (name uncertain),Paraná,Capitão Leônidas Marques,School,N/A,,cação
P0898 Paraná State School (name uncertain),Paraná,Capitão Leônidas Marques,School,N/A,,cação
P0899 Paraná State School (name uncertain),Paraná,Capitão Leônidas Marques,School,N/A,,cação
P0900 Paraná State School (name uncertain),Paraná,Capitão Leônidas Marques,School,N/A,,cação
P0901 Paraná State School (name uncertain),Paraná,Capitão Leônidas Marques,School,N/A,,cação
P0902 Paraná State School (name uncertain),Paraná,Carambeí,School,N/A,,cação
P0903 Paraná State School (name uncertain),Paraná,Carambeí,School,N/A,,cação
P0904 Paraná State School (name uncertain),Paraná,Carambeí,School,N/A,,cação
P0905 Paraná State School (name uncertain),Paraná,Carambeí,School,N/A,,cação
P0906 Paraná State School (name uncertain),Paraná,Carambeí,School,N/A,,cação
P0907 Paraná State School (name uncertain),Paraná,Catanduvas,School,N/A,,cação
P0908 Paraná State School (name uncertain),Paraná,Catanduvas,School,N/A,,cação
P0909 Paraná State School (name uncertain),Paraná,Catanduvas,School,N/A,,cação
P0910 Paraná State School (name uncertain),Paraná,Catanduvas,School,N/A,,cação
P0911 Paraná State School (name uncertain),Paraná,Catanduvas,School,N/A,,cação
P0912 Paraná State School (name uncertain),Paraná,Contenda,School,N/A,,cação
P0913 Paraná State School (name uncertain),Paraná,Contenda,School,N/A,,cação
P0914 Paraná State School (name uncertain),Paraná,Contenda,School,N/A,,cação
P0915 Paraná State School (name uncertain),Paraná,Contenda,School,N/A,,cação
P0916 Paraná State School (name uncertain),Paraná,Contenda,School,N/A,,cação
P0917 Paraná State School (name uncertain),Paraná,Espigão Alto do Iguaçu,School,N/A,,cação
P0918 Paraná State School (name uncertain),Paraná,Espigão Alto do Iguaçu,School,N/A,,cação
P0919 Paraná State School (name uncertain),Paraná,Espigão Alto do Iguaçu,School,N/A,,cação
P0920 Paraná State School (name uncertain),Paraná,Espigão Alto do Iguaçu,School,N/A,,cação
P0921 Paraná State School (name uncertain),Paraná,Espigão Alto do Iguaçu,School,N/A,,cação
P0922 Paraná State School (name uncertain),Paraná,General Carneiro,School,N/A,,cação
P0923 Paraná State School (name uncertain),Paraná,General Carneiro,School,N/A,,cação
P0924 Paraná State School (name uncertain),Paraná,General Carneiro,School,N/A,,cação
P0925 Paraná State School (name uncertain),Paraná,General Carneiro,School,N/A,,cação
P0926 Paraná State School (name uncertain),Paraná,General Carneiro,School,N/A,,cação
P0927 Paraná State School (name uncertain),Paraná,Mandirituba,School,N/A,,cação
P0928 Paraná State School (name uncertain),Paraná,Mandirituba,School,N/A,,cação
P0929 Paraná State School (name uncertain),Paraná,Mandirituba,School,N/A,,cação
P0930 Paraná State School (name uncertain),Paraná,Mandirituba,School,N/A,,cação
P0931 Paraná State School (name uncertain),Paraná,Mandirituba,School,N/A,,cação
P0932 Paraná State School (name uncertain),Paraná,Matinhos,School,N/A,,cação
P0933 Paraná State School (name uncertain),Paraná,Matinhos,School,N/A,,cação
P0934 Paraná State School (name uncertain),Paraná,Matinhos,School,N/A,,cação
P0935 Paraná State School (name uncertain),Paraná,Matinhos,School,N/A,,cação
P0936 Paraná State School (name uncertain),Paraná,Matinhos,School,N/A,,cação
P0937 Paraná State School (name uncertain),Paraná,Morretes,School,N/A,,cação
P0938 Paraná State School (name uncertain),Paraná,Morretes,School,N/A,,cação
P0939 Paraná State School (name uncertain),Paraná,Morretes,School,N/A,,cação
P0940 Paraná State School (name uncertain),Paraná,Morretes,School,N/A,,cação
P0941 Paraná State School (name uncertain),Paraná,Morretes,School,N/A,,cação
P0942 Paraná State School (name uncertain),Paraná,Nova Prata do Iguaçu,School,N/A,,cação
P0943 Paraná State School (name uncertain),Paraná,Nova Prata do Iguaçu,School,N/A,,cação
P0944 Paraná State School (name uncertain),Paraná,Nova Prata do Iguaçu,School,N/A,,cação
P0945 Paraná State School (name uncertain),Paraná,Nova Prata do Iguaçu,School,N/A,,cação
P0946 Paraná State School (name uncertain),Paraná,Nova Prata do Iguaçu,School,N/A,,cação
P0947 Paraná State School (name uncertain),Paraná,Piraí do Sul,School,N/A,,cação
P0948 Paraná State School (name uncertain),Paraná,Piraí do Sul,School,N/A,,cação
P0949 Paraná State School (name uncertain),Paraná,Piraí do Sul,School,N/A,,cação
P0950 Paraná State School (name uncertain),Paraná,Piraí do Sul,School,N/A,,cação
P0951 Paraná State School (name uncertain),Paraná,Piraí do Sul,School,N/A,,cação
P0952 Paraná State School (name uncertain),Paraná,Realeza,School,N/A,,cação
P0953 Paraná State School (name uncertain),Paraná,Realeza,School,N/A,,cação
P0954 Paraná State School (name uncertain),Paraná,Realeza,School,N/A,,cação
P0955 Paraná State School (name uncertain),Paraná,Realeza,School,N/A,,cação
P0956 Paraná State School (name uncertain),Paraná,Realeza,School,N/A,,cação
P0957 Paraná State School (name uncertain),Paraná,Santa Izabel do Oeste,School,N/A,,cação
P0958 Paraná State School (name uncertain),Paraná,Santa Izabel do Oeste,School,N/A,,cação
P0959 Paraná State School (name uncertain),Paraná,Santa Izabel do Oeste,School,N/A,,cação
P0960 Paraná State School (name uncertain),Paraná,Santa Izabel do Oeste,School,N/A,,cação
P0961 Paraná State School (name uncertain),Paraná,Santa Izabel do Oeste,School,N/A,,cação
P0962 Paraná State School (name uncertain),Paraná,São João,School,N/A,,cação
P0963 Paraná State School (name uncertain),Paraná,São João,School,N/A,,cação
P0964 Paraná State School (name uncertain),Paraná,São João,School,N/A,,cação
P0965 Paraná State School (name uncertain),Paraná,São João,School,N/A,,cação
P0966 Paraná State School (name uncertain),Paraná,São João,School,N/A,,cação
P0967 Paraná State School (name uncertain),Paraná,São João do Triunfo,School,N/A,,cação
P0968 Paraná State School (name uncertain),Paraná,São João do Triunfo,School,N/A,,cação
P0969 Paraná State School (name uncertain),Paraná,São João do Triunfo,School,N/A,,cação
P0970 Paraná State School (name uncertain),Paraná,São João do Triunfo,School,N/A,,cação
P0971 Paraná State School (name uncertain),Paraná,São João do Triunfo,School,N/A,,cação
P0972 Paraná State School (name uncertain),Paraná,Adrianópolis,School,N/A,,cação
P0973 Paraná State School (name uncertain),Paraná,Adrianópolis,School,N/A,,cação
P0974 Paraná State School (name uncertain),Paraná,Adrianópolis,School,N/A,,cação
P0975 Paraná State School (name uncertain),Paraná,Adrianópolis,School,N/A,,cação
P0976 Paraná State School (name uncertain),Paraná,Balsa Nova,School,N/A,,cação
P0977 Paraná State School (name uncertain),Paraná,Balsa Nova,School,N/A,,cação
P0978 Paraná State School (name uncertain),Paraná,Balsa Nova,School,N/A,,cação
P0979 Paraná State School (name uncertain),Paraná,Balsa Nova,School,N/A,,cação
P0980 Paraná State School (name uncertain),Paraná,Cantagalo,School,N/A,,cação
P0981 Paraná State School (name uncertain),Paraná,Cantagalo,School,N/A,,cação
P0982 Paraná State School (name uncertain),Paraná,Cantagalo,School,N/A,,cação
P0983 Paraná State School (name uncertain),Paraná,Cantagalo,School,N/A,,cação
P0984 Paraná State School (name uncertain),Paraná,Corbélia,School,N/A,,cação
P0985 Paraná State School (name uncertain),Paraná,Corbélia,School,N/A,,cação
P0986 Paraná State School (name uncertain),Paraná,Corbélia,School,N/A,,cação
P0987 Paraná State School (name uncertain),Paraná,Corbélia,School,N/A,,cação
P0988 Paraná State School (name uncertain),Paraná,Coronel Domingos Soares,School,N/A,,cação
P0989 Paraná State School (name uncertain),Paraná,Coronel Domingos Soares,School,N/A,,cação
P0990 Paraná State School (name uncertain),Paraná,Coronel Domingos Soares,School,N/A,,cação
P0991 Paraná State School (name uncertain),Paraná,Coronel Domingos Soares,School,N/A,,cação
P0992 Paraná State School (name uncertain),Paraná,Cruz Machado,School,N/A,,cação
P0993 Paraná State School (name uncertain),Paraná,Cruz Machado,School,N/A,,cação
P0994 Paraná State School (name uncertain),Paraná,Cruz Machado,School,N/A,,cação
P0995 Paraná State School (name uncertain),Paraná,Cruz Machado,School,N/A,,cação
P0996 Paraná State School (name uncertain),Paraná,Imbituva,School,N/A,,cação
P0997 Paraná State School (name uncertain),Paraná,Imbituva,School,N/A,,cação
P0998 Paraná State School (name uncertain),Paraná,Imbituva,School,N/A,,cação
P0999 Paraná State School (name uncertain),Paraná,Imbituva,School,N/A,,cação
P1000 Paraná State School (name uncertain),Paraná,Inácio Martins,School,N/A,,cação
P1001 Paraná State School (name uncertain),Paraná,Inácio Martins,School,N/A,,cação
P1002 Paraná State School (name uncertain),Paraná,Inácio Martins,School,N/A,,cação
P1003 Paraná State School (name uncertain),Paraná,Inácio Martins,School,N/A,,cação
P1004 Paraná State School (name uncertain),Paraná,Ipiranga,School,N/A,,cação
P1005 Paraná State School (name uncertain),Paraná,Ipiranga,School,N/A,,cação
P1006 Paraná State School (name uncertain),Paraná,Ipiranga,School,N/A,,cação
P1007 Paraná State School (name uncertain),Paraná,Ipiranga,School,N/A,,cação
P1008 Paraná State School (name uncertain),Paraná,Itaperuçu,School,N/A,,cação
P1009 Paraná State School (name uncertain),Paraná,Itaperuçu,School,N/A,,cação
P1010 Paraná State School (name uncertain),Paraná,Itaperuçu,School,N/A,,cação
P1011 Paraná State School (name uncertain),Paraná,Itaperuçu,School,N/A,,cação
P1012 Paraná State School (name uncertain),Paraná,Itaperuçu,School,N/A,,cação
P1013 Paraná State School (name uncertain),Paraná,Ivaí,School,N/A,,cação
P1014 Paraná State School (name uncertain),Paraná,Ivaí,School,N/A,,cação
P1015 Paraná State School (name uncertain),Paraná,Ivaí,School,N/A,,cação
P1016 Paraná State School (name uncertain),Paraná,Ivaí,School,N/A,,cação
P1017 Paraná State School (name uncertain),Paraná,Lindoeste,School,N/A,,cação
P1018 Paraná State School (name uncertain),Paraná,Lindoeste,School,N/A,,cação
P1019 Paraná State School (name uncertain),Paraná,Lindoeste,School,N/A,,cação
P1020 Paraná State School (name uncertain),Paraná,Lindoeste,School,N/A,,cação
P1021 Paraná State School (name uncertain),Paraná,Mallet,School,N/A,,cação
P1022 Paraná State School (name uncertain),Paraná,Mallet,School,N/A,,cação
P1023 Paraná State School (name uncertain),Paraná,Mallet,School,N/A,,cação
P1024 Paraná State School (name uncertain),Paraná,Mallet,School,N/A,,cação
P1025 Paraná State School (name uncertain),Paraná,Matelândia,School,N/A,,cação
P1026 Paraná State School (name uncertain),Paraná,Matelândia,School,N/A,,cação
P1027 Paraná State School (name uncertain),Paraná,Matelândia,School,N/A,,cação
P1028 Paraná State School (name uncertain),Paraná,Matelândia,School,N/A,,cação
P1029 Paraná State School (name uncertain),Paraná,Paulo Frontin,School,N/A,,cação
P1030 Paraná State School (name uncertain),Paraná,Paulo Frontin,School,N/A,,cação
P1031 Paraná State School (name uncertain),Paraná,Paulo Frontin,School,N/A,,cação
P1032 Paraná State School (name uncertain),Paraná,Paulo Frontin,School,N/A,,cação
P1033 Paraná State School (name uncertain),Paraná,Rebouças,School,N/A,,cação
P1034 Paraná State School (name uncertain),Paraná,Rebouças,School,N/A,,cação
P1035 Paraná State School (name uncertain),Paraná,Rebouças,School,N/A,,cação
P1036 Paraná State School (name uncertain),Paraná,Rebouças,School,N/A,,cação
P1037 Paraná State School (name uncertain),Paraná,Reserva do Iguaçu,School,N/A,,cação
P1038 Paraná State School (name uncertain),Paraná,Reserva do Iguaçu,School,N/A,,cação
P1039 Paraná State School (name uncertain),Paraná,Reserva do Iguaçu,School,N/A,,cação
P1040 Paraná State School (name uncertain),Paraná,Reserva do Iguaçu,School,N/A,,cação
P1041 Paraná State School (name uncertain),Paraná,Rio Azul,School,N/A,,cação
P1042 Paraná State School (name uncertain),Paraná,Rio Azul,School,N/A,,cação
P1043 Paraná State School (name uncertain),Paraná,Rio Azul,School,N/A,,cação
P1044 Paraná State School (name uncertain),Paraná,Rio Azul,School,N/A,,cação
P1045 Paraná State School (name uncertain),Paraná,Santa Terezinha de Itaipu,School,N/A,,cação
P1046 Paraná State School (name uncertain),Paraná,Santa Terezinha de Itaipu,School,N/A,,cação
P1047 Paraná State School (name uncertain),Paraná,Santa Terezinha de Itaipu,School,N/A,,cação
P1048 Paraná State School (name uncertain),Paraná,Santa Terezinha de Itaipu,School,N/A,,cação
P1049 Paraná State School (name uncertain),Paraná,Verê,School,N/A,,cação
P1050 Paraná State School (name uncertain),Paraná,Verê,School,N/A,,cação
P1051 Paraná State School (name uncertain),Paraná,Verê,School,N/A,,cação
P1052 Paraná State School (name uncertain),Paraná,Verê,School,N/A,,cação
P1053 Paraná State School (name uncertain),Paraná,Antônio Olinto,School,N/A,,cação
P1054 Paraná State School (name uncertain),Paraná,Antônio Olinto,School,N/A,,cação
P1055 Paraná State School (name uncertain),Paraná,Antônio Olinto,School,N/A,,cação
P1056 Paraná State School (name uncertain),Paraná,Cafelândia,School,N/A,,cação
P1057 Paraná State School (name uncertain),Paraná,Cafelândia,School,N/A,,cação
P1058 Paraná State School (name uncertain),Paraná,Cafelândia,School,N/A,,cação
P1059 Paraná State School (name uncertain),Paraná,Céu Azul,School,N/A,,cação
P1060 Paraná State School (name uncertain),Paraná,Céu Azul,School,N/A,,cação
P1061 Paraná State School (name uncertain),Paraná,Céu Azul,School,N/A,,cação
P1062 Paraná State School (name uncertain),Paraná,Diamante do Sul,School,N/A,,cação
P1063 Paraná State School (name uncertain),Paraná,Diamante do Sul,School,N/A,,cação
P1064 Paraná State School (name uncertain),Paraná,Diamante do Sul,School,N/A,,cação
P1065 Paraná State School (name uncertain),Paraná,Enéas Marques,School,N/A,,cação
P1066 Paraná State School (name uncertain),Paraná,Enéas Marques,School,N/A,,cação
P1067 Paraná State School (name uncertain),Paraná,Enéas Marques,School,N/A,,cação
P1068 Paraná State School (name uncertain),Paraná,Fernandes Pinheiro,School,N/A,,cação
P1069 Paraná State School (name uncertain),Paraná,Fernandes Pinheiro,School,N/A,,cação
P1070 Paraná State School (name uncertain),Paraná,Fernandes Pinheiro,School,N/A,,cação
P1071 Paraná State School (name uncertain),Paraná,Itaipulândia,School,N/A,,cação
P1072 Paraná State School (name uncertain),Paraná,Itaipulândia,School,N/A,,cação
P1073 Paraná State School (name uncertain),Paraná,Itaipulândia,School,N/A,,cação
P1074 Paraná State School (name uncertain),Paraná,Itapejara d'Oeste,School,N/A,,cação
P1075 Paraná State School (name uncertain),Paraná,Itapejara d'Oeste,School,N/A,,cação
P1076 Paraná State School (name uncertain),Paraná,Itapejara d'Oeste,School,N/A,,cação
P1077 Paraná State School (name uncertain),Paraná,Marmeleiro,School,N/A,,cação
P1078 Paraná State School (name uncertain),Paraná,Marmeleiro,School,N/A,,cação
P1079 Paraná State School (name uncertain),Paraná,Marmeleiro,School,N/A,,cação
P1080 Paraná State School (name uncertain),Paraná,Nova Esperança do Sudoeste,School,N/A,,cação
P1081 Paraná State School (name uncertain),Paraná,Nova Esperança do Sudoeste,School,N/A,,cação
P1082 Paraná State School (name uncertain),Paraná,Nova Esperança do Sudoeste,School,N/A,,cação
P1083 Paraná State School (name uncertain),Paraná,Paula Freitas,School,N/A,,cação
P1084 Paraná State School (name uncertain),Paraná,Paula Freitas,School,N/A,,cação
P1085 Paraná State School (name uncertain),Paraná,Paula Freitas,School,N/A,,cação
P1086 Paraná State School (name uncertain),Paraná,Pérola d'Oeste,School,N/A,,cação
P1087 Paraná State School (name uncertain),Paraná,Pérola d'Oeste,School,N/A,,cação
P1088 Paraná State School (name uncertain),Paraná,Pérola d'Oeste,School,N/A,,cação
P1089 Paraná State School (name uncertain),Paraná,Porto Amazonas,School,N/A,,cação
P1090 Paraná State School (name uncertain),Paraná,Porto Amazonas,School,N/A,,cação
P1091 Paraná State School (name uncertain),Paraná,Porto Amazonas,School,N/A,,cação
P1092 Paraná State School (name uncertain),Paraná,Pranchita,School,N/A,,cação
P1093 Paraná State School (name uncertain),Paraná,Pranchita,School,N/A,,cação
P1094 Paraná State School (name uncertain),Paraná,Pranchita,School,N/A,,cação
P1095 Paraná State School (name uncertain),Paraná,Quatro Barras,School,N/A,,cação
P1096 Paraná State School (name uncertain),Paraná,Quatro Barras,School,N/A,,cação
P1097 Paraná State School (name uncertain),Paraná,Quatro Barras,School,N/A,,cação
P1098 Paraná State School (name uncertain),Paraná,Teixeira Soares,School,N/A,,cação
P1099 Paraná State School (name uncertain),Paraná,Teixeira Soares,School,N/A,,cação
P1100 Paraná State School (name uncertain),Paraná,Teixeira Soares,School,N/A,,cação
P1101 Paraná State School (name uncertain),Paraná,Tibagi,School,N/A,,cação
P1102 Paraná State School (name uncertain),Paraná,Tibagi,School,N/A,,cação
P1103 Paraná State School (name uncertain),Paraná,Tibagi,School,N/A,,cação
P1104 Paraná State School (name uncertain),Paraná,Tibagi,School,N/A,,cação
P1105 Paraná State School (name uncertain),Paraná,Três Barras do Paraná,School,N/A,,cação
P1106 Paraná State School (name uncertain),Paraná,Três Barras do Paraná,School,N/A,,cação
P1107 Paraná State School (name uncertain),Paraná,Três Barras do Paraná,School,N/A,,cação
P1108 Paraná State School (name uncertain),Paraná,Bocaiúva do Sul,School,N/A,,cação
P1109 Paraná State School (name uncertain),Paraná,Bocaiúva do Sul,School,N/A,,cação
P1110 Paraná State School (name uncertain),Paraná,Bom Jesus do Sul,School,N/A,,cação
P1111 Paraná State School (name uncertain),Paraná,Bom Jesus do Sul,School,N/A,,cação
P1112 Paraná State School (name uncertain),Paraná,Braganey,School,N/A,,cação
P1113 Paraná State School (name uncertain),Paraná,Braganey,School,N/A,,cação
P1114 Paraná State School (name uncertain),Paraná,Campo Bonito,School,N/A,,cação
P1115 Paraná State School (name uncertain),Paraná,Campo Bonito,School,N/A,,cação
P1116 Paraná State School (name uncertain),Paraná,Campo do Tenente,School,N/A,,cação
P1117 Paraná State School (name uncertain),Paraná,Campo do Tenente,School,N/A,,cação
P1118 Paraná State School (name uncertain),Paraná,Cerro Azul,School,N/A,,cação
P1119 Paraná State School (name uncertain),Paraná,Cerro Azul,School,N/A,,cação
P1120 Paraná State School (name uncertain),Paraná,Cruzeiro do Iguaçu,School,N/A,,cação
P1121 Paraná State School (name uncertain),Paraná,Cruzeiro do Iguaçu,School,N/A,,cação
P1122 Paraná State School (name uncertain),Paraná,Doutor Ulysses,School,N/A,,cação
P1123 Paraná State School (name uncertain),Paraná,Doutor Ulysses,School,N/A,,cação
P1124 Paraná State School (name uncertain),Paraná,Flor da Serra do Sul,School,N/A,,cação
P1125 Paraná State School (name uncertain),Paraná,Flor da Serra do Sul,School,N/A,,cação
P1126 Paraná State School (name uncertain),Paraná,Foz do Jordão,School,N/A,,cação
P1127 Paraná State School (name uncertain),Paraná,Foz do Jordão,School,N/A,,cação
P1128 Paraná State School (name uncertain),Paraná,Goioxim,School,N/A,,cação
P1129 Paraná State School (name uncertain),Paraná,Goioxim,School,N/A,,cação
P1130 Paraná State School (name uncertain),Paraná,Guamiranga,School,N/A,,cação
P1131 Paraná State School (name uncertain),Paraná,Guamiranga,School,N/A,,cação
P1132 Paraná State School (name uncertain),Paraná,Honório Serpa,School,N/A,,cação
P1133 Paraná State School (name uncertain),Paraná,Honório Serpa,School,N/A,,cação
P1134 Paraná State School (name uncertain),Paraná,Manfrinópolis,School,N/A,,cação
P1135 Paraná State School (name uncertain),Paraná,Manfrinópolis,School,N/A,,cação
P1136 Paraná State School (name uncertain),Paraná,Marquinho,School,N/A,,cação
P1137 Paraná State School (name uncertain),Paraná,Marquinho,School,N/A,,cação
P1138 Paraná State School (name uncertain),Paraná,Pien,School,N/A,,cação
P1139 Paraná State School (name uncertain),Paraná,Pien,School,N/A,,cação
P1140 Paraná State School (name uncertain),Paraná,Porto Barreiro,School,N/A,,cação
P1141 Paraná State School (name uncertain),Paraná,Porto Barreiro,School,N/A,,cação
P1142 Paraná State School (name uncertain),Paraná,Porto Vitória,School,N/A,,cação
P1143 Paraná State School (name uncertain),Paraná,Porto Vitória,School,N/A,,cação
P1144 Paraná State School (name uncertain),Paraná,Salgado Filho,School,N/A,,cação
P1145 Paraná State School (name uncertain),Paraná,Salgado Filho,School,N/A,,cação
P1146 Paraná State School (name uncertain),Paraná,Santa Lúcia,School,N/A,,cação
P1147 Paraná State School (name uncertain),Paraná,Santa Lúcia,School,N/A,,cação
P1148 Paraná State School (name uncertain),Paraná,Serranópolis do Iguaçu,School,N/A,,cação
P1149 Paraná State School (name uncertain),Paraná,Serranópolis do Iguaçu,School,N/A,,cação
P1150 Paraná State School (name uncertain),Paraná,Tijucas do Sul,School,N/A,,cação
P1151 Paraná State School (name uncertain),Paraná,Tijucas do Sul,School,N/A,,cação
P1152 Paraná State School (name uncertain),Paraná,Tunas do Paraná,School,N/A,,cação
P1153 Paraná State School (name uncertain),Paraná,Tunas do Paraná,School,N/A,,cação
P1154 Paraná State School (name uncertain),Paraná,Vera Cruz do Oeste,School,N/A,,cação
P1155 Paraná State School (name uncertain),Paraná,Vera Cruz do Oeste,School,N/A,,cação
P1156 Paraná State School (name uncertain),Paraná,Agudos do Sul,School,N/A,,cação
P1157 Paraná State School (name uncertain),Paraná,Anahy,School,N/A,,cação
P1158 Paraná State School (name uncertain),Paraná,Bela Vista da Caroba,School,N/A,,cação
P1159 Paraná State School (name uncertain),Paraná,Boa Esperança do Iguaçu,School,N/A,,cação
P1160 Paraná State School (name uncertain),Paraná,Bom Sucesso do Sul,School,N/A,,cação
P1161 Paraná State School (name uncertain),Paraná,Campina do Simão,School,N/A,,cação
P1162 Paraná State School (name uncertain),Paraná,Ibema,School,N/A,,cação
P1163 Paraná State School (name uncertain),Paraná,Iguatu,School,N/A,,cação
P1164 Paraná State School (name uncertain),Paraná,Mariópolis,School,N/A,,cação
P1165 Paraná State School (name uncertain),Paraná,Pinhal de São Bento,School,N/A,,cação
P1166 Paraná State School (name uncertain),Paraná,Ramilândia,School,N/A,,cação
P1167 Paraná State School (name uncertain),Paraná,Renascença,School,N/A,,cação
P1168 Paraná State School (name uncertain),Paraná,Saudade do Iguaçu,School,N/A,,cação
P1169 Paraná State School (name uncertain),Paraná,Sulina,School,N/A,,cação
P1170 Paraná State School (name uncertain),Paraná,Virmond,School,N/A,,cação
P1171 Paraná State School (name uncertain),Paraná,Vitorino,School,N/A,,cação
P1172 Paraná State School (name uncertain),Paraná,Londrina,School,N/A,,cação
P1173 Paraná State School (name uncertain),Paraná,Londrina,School,N/A,,cação
P1174 Paraná State School (name uncertain),Paraná,Londrina,School,N/A,,cação
P1175 Paraná State School (name uncertain),Paraná,Londrina,School,N/A,,cação
P1176 Paraná State School (name uncertain),Paraná,Londrina,School,N/A,,cação
P1177 Paraná State School (name uncertain),Paraná,Londrina,School,N/A,,cação
P1178 Paraná State School (name uncertain),Paraná,Londrina,School,N/A,,cação
P1179 Paraná State School (name uncertain),Paraná,Londrina,School,N/A,,cação
P1180 Paraná State School (name uncertain),Paraná,Londrina,School,N/A,,cação
P1181 Paraná State School (name uncertain),Paraná,Londrina,School,N/A,,cação
P1182 Paraná State School (name uncertain),Paraná,Londrina,School,N/A,,cação
P1183 Paraná State School (name uncertain),Paraná,Londrina,School,N/A,,cação
P1184 Paraná State School (name uncertain),Paraná,Londrina,School,N/A,,cação
P1185 Paraná State School (name uncertain),Paraná,Londrina,School,N/A,,cação
P1186 Paraná State School (name uncertain),Paraná,Londrina,School,N/A,,cação
P1187 Paraná State School (name uncertain),Paraná,Londrina,School,N/A,,cação
P1188 Paraná State School (name uncertain),Paraná,Londrina,School,N/A,,cação
P1189 Paraná State School (name uncertain),Paraná,Londrina,School,N/A,,cação
P1190 Paraná State School (name uncertain),Paraná,Londrina,School,N/A,,cação
P1191 Paraná State School (name uncertain),Paraná,Londrina,School,N/A,,cação
P1192 Paraná State School (name uncertain),Paraná,Londrina,School,N/A,,cação
P1193 Paraná State School (name uncertain),Paraná,Londrina,School,N/A,,cação
P1194 Paraná State School (name uncertain),Paraná,Londrina,School,N/A,,cação
P1195 Paraná State School (name uncertain),Paraná,Londrina,School,N/A,,cação
P1196 Paraná State School (name uncertain),Paraná,Londrina,School,N/A,,cação
P1197 Paraná State School (name uncertain),Paraná,Londrina,School,N/A,,cação
P1198 Paraná State School (name uncertain),Paraná,Londrina,School,N/A,,cação
P1199 Paraná State School (name uncertain),Paraná,Londrina,School,N/A,,cação
P1200 Paraná State School (name uncertain),Paraná,Londrina,School,N/A,,cação
P1201 Paraná State School (name uncertain),Paraná,Londrina,School,N/A,,cação
P1202 Paraná State School (name uncertain),Paraná,Londrina,School,N/A,,cação
P1203 Paraná State School (name uncertain),Paraná,Londrina,School,N/A,,cação
P1204 Paraná State School (name uncertain),Paraná,Londrina,School,N/A,,cação
P1205 Paraná State School (name uncertain),Paraná,Londrina,School,N/A,,cação
P1206 Paraná State School (name uncertain),Paraná,Londrina,School,N/A,,cação
P1207 Paraná State School (name uncertain),Paraná,Londrina,School,N/A,,cação
P1208 Paraná State School (name uncertain),Paraná,Londrina,School,N/A,,cação
P1209 Paraná State School (name uncertain),Paraná,Londrina,School,N/A,,cação
P1210 Paraná State School (name uncertain),Paraná,Londrina,School,N/A,,cação
P1211 Paraná State School (name uncertain),Paraná,Londrina,School,N/A,,cação
P1212 Paraná State School (name uncertain),Paraná,Londrina,School,N/A,,cação
P1213 Paraná State School (name uncertain),Paraná,Londrina,School,N/A,,cação
P1214 Paraná State School (name uncertain),Paraná,Londrina,School,N/A,,cação
P1215 Paraná State School (name uncertain),Paraná,Londrina,School,N/A,,cação
P1216 Paraná State School (name uncertain),Paraná,Londrina,School,N/A,,cação
P1217 Paraná State School (name uncertain),Paraná,Londrina,School,N/A,,cação
P1218 Paraná State School (name uncertain),Paraná,Londrina,School,N/A,,cação
P1219 Paraná State School (name uncertain),Paraná,Londrina,School,N/A,,cação
P1220 Paraná State School (name uncertain),Paraná,Londrina,School,N/A,,cação
P1221 Paraná State School (name uncertain),Paraná,Londrina,School,N/A,,cação
P1222 Paraná State School (name uncertain),Paraná,Londrina,School,N/A,,cação
P1223 Paraná State School (name uncertain),Paraná,Londrina,School,N/A,,cação
P1224 Paraná State School (name uncertain),Paraná,Londrina,School,N/A,,cação
P1225 Paraná State School (name uncertain),Paraná,Londrina,School,N/A,,cação
P1226 Paraná State School (name uncertain),Paraná,Londrina,School,N/A,,cação
P1227 Paraná State School (name uncertain),Paraná,Londrina,School,N/A,,cação
P1228 Paraná State School (name uncertain),Paraná,Londrina,School,N/A,,cação
P1229 Paraná State School (name uncertain),Paraná,Londrina,School,N/A,,cação
P1230 Paraná State School (name uncertain),Paraná,Londrina,School,N/A,,cação
P1231 Paraná State School (name uncertain),Paraná,Londrina,School,N/A,,cação
P1232 Paraná State School (name uncertain),Paraná,Londrina,School,N/A,,cação
P1233 Paraná State School (name uncertain),Paraná,Londrina,School,N/A,,cação
P1234 Paraná State School (name uncertain),Paraná,Londrina,School,N/A,,cação
P1235 Paraná State School (name uncertain),Paraná,Londrina,School,N/A,,cação
P1236 Paraná State School (name uncertain),Paraná,Londrina,School,N/A,,cação
P1237 Paraná State School (name uncertain),Paraná,Londrina,School,N/A,,cação
P1238 Paraná State School (name uncertain),Paraná,Londrina,School,N/A,,cação
P1239 Paraná State School (name uncertain),Paraná,Londrina,School,N/A,,cação
P1240 Paraná State School (name uncertain),Paraná,Londrina,School,N/A,,cação
P1241 Paraná State School (name uncertain),Paraná,Londrina,School,N/A,,cação
P1242 Paraná State School (name uncertain),Paraná,Londrina,School,N/A,,cação
P1243 Paraná State School (name uncertain),Paraná,Londrina,School,N/A,,cação
P1244 Paraná State School (name uncertain),Paraná,Londrina,School,N/A,,cação
P1245 Paraná State School (name uncertain),Paraná,Londrina,School,N/A,,cação
P1246 Paraná State School (name uncertain),Paraná,Londrina,School,N/A,,cação
P1247 Paraná State School (name uncertain),Paraná,Londrina,School,N/A,,cação
P1248 Paraná State School (name uncertain),Paraná,Apucarana,School,N/A,,cação
P1249 Paraná State School (name uncertain),Paraná,Apucarana,School,N/A,,cação
P1250 Paraná State School (name uncertain),Paraná,Apucarana,School,N/A,,cação
P1251 Paraná State School (name uncertain),Paraná,Apucarana,School,N/A,,cação
P1252 Paraná State School (name uncertain),Paraná,Apucarana,School,N/A,,cação
P1253 Paraná State School (name uncertain),Paraná,Apucarana,School,N/A,,cação
P1254 Paraná State School (name uncertain),Paraná,Apucarana,School,N/A,,cação
P1255 Paraná State School (name uncertain),Paraná,Apucarana,School,N/A,,cação
P1256 Paraná State School (name uncertain),Paraná,Apucarana,School,N/A,,cação
P1257 Paraná State School (name uncertain),Paraná,Apucarana,School,N/A,,cação
P1258 Paraná State School (name uncertain),Paraná,Apucarana,School,N/A,,cação
P1259 Paraná State School (name uncertain),Paraná,Apucarana,School,N/A,,cação
P1260 Paraná State School (name uncertain),Paraná,Apucarana,School,N/A,,cação
P1261 Paraná State School (name uncertain),Paraná,Apucarana,School,N/A,,cação
P1262 Paraná State School (name uncertain),Paraná,Apucarana,School,N/A,,cação
P1263 Paraná State School (name uncertain),Paraná,Apucarana,School,N/A,,cação
P1264 Paraná State School (name uncertain),Paraná,Apucarana,School,N/A,,cação
P1265 Paraná State School (name uncertain),Paraná,Apucarana,School,N/A,,cação
P1266 Paraná State School (name uncertain),Paraná,Apucarana,School,N/A,,cação
P1267 Paraná State School (name uncertain),Paraná,Apucarana,School,N/A,,cação
P1268 Paraná State School (name uncertain),Paraná,Apucarana,School,N/A,,cação
P1269 Paraná State School (name uncertain),Paraná,Apucarana,School,N/A,,cação
P1270 Paraná State School (name uncertain),Paraná,Apucarana,School,N/A,,cação
P1271 Paraná State School (name uncertain),Paraná,Apucarana,School,N/A,,cação
P1272 Paraná State School (name uncertain),Paraná,Apucarana,School,N/A,,cação
P1273 Paraná State School (name uncertain),Paraná,Apucarana,School,N/A,,cação
P1274 Paraná State School (name uncertain),Paraná,Apucarana,School,N/A,,cação
P1275 Paraná State School (name uncertain),Paraná,Apucarana,School,N/A,,cação
P1276 Paraná State School (name uncertain),Paraná,Apucarana,School,N/A,,cação
P1277 Paraná State School (name uncertain),Paraná,Apucarana,School,N/A,,cação
P1278 Paraná State School (name uncertain),Paraná,Apucarana,School,N/A,,cação
P1279 Paraná State School (name uncertain),Paraná,Apucarana,School,N/A,,cação
P1280 Paraná State School (name uncertain),Paraná,Apucarana,School,N/A,,cação
P1281 Paraná State School (name uncertain),Paraná,Apucarana,School,N/A,,cação
P1282 Paraná State School (name uncertain),Paraná,Apucarana,School,N/A,,cação
P1283 Paraná State School (name uncertain),Paraná,Toledo,School,N/A,,cação
P1284 Paraná State School (name uncertain),Paraná,Toledo,School,N/A,,cação
P1285 Paraná State School (name uncertain),Paraná,Toledo,School,N/A,,cação
P1286 Paraná State School (name uncertain),Paraná,Toledo,School,N/A,,cação
P1287 Paraná State School (name uncertain),Paraná,Toledo,School,N/A,,cação
P1288 Paraná State School (name uncertain),Paraná,Toledo,School,N/A,,cação
P1289 Paraná State School (name uncertain),Paraná,Toledo,School,N/A,,cação
P1290 Paraná State School (name uncertain),Paraná,Toledo,School,N/A,,cação
P1291 Paraná State School (name uncertain),Paraná,Toledo,School,N/A,,cação
P1292 Paraná State School (name uncertain),Paraná,Toledo,School,N/A,,cação
P1293 Paraná State School (name uncertain),Paraná,Toledo,School,N/A,,cação
P1294 Paraná State School (name uncertain),Paraná,Toledo,School,N/A,,cação
P1295 Paraná State School (name uncertain),Paraná,Toledo,School,N/A,,cação
P1296 Paraná State School (name uncertain),Paraná,Toledo,School,N/A,,cação
P1297 Paraná State School (name uncertain),Paraná,Toledo,School,N/A,,cação
P1298 Paraná State School (name uncertain),Paraná,Toledo,School,N/A,,cação
P1299 Paraná State School (name uncertain),Paraná,Toledo,School,N/A,,cação
P1300 Paraná State School (name uncertain),Paraná,Toledo,School,N/A,,cação
P1301 Paraná State School (name uncertain),Paraná,Toledo,School,N/A,,cação
P1302 Paraná State School (name uncertain),Paraná,Toledo,School,N/A,,cação
P1303 Paraná State School (name uncertain),Paraná,Toledo,School,N/A,,cação
P1304 Paraná State School (name uncertain),Paraná,Toledo,School,N/A,,cação
P1305 Paraná State School (name uncertain),Paraná,Toledo,School,N/A,,cação
P1306 Paraná State School (name uncertain),Paraná,Toledo,School,N/A,,cação
P1307 Paraná State School (name uncertain),Paraná,Toledo,School,N/A,,cação
P1308 Paraná State School (name uncertain),Paraná,Toledo,School,N/A,,cação
P1309 Paraná State School (name uncertain),Paraná,Toledo,School,N/A,,cação
P1310 Paraná State School (name uncertain),Paraná,Toledo,School,N/A,,cação
P1311 Paraná State School (name uncertain),Paraná,Toledo,School,N/A,,cação
P1312 Paraná State School (name uncertain),Paraná,Toledo,School,N/A,,cação
P1313 Paraná State School (name uncertain),Paraná,Toledo,School,N/A,,cação
P1314 Paraná State School (name uncertain),Paraná,Maringá,School,N/A,,cação
P1315 Paraná State School (name uncertain),Paraná,Maringá,School,N/A,,cação
P1316 Paraná State School (name uncertain),Paraná,Maringá,School,N/A,,cação
P1317 Paraná State School (name uncertain),Paraná,Maringá,School,N/A,,cação
P1318 Paraná State School (name uncertain),Paraná,Maringá,School,N/A,,cação
P1319 Paraná State School (name uncertain),Paraná,Maringá,School,N/A,,cação
P1320 Paraná State School (name uncertain),Paraná,Maringá,School,N/A,,cação
P1321 Paraná State School (name uncertain),Paraná,Maringá,School,N/A,,cação
P1322 Paraná State School (name uncertain),Paraná,Maringá,School,N/A,,cação
P1323 Paraná State School (name uncertain),Paraná,Maringá,School,N/A,,cação
P1324 Paraná State School (name uncertain),Paraná,Maringá,School,N/A,,cação
P1325 Paraná State School (name uncertain),Paraná,Maringá,School,N/A,,cação
P1326 Paraná State School (name uncertain),Paraná,Maringá,School,N/A,,cação
P1327 Paraná State School (name uncertain),Paraná,Maringá,School,N/A,,cação
P1328 Paraná State School (name uncertain),Paraná,Maringá,School,N/A,,cação
P1329 Paraná State School (name uncertain),Paraná,Maringá,School,N/A,,cação
P1330 Paraná State School (name uncertain),Paraná,Maringá,School,N/A,,cação
P1331 Paraná State School (name uncertain),Paraná,Maringá,School,N/A,,cação
P1332 Paraná State School (name uncertain),Paraná,Maringá,School,N/A,,cação
P1333 Paraná State School (name uncertain),Paraná,Maringá,School,N/A,,cação
P1334 Paraná State School (name uncertain),Paraná,Maringá,School,N/A,,cação
P1335 Paraná State School (name uncertain),Paraná,Maringá,School,N/A,,cação
P1336 Paraná State School (name uncertain),Paraná,Maringá,School,N/A,,cação
P1337 Paraná State School (name uncertain),Paraná,Maringá,School,N/A,,cação
P1338 Paraná State School (name uncertain),Paraná,Maringá,School,N/A,,cação
P1339 Paraná State School (name uncertain),Paraná,Maringá,School,N/A,,cação
P1340 Paraná State School (name uncertain),Paraná,Maringá,School,N/A,,cação
P1341 Paraná State School (name uncertain),Paraná,Maringá,School,N/A,,cação
P1342 Paraná State School (name uncertain),Paraná,Maringá,School,N/A,,cação
P1343 Paraná State School (name uncertain),Paraná,Maringá,School,N/A,,cação
P1344 Paraná State School (name uncertain),Paraná,Maringá,School,N/A,,cação
P1345 Paraná State School (name uncertain),Paraná,Maringá,School,N/A,,cação
P1346 Paraná State School (name uncertain),Paraná,Maringá,School,N/A,,cação
P1347 Paraná State School (name uncertain),Paraná,Maringá,School,N/A,,cação
P1348 Paraná State School (name uncertain),Paraná,Maringá,School,N/A,,cação
P1349 Paraná State School (name uncertain),Paraná,Umuarama,School,N/A,,cação
P1350 Paraná State School (name uncertain),Paraná,Umuarama,School,N/A,,cação
P1351 Paraná State School (name uncertain),Paraná,Umuarama,School,N/A,,cação
P1352 Paraná State School (name uncertain),Paraná,Umuarama,School,N/A,,cação
P1353 Paraná State School (name uncertain),Paraná,Umuarama,School,N/A,,cação
P1354 Paraná State School (name uncertain),Paraná,Umuarama,School,N/A,,cação
P1355 Paraná State School (name uncertain),Paraná,Umuarama,School,N/A,,cação
P1356 Paraná State School (name uncertain),Paraná,Umuarama,School,N/A,,cação
P1357 Paraná State School (name uncertain),Paraná,Umuarama,School,N/A,,cação
P1358 Paraná State School (name uncertain),Paraná,Umuarama,School,N/A,,cação
P1359 Paraná State School (name uncertain),Paraná,Umuarama,School,N/A,,cação
P1360 Paraná State School (name uncertain),Paraná,Umuarama,School,N/A,,cação
P1361 Paraná State School (name uncertain),Paraná,Umuarama,School,N/A,,cação
P1362 Paraná State School (name uncertain),Paraná,Umuarama,School,N/A,,cação
P1363 Paraná State School (name uncertain),Paraná,Umuarama,School,N/A,,cação
P1364 Paraná State School (name uncertain),Paraná,Umuarama,School,N/A,,cação
P1365 Paraná State School (name uncertain),Paraná,Umuarama,School,N/A,,cação
P1366 Paraná State School (name uncertain),Paraná,Umuarama,School,N/A,,cação
P1367 Paraná State School (name uncertain),Paraná,Umuarama,School,N/A,,cação
P1368 Paraná State School (name uncertain),Paraná,Umuarama,School,N/A,,cação
P1369 Paraná State School (name uncertain),Paraná,Guaíra,School,N/A,,cação
P1370 Paraná State School (name uncertain),Paraná,Guaíra,School,N/A,,cação
P1371 Paraná State School (name uncertain),Paraná,Guaíra,School,N/A,,cação
P1372 Paraná State School (name uncertain),Paraná,Guaíra,School,N/A,,cação
P1373 Paraná State School (name uncertain),Paraná,Guaíra,School,N/A,,cação
P1374 Paraná State School (name uncertain),Paraná,Guaíra,School,N/A,,cação
P1375 Paraná State School (name uncertain),Paraná,Guaíra,School,N/A,,cação
P1376 Paraná State School (name uncertain),Paraná,Guaíra,School,N/A,,cação
P1377 Paraná State School (name uncertain),Paraná,Guaíra,School,N/A,,cação
P1378 Paraná State School (name uncertain),Paraná,Guaíra,School,N/A,,cação
P1379 Paraná State School (name uncertain),Paraná,Guaíra,School,N/A,,cação
P1380 Paraná State School (name uncertain),Paraná,Guaíra,School,N/A,,cação
P1381 Paraná State School (name uncertain),Paraná,Guaíra,School,N/A,,cação
P1382 Paraná State School (name uncertain),Paraná,Guaíra,School,N/A,,cação
P1383 Paraná State School (name uncertain),Paraná,Guaíra,School,N/A,,cação
P1384 Paraná State School (name uncertain),Paraná,Guaíra,School,N/A,,cação
P1385 Paraná State School (name uncertain),Paraná,Guaíra,School,N/A,,cação
P1386 Paraná State School (name uncertain),Paraná,Guaíra,School,N/A,,cação
P1387 Paraná State School (name uncertain),Paraná,Paranávaí,School,N/A,,cação
P1388 Paraná State School (name uncertain),Paraná,Paranávaí,School,N/A,,cação
P1389 Paraná State School (name uncertain),Paraná,Paranávaí,School,N/A,,cação
P1390 Paraná State School (name uncertain),Paraná,Paranávaí,School,N/A,,cação
P1391 Paraná State School (name uncertain),Paraná,Paranávaí,School,N/A,,cação
P1392 Paraná State School (name uncertain),Paraná,Paranávaí,School,N/A,,cação
P1393 Paraná State School (name uncertain),Paraná,Paranávaí,School,N/A,,cação
P1394 Paraná State School (name uncertain),Paraná,Paranávaí,School,N/A,,cação
P1395 Paraná State School (name uncertain),Paraná,Paranávaí,School,N/A,,cação
P1396 Paraná State School (name uncertain),Paraná,Paranávaí,School,N/A,,cação
P1397 Paraná State School (name uncertain),Paraná,Paranávaí,School,N/A,,cação
P1398 Paraná State School (name uncertain),Paraná,Paranávaí,School,N/A,,cação
P1399 Paraná State School (name uncertain),Paraná,Paranávaí,School,N/A,,cação
P1400 Paraná State School (name uncertain),Paraná,Paranávaí,School,N/A,,cação
P1401 Paraná State School (name uncertain),Paraná,Paranávaí,School,N/A,,cação
P1402 Paraná State School (name uncertain),Paraná,Paranávaí,School,N/A,,cação
P1403 Paraná State School (name uncertain),Paraná,Assis Chateaubriand,School,N/A,,cação
P1404 Paraná State School (name uncertain),Paraná,Assis Chateaubriand,School,N/A,,cação
P1405 Paraná State School (name uncertain),Paraná,Assis Chateaubriand,School,N/A,,cação
P1406 Paraná State School (name uncertain),Paraná,Assis Chateaubriand,School,N/A,,cação
P1407 Paraná State School (name uncertain),Paraná,Assis Chateaubriand,School,N/A,,cação
P1408 Paraná State School (name uncertain),Paraná,Assis Chateaubriand,School,N/A,,cação
P1409 Paraná State School (name uncertain),Paraná,Assis Chateaubriand,School,N/A,,cação
P1410 Paraná State School (name uncertain),Paraná,Assis Chateaubriand,School,N/A,,cação
P1411 Paraná State School (name uncertain),Paraná,Assis Chateaubriand,School,N/A,,cação
P1412 Paraná State School (name uncertain),Paraná,Assis Chateaubriand,School,N/A,,cação
P1413 Paraná State School (name uncertain),Paraná,Assis Chateaubriand,School,N/A,,cação
P1414 Paraná State School (name uncertain),Paraná,Assis Chateaubriand,School,N/A,,cação
P1415 Paraná State School (name uncertain),Paraná,Assis Chateaubriand,School,N/A,,cação
P1416 Paraná State School (name uncertain),Paraná,Assis Chateaubriand,School,N/A,,cação
P1417 Paraná State School (name uncertain),Paraná,Assis Chateaubriand,School,N/A,,cação
P1418 Paraná State School (name uncertain),Paraná,Ortigueira,School,N/A,,cação
P1419 Paraná State School (name uncertain),Paraná,Ortigueira,School,N/A,,cação
P1420 Paraná State School (name uncertain),Paraná,Ortigueira,School,N/A,,cação
P1421 Paraná State School (name uncertain),Paraná,Ortigueira,School,N/A,,cação
P1422 Paraná State School (name uncertain),Paraná,Ortigueira,School,N/A,,cação
P1423 Paraná State School (name uncertain),Paraná,Ortigueira,School,N/A,,cação
P1424 Paraná State School (name uncertain),Paraná,Ortigueira,School,N/A,,cação
P1425 Paraná State School (name uncertain),Paraná,Ortigueira,School,N/A,,cação
P1426 Paraná State School (name uncertain),Paraná,Ortigueira,School,N/A,,cação
P1427 Paraná State School (name uncertain),Paraná,Ortigueira,School,N/A,,cação
P1428 Paraná State School (name uncertain),Paraná,Ortigueira,School,N/A,,cação
P1429 Paraná State School (name uncertain),Paraná,Ortigueira,School,N/A,,cação
P1430 Paraná State School (name uncertain),Paraná,Ortigueira,School,N/A,,cação
P1431 Paraná State School (name uncertain),Paraná,Ortigueira,School,N/A,,cação
P1432 Paraná State School (name uncertain),Paraná,Ortigueira,School,N/A,,cação
P1433 Paraná State School (name uncertain),Paraná,Telemaco Borba,School,N/A,,cação
P1434 Paraná State School (name uncertain),Paraná,Telemaco Borba,School,N/A,,cação
P1435 Paraná State School (name uncertain),Paraná,Telemaco Borba,School,N/A,,cação
P1436 Paraná State School (name uncertain),Paraná,Telemaco Borba,School,N/A,,cação
P1437 Paraná State School (name uncertain),Paraná,Telemaco Borba,School,N/A,,cação
P1438 Paraná State School (name uncertain),Paraná,Telemaco Borba,School,N/A,,cação
P1439 Paraná State School (name uncertain),Paraná,Telemaco Borba,School,N/A,,cação
P1440 Paraná State School (name uncertain),Paraná,Telemaco Borba,School,N/A,,cação
P1441 Paraná State School (name uncertain),Paraná,Telemaco Borba,School,N/A,,cação
P1442 Paraná State School (name uncertain),Paraná,Telemaco Borba,School,N/A,,cação
P1443 Paraná State School (name uncertain),Paraná,Telemaco Borba,School,N/A,,cação
P1444 Paraná State School (name uncertain),Paraná,Telemaco Borba,School,N/A,,cação
P1445 Paraná State School (name uncertain),Paraná,Telemaco Borba,School,N/A,,cação
P1446 Paraná State School (name uncertain),Paraná,Telemaco Borba,School,N/A,,cação
P1447 Paraná State School (name uncertain),Paraná,Telemaco Borba,School,N/A,,cação
P1448 Paraná State School (name uncertain),Paraná,Campo Mourão,School,N/A,,cação
P1449 Paraná State School (name uncertain),Paraná,Campo Mourão,School,N/A,,cação
P1450 Paraná State School (name uncertain),Paraná,Campo Mourão,School,N/A,,cação
P1451 Paraná State School (name uncertain),Paraná,Campo Mourão,School,N/A,,cação
P1452 Paraná State School (name uncertain),Paraná,Campo Mourão,School,N/A,,cação
P1453 Paraná State School (name uncertain),Paraná,Campo Mourão,School,N/A,,cação
P1454 Paraná State School (name uncertain),Paraná,Campo Mourão,School,N/A,,cação
P1455 Paraná State School (name uncertain),Paraná,Campo Mourão,School,N/A,,cação
P1456 Paraná State School (name uncertain),Paraná,Campo Mourão,School,N/A,,cação
P1457 Paraná State School (name uncertain),Paraná,Campo Mourão,School,N/A,,cação
P1458 Paraná State School (name uncertain),Paraná,Campo Mourão,School,N/A,,cação
P1459 Paraná State School (name uncertain),Paraná,Campo Mourão,School,N/A,,cação
P1460 Paraná State School (name uncertain),Paraná,Campo Mourão,School,N/A,,cação
P1461 Paraná State School (name uncertain),Paraná,Campo Mourão,School,N/A,,cação
P1462 Paraná State School (name uncertain),Paraná,Sarandi,School,N/A,,cação
P1463 Paraná State School (name uncertain),Paraná,Sarandi,School,N/A,,cação
P1464 Paraná State School (name uncertain),Paraná,Sarandi,School,N/A,,cação
P1465 Paraná State School (name uncertain),Paraná,Sarandi,School,N/A,,cação
P1466 Paraná State School (name uncertain),Paraná,Sarandi,School,N/A,,cação
P1467 Paraná State School (name uncertain),Paraná,Sarandi,School,N/A,,cação
P1468 Paraná State School (name uncertain),Paraná,Sarandi,School,N/A,,cação
P1469 Paraná State School (name uncertain),Paraná,Sarandi,School,N/A,,cação
P1470 Paraná State School (name uncertain),Paraná,Sarandi,School,N/A,,cação
P1471 Paraná State School (name uncertain),Paraná,Sarandi,School,N/A,,cação
P1472 Paraná State School (name uncertain),Paraná,Sarandi,School,N/A,,cação
P1473 Paraná State School (name uncertain),Paraná,Sarandi,School,N/A,,cação
P1474 Paraná State School (name uncertain),Paraná,Sarandi,School,N/A,,cação
P1475 Paraná State School (name uncertain),Paraná,Sarandi,School,N/A,,cação
P1476 Paraná State School (name uncertain),Paraná,Cambé,School,N/A,,cação
P1477 Paraná State School (name uncertain),Paraná,Cambé,School,N/A,,cação
P1478 Paraná State School (name uncertain),Paraná,Cambé,School,N/A,,cação
P1479 Paraná State School (name uncertain),Paraná,Cambé,School,N/A,,cação
P1480 Paraná State School (name uncertain),Paraná,Cambé,School,N/A,,cação
P1481 Paraná State School (name uncertain),Paraná,Cambé,School,N/A,,cação
P1482 Paraná State School (name uncertain),Paraná,Cambé,School,N/A,,cação
P1483 Paraná State School (name uncertain),Paraná,Cambé,School,N/A,,cação
P1484 Paraná State School (name uncertain),Paraná,Cambé,School,N/A,,cação
P1485 Paraná State School (name uncertain),Paraná,Cambé,School,N/A,,cação
P1486 Paraná State School (name uncertain),Paraná,Cambé,School,N/A,,cação
P1487 Paraná State School (name uncertain),Paraná,Cambé,School,N/A,,cação
P1488 Paraná State School (name uncertain),Paraná,Cambé,School,N/A,,cação
P1489 Paraná State School (name uncertain),Paraná,Pitanga,School,N/A,,cação
P1490 Paraná State School (name uncertain),Paraná,Pitanga,School,N/A,,cação
P1491 Paraná State School (name uncertain),Paraná,Pitanga,School,N/A,,cação
P1492 Paraná State School (name uncertain),Paraná,Pitanga,School,N/A,,cação
P1493 Paraná State School (name uncertain),Paraná,Pitanga,School,N/A,,cação
P1494 Paraná State School (name uncertain),Paraná,Pitanga,School,N/A,,cação
P1495 Paraná State School (name uncertain),Paraná,Pitanga,School,N/A,,cação
P1496 Paraná State School (name uncertain),Paraná,Pitanga,School,N/A,,cação
P1497 Paraná State School (name uncertain),Paraná,Pitanga,School,N/A,,cação
P1498 Paraná State School (name uncertain),Paraná,Pitanga,School,N/A,,cação
P1499 Paraná State School (name uncertain),Paraná,Pitanga,School,N/A,,cação
P1500 Paraná State School (name uncertain),Paraná,Pitanga,School,N/A,,cação
P1501 Paraná State School (name uncertain),Paraná,Pitanga,School,N/A,,cação
P1502 Paraná State School (name uncertain),Paraná,Terra Roxa,School,N/A,,cação
P1503 Paraná State School (name uncertain),Paraná,Terra Roxa,School,N/A,,cação
P1504 Paraná State School (name uncertain),Paraná,Terra Roxa,School,N/A,,cação
P1505 Paraná State School (name uncertain),Paraná,Terra Roxa,School,N/A,,cação
P1506 Paraná State School (name uncertain),Paraná,Terra Roxa,School,N/A,,cação
P1507 Paraná State School (name uncertain),Paraná,Terra Roxa,School,N/A,,cação
P1508 Paraná State School (name uncertain),Paraná,Terra Roxa,School,N/A,,cação
P1509 Paraná State School (name uncertain),Paraná,Terra Roxa,School,N/A,,cação
P1510 Paraná State School (name uncertain),Paraná,Terra Roxa,School,N/A,,cação
P1511 Paraná State School (name uncertain),Paraná,Terra Roxa,School,N/A,,cação
P1512 Paraná State School (name uncertain),Paraná,Terra Roxa,School,N/A,,cação
P1513 Paraná State School (name uncertain),Paraná,Terra Roxa,School,N/A,,cação
P1514 Paraná State School (name uncertain),Paraná,Terra Roxa,School,N/A,,cação
P1515 Paraná State School (name uncertain),Paraná,Cornélio Procópio,School,N/A,,cação
P1516 Paraná State School (name uncertain),Paraná,Cornélio Procópio,School,N/A,,cação
P1517 Paraná State School (name uncertain),Paraná,Cornélio Procópio,School,N/A,,cação
P1518 Paraná State School (name uncertain),Paraná,Cornélio Procópio,School,N/A,,cação
P1519 Paraná State School (name uncertain),Paraná,Cornélio Procópio,School,N/A,,cação
P1520 Paraná State School (name uncertain),Paraná,Cornélio Procópio,School,N/A,,cação
P1521 Paraná State School (name uncertain),Paraná,Cornélio Procópio,School,N/A,,cação
P1522 Paraná State School (name uncertain),Paraná,Cornélio Procópio,School,N/A,,cação
P1523 Paraná State School (name uncertain),Paraná,Cornélio Procópio,School,N/A,,cação
P1524 Paraná State School (name uncertain),Paraná,Cornélio Procópio,School,N/A,,cação
P1525 Paraná State School (name uncertain),Paraná,Cornélio Procópio,School,N/A,,cação
P1526 Paraná State School (name uncertain),Paraná,Cornélio Procópio,School,N/A,,cação
P1527 Paraná State School (name uncertain),Paraná,Marechal Cândido Rondon,School,N/A,,cação
P1528 Paraná State School (name uncertain),Paraná,Marechal Cândido Rondon,School,N/A,,cação
P1529 Paraná State School (name uncertain),Paraná,Marechal Cândido Rondon,School,N/A,,cação
P1530 Paraná State School (name uncertain),Paraná,Marechal Cândido Rondon,School,N/A,,cação
P1531 Paraná State School (name uncertain),Paraná,Marechal Cândido Rondon,School,N/A,,cação
P1532 Paraná State School (name uncertain),Paraná,Marechal Cândido Rondon,School,N/A,,cação
P1533 Paraná State School (name uncertain),Paraná,Marechal Cândido Rondon,School,N/A,,cação
P1534 Paraná State School (name uncertain),Paraná,Marechal Cândido Rondon,School,N/A,,cação
P1535 Paraná State School (name uncertain),Paraná,Marechal Cândido Rondon,School,N/A,,cação
P1536 Paraná State School (name uncertain),Paraná,Marechal Cândido Rondon,School,N/A,,cação
P1537 Paraná State School (name uncertain),Paraná,Marechal Cândido Rondon,School,N/A,,cação
P1538 Paraná State School (name uncertain),Paraná,Marechal Cândido Rondon,School,N/A,,cação
P1539 Paraná State School (name uncertain),Paraná,Cianorte,School,N/A,,cação
P1540 Paraná State School (name uncertain),Paraná,Cianorte,School,N/A,,cação
P1541 Paraná State School (name uncertain),Paraná,Cianorte,School,N/A,,cação
P1542 Paraná State School (name uncertain),Paraná,Cianorte,School,N/A,,cação
P1543 Paraná State School (name uncertain),Paraná,Cianorte,School,N/A,,cação
P1544 Paraná State School (name uncertain),Paraná,Cianorte,School,N/A,,cação
P1545 Paraná State School (name uncertain),Paraná,Cianorte,School,N/A,,cação
P1546 Paraná State School (name uncertain),Paraná,Cianorte,School,N/A,,cação
P1547 Paraná State School (name uncertain),Paraná,Cianorte,School,N/A,,cação
P1548 Paraná State School (name uncertain),Paraná,Cianorte,School,N/A,,cação
P1549 Paraná State School (name uncertain),Paraná,Cianorte,School,N/A,,cação
P1550 Paraná State School (name uncertain),Paraná,Cianorte,School,N/A,,cação
P1551 Paraná State School (name uncertain),Paraná,Santa Helena,School,N/A,,cação
P1552 Paraná State School (name uncertain),Paraná,Santa Helena,School,N/A,,cação
P1553 Paraná State School (name uncertain),Paraná,Santa Helena,School,N/A,,cação
P1554 Paraná State School (name uncertain),Paraná,Santa Helena,School,N/A,,cação
P1555 Paraná State School (name uncertain),Paraná,Santa Helena,School,N/A,,cação
P1556 Paraná State School (name uncertain),Paraná,Santa Helena,School,N/A,,cação
P1557 Paraná State School (name uncertain),Paraná,Santa Helena,School,N/A,,cação
P1558 Paraná State School (name uncertain),Paraná,Santa Helena,School,N/A,,cação
P1559 Paraná State School (name uncertain),Paraná,Santa Helena,School,N/A,,cação
P1560 Paraná State School (name uncertain),Paraná,Santa Helena,School,N/A,,cação
P1561 Paraná State School (name uncertain),Paraná,Santa Helena,School,N/A,,cação
P1562 Paraná State School (name uncertain),Paraná,Santo Antônio da Platina,School,N/A,,cação
P1563 Paraná State School (name uncertain),Paraná,Santo Antônio da Platina,School,N/A,,cação
P1564 Paraná State School (name uncertain),Paraná,Santo Antônio da Platina,School,N/A,,cação
P1565 Paraná State School (name uncertain),Paraná,Santo Antônio da Platina,School,N/A,,cação
P1566 Paraná State School (name uncertain),Paraná,Santo Antônio da Platina,School,N/A,,cação
P1567 Paraná State School (name uncertain),Paraná,Santo Antônio da Platina,School,N/A,,cação
P1568 Paraná State School (name uncertain),Paraná,Santo Antônio da Platina,School,N/A,,cação
P1569 Paraná State School (name uncertain),Paraná,Santo Antônio da Platina,School,N/A,,cação
P1570 Paraná State School (name uncertain),Paraná,Santo Antônio da Platina,School,N/A,,cação
P1571 Paraná State School (name uncertain),Paraná,Santo Antônio da Platina,School,N/A,,cação
P1572 Paraná State School (name uncertain),Paraná,Santo Antônio da Platina,School,N/A,,cação
P1573 Paraná State School (name uncertain),Paraná,Bandeirantes,School,N/A,,cação
P1574 Paraná State School (name uncertain),Paraná,Bandeirantes,School,N/A,,cação
P1575 Paraná State School (name uncertain),Paraná,Bandeirantes,School,N/A,,cação
P1576 Paraná State School (name uncertain),Paraná,Bandeirantes,School,N/A,,cação
P1577 Paraná State School (name uncertain),Paraná,Bandeirantes,School,N/A,,cação
P1578 Paraná State School (name uncertain),Paraná,Bandeirantes,School,N/A,,cação
P1579 Paraná State School (name uncertain),Paraná,Bandeirantes,School,N/A,,cação
P1580 Paraná State School (name uncertain),Paraná,Bandeirantes,School,N/A,,cação
P1581 Paraná State School (name uncertain),Paraná,Bandeirantes,School,N/A,,cação
P1582 Paraná State School (name uncertain),Paraná,Bandeirantes,School,N/A,,cação
P1583 Paraná State School (name uncertain),Paraná,Ibaiti,School,N/A,,cação
P1584 Paraná State School (name uncertain),Paraná,Ibaiti,School,N/A,,cação
P1585 Paraná State School (name uncertain),Paraná,Ibaiti,School,N/A,,cação
P1586 Paraná State School (name uncertain),Paraná,Ibaiti,School,N/A,,cação
P1587 Paraná State School (name uncertain),Paraná,Ibaiti,School,N/A,,cação
P1588 Paraná State School (name uncertain),Paraná,Ibaiti,School,N/A,,cação
P1589 Paraná State School (name uncertain),Paraná,Ibaiti,School,N/A,,cação
P1590 Paraná State School (name uncertain),Paraná,Ibaiti,School,N/A,,cação
P1591 Paraná State School (name uncertain),Paraná,Ibaiti,School,N/A,,cação
P1592 Paraná State School (name uncertain),Paraná,Ibaiti,School,N/A,,cação
P1593 Paraná State School (name uncertain),Paraná,Ivaipora,School,N/A,,cação
P1594 Paraná State School (name uncertain),Paraná,Ivaipora,School,N/A,,cação
P1595 Paraná State School (name uncertain),Paraná,Ivaipora,School,N/A,,cação
P1596 Paraná State School (name uncertain),Paraná,Ivaipora,School,N/A,,cação
P1597 Paraná State School (name uncertain),Paraná,Ivaipora,School,N/A,,cação
P1598 Paraná State School (name uncertain),Paraná,Ivaipora,School,N/A,,cação
P1599 Paraná State School (name uncertain),Paraná,Ivaipora,School,N/A,,cação
P1600 Paraná State School (name uncertain),Paraná,Ivaipora,School,N/A,,cação
P1601 Paraná State School (name uncertain),Paraná,Ivaipora,School,N/A,,cação
P1602 Paraná State School (name uncertain),Paraná,Ivaipora,School,N/A,,cação
P1603 Paraná State School (name uncertain),Paraná,São Jerônimo da Serra,School,N/A,,cação
P1604 Paraná State School (name uncertain),Paraná,São Jerônimo da Serra,School,N/A,,cação
P1605 Paraná State School (name uncertain),Paraná,São Jerônimo da Serra,School,N/A,,cação
P1606 Paraná State School (name uncertain),Paraná,São Jerônimo da Serra,School,N/A,,cação
P1607 Paraná State School (name uncertain),Paraná,São Jerônimo da Serra,School,N/A,,cação
P1608 Paraná State School (name uncertain),Paraná,São Jerônimo da Serra,School,N/A,,cação
P1609 Paraná State School (name uncertain),Paraná,São Jerônimo da Serra,School,N/A,,cação
P1610 Paraná State School (name uncertain),Paraná,São Jerônimo da Serra,School,N/A,,cação
P1611 Paraná State School (name uncertain),Paraná,São Jerônimo da Serra,School,N/A,,cação
P1612 Paraná State School (name uncertain),Paraná,São Jerônimo da Serra,School,N/A,,cação
P1613 Paraná State School (name uncertain),Paraná,Jacarezinho,School,N/A,,cação
P1614 Paraná State School (name uncertain),Paraná,Jacarezinho,School,N/A,,cação
P1615 Paraná State School (name uncertain),Paraná,Jacarezinho,School,N/A,,cação
P1616 Paraná State School (name uncertain),Paraná,Jacarezinho,School,N/A,,cação
P1617 Paraná State School (name uncertain),Paraná,Jacarezinho,School,N/A,,cação
P1618 Paraná State School (name uncertain),Paraná,Jacarezinho,School,N/A,,cação
P1619 Paraná State School (name uncertain),Paraná,Jacarezinho,School,N/A,,cação
P1620 Paraná State School (name uncertain),Paraná,Jacarezinho,School,N/A,,cação
P1621 Paraná State School (name uncertain),Paraná,Jacarezinho,School,N/A,,cação
P1622 Paraná State School (name uncertain),Paraná,Palotina,School,N/A,,cação
P1623 Paraná State School (name uncertain),Paraná,Palotina,School,N/A,,cação
P1624 Paraná State School (name uncertain),Paraná,Palotina,School,N/A,,cação
P1625 Paraná State School (name uncertain),Paraná,Palotina,School,N/A,,cação
P1626 Paraná State School (name uncertain),Paraná,Palotina,School,N/A,,cação
P1627 Paraná State School (name uncertain),Paraná,Palotina,School,N/A,,cação
P1628 Paraná State School (name uncertain),Paraná,Palotina,School,N/A,,cação
P1629 Paraná State School (name uncertain),Paraná,Palotina,School,N/A,,cação
P1630 Paraná State School (name uncertain),Paraná,Palotina,School,N/A,,cação
P1631 Paraná State School (name uncertain),Paraná,Goioerê,School,N/A,,cação
P1632 Paraná State School (name uncertain),Paraná,Goioerê,School,N/A,,cação
P1633 Paraná State School (name uncertain),Paraná,Goioerê,School,N/A,,cação
P1634 Paraná State School (name uncertain),Paraná,Goioerê,School,N/A,,cação
P1635 Paraná State School (name uncertain),Paraná,Goioerê,School,N/A,,cação
P1636 Paraná State School (name uncertain),Paraná,Goioerê,School,N/A,,cação
P1637 Paraná State School (name uncertain),Paraná,Goioerê,School,N/A,,cação
P1638 Paraná State School (name uncertain),Paraná,Goioerê,School,N/A,,cação
P1639 Paraná State School (name uncertain),Paraná,Ibiporã,School,N/A,,cação
P1640 Paraná State School (name uncertain),Paraná,Ibiporã,School,N/A,,cação
P1641 Paraná State School (name uncertain),Paraná,Ibiporã,School,N/A,,cação
P1642 Paraná State School (name uncertain),Paraná,Ibiporã,School,N/A,,cação
P1643 Paraná State School (name uncertain),Paraná,Ibiporã,School,N/A,,cação
P1644 Paraná State School (name uncertain),Paraná,Ibiporã,School,N/A,,cação
P1645 Paraná State School (name uncertain),Paraná,Ibiporã,School,N/A,,cação
P1646 Paraná State School (name uncertain),Paraná,Ibiporã,School,N/A,,cação
P1647 Paraná State School (name uncertain),Paraná,Reserva,School,N/A,,cação
P1648 Paraná State School (name uncertain),Paraná,Reserva,School,N/A,,cação
P1649 Paraná State School (name uncertain),Paraná,Reserva,School,N/A,,cação
P1650 Paraná State School (name uncertain),Paraná,Reserva,School,N/A,,cação
P1651 Paraná State School (name uncertain),Paraná,Reserva,School,N/A,,cação
P1652 Paraná State School (name uncertain),Paraná,Reserva,School,N/A,,cação
P1653 Paraná State School (name uncertain),Paraná,Reserva,School,N/A,,cação
P1654 Paraná State School (name uncertain),Paraná,Reserva,School,N/A,,cação
P1655 Paraná State School (name uncertain),Paraná,Arapoti,School,N/A,,cação
P1656 Paraná State School (name uncertain),Paraná,Arapoti,School,N/A,,cação
P1657 Paraná State School (name uncertain),Paraná,Arapoti,School,N/A,,cação
P1658 Paraná State School (name uncertain),Paraná,Arapoti,School,N/A,,cação
P1659 Paraná State School (name uncertain),Paraná,Arapoti,School,N/A,,cação
P1660 Paraná State School (name uncertain),Paraná,Arapoti,School,N/A,,cação
P1661 Paraná State School (name uncertain),Paraná,Arapoti,School,N/A,,cação
P1662 Paraná State School (name uncertain),Paraná,Cândido de Abreu,School,N/A,,cação
P1663 Paraná State School (name uncertain),Paraná,Cândido de Abreu,School,N/A,,cação
P1664 Paraná State School (name uncertain),Paraná,Cândido de Abreu,School,N/A,,cação
P1665 Paraná State School (name uncertain),Paraná,Cândido de Abreu,School,N/A,,cação
P1666 Paraná State School (name uncertain),Paraná,Cândido de Abreu,School,N/A,,cação
P1667 Paraná State School (name uncertain),Paraná,Cândido de Abreu,School,N/A,,cação
P1668 Paraná State School (name uncertain),Paraná,Cândido de Abreu,School,N/A,,cação
P1669 Paraná State School (name uncertain),Paraná,Jaguariaíva,School,N/A,,cação
P1670 Paraná State School (name uncertain),Paraná,Jaguariaíva,School,N/A,,cação
P1671 Paraná State School (name uncertain),Paraná,Jaguariaíva,School,N/A,,cação
P1672 Paraná State School (name uncertain),Paraná,Jaguariaíva,School,N/A,,cação
P1673 Paraná State School (name uncertain),Paraná,Jaguariaíva,School,N/A,,cação
P1674 Paraná State School (name uncertain),Paraná,Jaguariaíva,School,N/A,,cação
P1675 Paraná State School (name uncertain),Paraná,Jaguariaíva,School,N/A,,cação
P1676 Paraná State School (name uncertain),Paraná,Manoel Ribas,School,N/A,,cação
P1677 Paraná State School (name uncertain),Paraná,Manoel Ribas,School,N/A,,cação
P1678 Paraná State School (name uncertain),Paraná,Manoel Ribas,School,N/A,,cação
P1679 Paraná State School (name uncertain),Paraná,Manoel Ribas,School,N/A,,cação
P1680 Paraná State School (name uncertain),Paraná,Manoel Ribas,School,N/A,,cação
P1681 Paraná State School (name uncertain),Paraná,Manoel Ribas,School,N/A,,cação
P1682 Paraná State School (name uncertain),Paraná,Manoel Ribas,School,N/A,,cação
P1683 Paraná State School (name uncertain),Paraná,Santa Maria do Oeste,School,N/A,,cação
P1684 Paraná State School (name uncertain),Paraná,Santa Maria do Oeste,School,N/A,,cação
P1685 Paraná State School (name uncertain),Paraná,Santa Maria do Oeste,School,N/A,,cação
P1686 Paraná State School (name uncertain),Paraná,Santa Maria do Oeste,School,N/A,,cação
P1687 Paraná State School (name uncertain),Paraná,Santa Maria do Oeste,School,N/A,,cação
P1688 Paraná State School (name uncertain),Paraná,Santa Maria do Oeste,School,N/A,,cação
P1689 Paraná State School (name uncertain),Paraná,Santa Maria do Oeste,School,N/A,,cação
P1690 Paraná State School (name uncertain),Paraná,Tomazina,School,N/A,,cação
P1691 Paraná State School (name uncertain),Paraná,Tomazina,School,N/A,,cação
P1692 Paraná State School (name uncertain),Paraná,Tomazina,School,N/A,,cação
P1693 Paraná State School (name uncertain),Paraná,Tomazina,School,N/A,,cação
P1694 Paraná State School (name uncertain),Paraná,Tomazina,School,N/A,,cação
P1695 Paraná State School (name uncertain),Paraná,Tomazina,School,N/A,,cação
P1696 Paraná State School (name uncertain),Paraná,Tomazina,School,N/A,,cação
P1697 Paraná State School (name uncertain),Paraná,Ubiratã,School,N/A,,cação
P1698 Paraná State School (name uncertain),Paraná,Ubiratã,School,N/A,,cação
P1699 Paraná State School (name uncertain),Paraná,Ubiratã,School,N/A,,cação
P1700 Paraná State School (name uncertain),Paraná,Ubiratã,School,N/A,,cação
P1701 Paraná State School (name uncertain),Paraná,Ubiratã,School,N/A,,cação
P1702 Paraná State School (name uncertain),Paraná,Ubiratã,School,N/A,,cação
P1703 Paraná State School (name uncertain),Paraná,Ubiratã,School,N/A,,cação
P1704 Paraná State School (name uncertain),Paraná,Alto Piquiri,School,N/A,,cação
P1705 Paraná State School (name uncertain),Paraná,Alto Piquiri,School,N/A,,cação
P1706 Paraná State School (name uncertain),Paraná,Alto Piquiri,School,N/A,,cação
P1707 Paraná State School (name uncertain),Paraná,Alto Piquiri,School,N/A,,cação
P1708 Paraná State School (name uncertain),Paraná,Alto Piquiri,School,N/A,,cação
P1709 Paraná State School (name uncertain),Paraná,Alto Piquiri,School,N/A,,cação
P1710 Paraná State School (name uncertain),Paraná,Cambará,School,N/A,,cação
P1711 Paraná State School (name uncertain),Paraná,Cambará,School,N/A,,cação
P1712 Paraná State School (name uncertain),Paraná,Cambará,School,N/A,,cação
P1713 Paraná State School (name uncertain),Paraná,Cambará,School,N/A,,cação
P1714 Paraná State School (name uncertain),Paraná,Cambará,School,N/A,,cação
P1715 Paraná State School (name uncertain),Paraná,Cambará,School,N/A,,cação
P1716 Paraná State School (name uncertain),Paraná,Campina da Lagoa,School,N/A,,cação
P1717 Paraná State School (name uncertain),Paraná,Campina da Lagoa,School,N/A,,cação
P1718 Paraná State School (name uncertain),Paraná,Campina da Lagoa,School,N/A,,cação
P1719 Paraná State School (name uncertain),Paraná,Campina da Lagoa,School,N/A,,cação
P1720 Paraná State School (name uncertain),Paraná,Campina da Lagoa,School,N/A,,cação
P1721 Paraná State School (name uncertain),Paraná,Campina da Lagoa,School,N/A,,cação
P1722 Paraná State School (name uncertain),Paraná,Engenheiro Beltrão,School,N/A,,cação
P1723 Paraná State School (name uncertain),Paraná,Engenheiro Beltrão,School,N/A,,cação
P1724 Paraná State School (name uncertain),Paraná,Engenheiro Beltrão,School,N/A,,cação
P1725 Paraná State School (name uncertain),Paraná,Engenheiro Beltrão,School,N/A,,cação
P1726 Paraná State School (name uncertain),Paraná,Engenheiro Beltrão,School,N/A,,cação
P1727 Paraná State School (name uncertain),Paraná,Engenheiro Beltrão,School,N/A,,cação
P1728 Paraná State School (name uncertain),Paraná,Jandaia do Sul,School,N/A,,cação
P1729 Paraná State School (name uncertain),Paraná,Jandaia do Sul,School,N/A,,cação
P1730 Paraná State School (name uncertain),Paraná,Jandaia do Sul,School,N/A,,cação
P1731 Paraná State School (name uncertain),Paraná,Jandaia do Sul,School,N/A,,cação
P1732 Paraná State School (name uncertain),Paraná,Jandaia do Sul,School,N/A,,cação
P1733 Paraná State School (name uncertain),Paraná,Jandaia do Sul,School,N/A,,cação
P1734 Paraná State School (name uncertain),Paraná,Marialva,School,N/A,,cação
P1735 Paraná State School (name uncertain),Paraná,Marialva,School,N/A,,cação
P1736 Paraná State School (name uncertain),Paraná,Marialva,School,N/A,,cação
P1737 Paraná State School (name uncertain),Paraná,Marialva,School,N/A,,cação
P1738 Paraná State School (name uncertain),Paraná,Marialva,School,N/A,,cação
P1739 Paraná State School (name uncertain),Paraná,Marialva,School,N/A,,cação
P1740 Paraná State School (name uncertain),Paraná,Paiçandu,School,N/A,,cação
P1741 Paraná State School (name uncertain),Paraná,Paiçandu,School,N/A,,cação
P1742 Paraná State School (name uncertain),Paraná,Paiçandu,School,N/A,,cação
P1743 Paraná State School (name uncertain),Paraná,Paiçandu,School,N/A,,cação
P1744 Paraná State School (name uncertain),Paraná,Paiçandu,School,N/A,,cação
P1745 Paraná State School (name uncertain),Paraná,Paiçandu,School,N/A,,cação
P1746 Paraná State School (name uncertain),Paraná,Rolândia,School,N/A,,cação
P1747 Paraná State School (name uncertain),Paraná,Rolândia,School,N/A,,cação
P1748 Paraná State School (name uncertain),Paraná,Rolândia,School,N/A,,cação
P1749 Paraná State School (name uncertain),Paraná,Rolândia,School,N/A,,cação
P1750 Paraná State School (name uncertain),Paraná,Rolândia,School,N/A,,cação
P1751 Paraná State School (name uncertain),Paraná,Rolândia,School,N/A,,cação
P1752 Paraná State School (name uncertain),Paraná,Wenceslau Braz,School,N/A,,cação
P1753 Paraná State School (name uncertain),Paraná,Wenceslau Braz,School,N/A,,cação
P1754 Paraná State School (name uncertain),Paraná,Wenceslau Braz,School,N/A,,cação
P1755 Paraná State School (name uncertain),Paraná,Wenceslau Braz,School,N/A,,cação
P1756 Paraná State School (name uncertain),Paraná,Wenceslau Braz,School,N/A,,cação
P1757 Paraná State School (name uncertain),Paraná,Wenceslau Braz,School,N/A,,cação
P1758 Paraná State School (name uncertain),Paraná,Altônia,School,N/A,,cação
P1759 Paraná State School (name uncertain),Paraná,Altônia,School,N/A,,cação
P1760 Paraná State School (name uncertain),Paraná,Altônia,School,N/A,,cação
P1761 Paraná State School (name uncertain),Paraná,Altônia,School,N/A,,cação
P1762 Paraná State School (name uncertain),Paraná,Altônia,School,N/A,,cação
P1763 Paraná State School (name uncertain),Paraná,Astorga,School,N/A,,cação
P1764 Paraná State School (name uncertain),Paraná,Astorga,School,N/A,,cação
P1765 Paraná State School (name uncertain),Paraná,Astorga,School,N/A,,cação
P1766 Paraná State School (name uncertain),Paraná,Astorga,School,N/A,,cação
P1767 Paraná State School (name uncertain),Paraná,Astorga,School,N/A,,cação
P1768 Paraná State School (name uncertain),Paraná,Barbosa Ferraz,School,N/A,,cação
P1769 Paraná State School (name uncertain),Paraná,Barbosa Ferraz,School,N/A,,cação
P1770 Paraná State School (name uncertain),Paraná,Barbosa Ferraz,School,N/A,,cação
P1771 Paraná State School (name uncertain),Paraná,Barbosa Ferraz,School,N/A,,cação
P1772 Paraná State School (name uncertain),Paraná,Barbosa Ferraz,School,N/A,,cação
P1773 Paraná State School (name uncertain),Paraná,Curiúva,School,N/A,,cação
P1774 Paraná State School (name uncertain),Paraná,Curiúva,School,N/A,,cação
P1775 Paraná State School (name uncertain),Paraná,Curiúva,School,N/A,,cação
P1776 Paraná State School (name uncertain),Paraná,Curiúva,School,N/A,,cação
P1777 Paraná State School (name uncertain),Paraná,Curiúva,School,N/A,,cação
P1778 Paraná State School (name uncertain),Paraná,Faxinal,School,N/A,,cação
P1779 Paraná State School (name uncertain),Paraná,Faxinal,School,N/A,,cação
P1780 Paraná State School (name uncertain),Paraná,Faxinal,School,N/A,,cação
P1781 Paraná State School (name uncertain),Paraná,Faxinal,School,N/A,,cação
P1782 Paraná State School (name uncertain),Paraná,Faxinal,School,N/A,,cação
P1783 Paraná State School (name uncertain),Paraná,Jardim Alegre,School,N/A,,cação
P1784 Paraná State School (name uncertain),Paraná,Jardim Alegre,School,N/A,,cação
P1785 Paraná State School (name uncertain),Paraná,Jardim Alegre,School,N/A,,cação
P1786 Paraná State School (name uncertain),Paraná,Jardim Alegre,School,N/A,,cação
P1787 Paraná State School (name uncertain),Paraná,Jardim Alegre,School,N/A,,cação
P1788 Paraná State School (name uncertain),Paraná,Nova Esperança,School,N/A,,cação
P1789 Paraná State School (name uncertain),Paraná,Nova Esperança,School,N/A,,cação
P1790 Paraná State School (name uncertain),Paraná,Nova Esperança,School,N/A,,cação
P1791 Paraná State School (name uncertain),Paraná,Nova Esperança,School,N/A,,cação
P1792 Paraná State School (name uncertain),Paraná,Nova Esperança,School,N/A,,cação
P1793 Paraná State School (name uncertain),Paraná,Nova Tebas,School,N/A,,cação
P1794 Paraná State School (name uncertain),Paraná,Nova Tebas,School,N/A,,cação
P1795 Paraná State School (name uncertain),Paraná,Nova Tebas,School,N/A,,cação
P1796 Paraná State School (name uncertain),Paraná,Nova Tebas,School,N/A,,cação
P1797 Paraná State School (name uncertain),Paraná,Nova Tebas,School,N/A,,cação
P1798 Paraná State School (name uncertain),Paraná,Ribeirão Claro,School,N/A,,cação
P1799 Paraná State School (name uncertain),Paraná,Ribeirão Claro,School,N/A,,cação
P1800 Paraná State School (name uncertain),Paraná,Ribeirão Claro,School,N/A,,cação
P1801 Paraná State School (name uncertain),Paraná,Ribeirão Claro,School,N/A,,cação
P1802 Paraná State School (name uncertain),Paraná,Ribeirão Claro,School,N/A,,cação
P1803 Paraná State School (name uncertain),Paraná,Rosário do Ivaí,School,N/A,,cação
P1804 Paraná State School (name uncertain),Paraná,Rosário do Ivaí,School,N/A,,cação
P1805 Paraná State School (name uncertain),Paraná,Rosário do Ivaí,School,N/A,,cação
P1806 Paraná State School (name uncertain),Paraná,Rosário do Ivaí,School,N/A,,cação
P1807 Paraná State School (name uncertain),Paraná,Rosário do Ivaí,School,N/A,,cação
P1808 Paraná State School (name uncertain),Paraná,São João do Ivaí,School,N/A,,cação
P1809 Paraná State School (name uncertain),Paraná,São João do Ivaí,School,N/A,,cação
P1810 Paraná State School (name uncertain),Paraná,São João do Ivaí,School,N/A,,cação
P1811 Paraná State School (name uncertain),Paraná,São João do Ivaí,School,N/A,,cação
P1812 Paraná State School (name uncertain),Paraná,São João do Ivaí,School,N/A,,cação
P1813 Paraná State School (name uncertain),Paraná,Sengés,School,N/A,,cação
P1814 Paraná State School (name uncertain),Paraná,Sengés,School,N/A,,cação
P1815 Paraná State School (name uncertain),Paraná,Sengés,School,N/A,,cação
P1816 Paraná State School (name uncertain),Paraná,Sengés,School,N/A,,cação
P1817 Paraná State School (name uncertain),Paraná,Sengés,School,N/A,,cação
P1818 Paraná State School (name uncertain),Paraná,Siqueira Campos,School,N/A,,cação
P1819 Paraná State School (name uncertain),Paraná,Siqueira Campos,School,N/A,,cação
P1820 Paraná State School (name uncertain),Paraná,Siqueira Campos,School,N/A,,cação
P1821 Paraná State School (name uncertain),Paraná,Siqueira Campos,School,N/A,,cação
P1822 Paraná State School (name uncertain),Paraná,Siqueira Campos,School,N/A,,cação
P1823 Paraná State School (name uncertain),Paraná,Alto Paraná,School,N/A,,cação
P1824 Paraná State School (name uncertain),Paraná,Alto Paraná,School,N/A,,cação
P1825 Paraná State School (name uncertain),Paraná,Alto Paraná,School,N/A,,cação
P1826 Paraná State School (name uncertain),Paraná,Alto Paraná,School,N/A,,cação
P1827 Paraná State School (name uncertain),Paraná,Andirá,School,N/A,,cação
P1828 Paraná State School (name uncertain),Paraná,Andirá,School,N/A,,cação
P1829 Paraná State School (name uncertain),Paraná,Andirá,School,N/A,,cação
P1830 Paraná State School (name uncertain),Paraná,Andirá,School,N/A,,cação
P1831 Paraná State School (name uncertain),Paraná,Assaí,School,N/A,,cação
P1832 Paraná State School (name uncertain),Paraná,Assaí,School,N/A,,cação
P1833 Paraná State School (name uncertain),Paraná,Assaí,School,N/A,,cação
P1834 Paraná State School (name uncertain),Paraná,Assaí,School,N/A,,cação
P1835 Paraná State School (name uncertain),Paraná,Carlópolis,School,N/A,,cação
P1836 Paraná State School (name uncertain),Paraná,Carlópolis,School,N/A,,cação
P1837 Paraná State School (name uncertain),Paraná,Carlópolis,School,N/A,,cação
P1838 Paraná State School (name uncertain),Paraná,Carlópolis,School,N/A,,cação
P1839 Paraná State School (name uncertain),Paraná,Colorado,School,N/A,,cação
P1840 Paraná State School (name uncertain),Paraná,Colorado,School,N/A,,cação
P1841 Paraná State School (name uncertain),Paraná,Colorado,School,N/A,,cação
P1842 Paraná State School (name uncertain),Paraná,Colorado,School,N/A,,cação
P1843 Paraná State School (name uncertain),Paraná,Cruzeiro do Oeste,School,N/A,,cação
P1844 Paraná State School (name uncertain),Paraná,Cruzeiro do Oeste,School,N/A,,cação
P1845 Paraná State School (name uncertain),Paraná,Cruzeiro do Oeste,School,N/A,,cação
P1846 Paraná State School (name uncertain),Paraná,Cruzeiro do Oeste,School,N/A,,cação
P1847 Paraná State School (name uncertain),Paraná,Cruzeiro do Oeste,School,N/A,,cação
P1848 Paraná State School (name uncertain),Paraná,Formosa do Oeste,School,N/A,,cação
P1849 Paraná State School (name uncertain),Paraná,Formosa do Oeste,School,N/A,,cação
P1850 Paraná State School (name uncertain),Paraná,Formosa do Oeste,School,N/A,,cação
P1851 Paraná State School (name uncertain),Paraná,Formosa do Oeste,School,N/A,,cação
P1852 Paraná State School (name uncertain),Paraná,Iporã,School,N/A,,cação
P1853 Paraná State School (name uncertain),Paraná,Iporã,School,N/A,,cação
P1854 Paraná State School (name uncertain),Paraná,Iporã,School,N/A,,cação
P1855 Paraná State School (name uncertain),Paraná,Iporã,School,N/A,,cação
P1856 Paraná State School (name uncertain),Paraná,Iretama,School,N/A,,cação
P1857 Paraná State School (name uncertain),Paraná,Iretama,School,N/A,,cação
P1858 Paraná State School (name uncertain),Paraná,Iretama,School,N/A,,cação
P1859 Paraná State School (name uncertain),Paraná,Iretama,School,N/A,,cação
P1860 Paraná State School (name uncertain),Paraná,Joaquim Távora,School,N/A,,cação
P1861 Paraná State School (name uncertain),Paraná,Joaquim Távora,School,N/A,,cação
P1862 Paraná State School (name uncertain),Paraná,Joaquim Távora,School,N/A,,cação
P1863 Paraná State School (name uncertain),Paraná,Joaquim Távora,School,N/A,,cação
P1864 Paraná State School (name uncertain),Paraná,Mandaguaçu,School,N/A,,cação
P1865 Paraná State School (name uncertain),Paraná,Mandaguaçu,School,N/A,,cação
P1866 Paraná State School (name uncertain),Paraná,Mandaguaçu,School,N/A,,cação
P1867 Paraná State School (name uncertain),Paraná,Mandaguaçu,School,N/A,,cação
P1868 Paraná State School (name uncertain),Paraná,Mandaguari,School,N/A,,cação
P1869 Paraná State School (name uncertain),Paraná,Mandaguari,School,N/A,,cação
P1870 Paraná State School (name uncertain),Paraná,Mandaguari,School,N/A,,cação
P1871 Paraná State School (name uncertain),Paraná,Mandaguari,School,N/A,,cação
P1872 Paraná State School (name uncertain),Paraná,Nova Aurora,School,N/A,,cação
P1873 Paraná State School (name uncertain),Paraná,Nova Aurora,School,N/A,,cação
P1874 Paraná State School (name uncertain),Paraná,Nova Aurora,School,N/A,,cação
P1875 Paraná State School (name uncertain),Paraná,Nova Aurora,School,N/A,,cação
P1876 Paraná State School (name uncertain),Paraná,Palmital,School,N/A,,cação
P1877 Paraná State School (name uncertain),Paraná,Palmital,School,N/A,,cação
P1878 Paraná State School (name uncertain),Paraná,Palmital,School,N/A,,cação
P1879 Paraná State School (name uncertain),Paraná,Palmital,School,N/A,,cação
P1880 Paraná State School (name uncertain),Paraná,Ribeirão do Pinhal,School,N/A,,cação
P1881 Paraná State School (name uncertain),Paraná,Ribeirão do Pinhal,School,N/A,,cação
P1882 Paraná State School (name uncertain),Paraná,Ribeirão do Pinhal,School,N/A,,cação
P1883 Paraná State School (name uncertain),Paraná,Ribeirão do Pinhal,School,N/A,,cação
P1884 Paraná State School (name uncertain),Paraná,Roncador,School,N/A,,cação
P1885 Paraná State School (name uncertain),Paraná,Roncador,School,N/A,,cação
P1886 Paraná State School (name uncertain),Paraná,Roncador,School,N/A,,cação
P1887 Paraná State School (name uncertain),Paraná,Roncador,School,N/A,,cação
P1888 Paraná State School (name uncertain),Paraná,Santa Cruz de Monte Castelo,School,N/A,,cação
P1889 Paraná State School (name uncertain),Paraná,Santa Cruz de Monte Castelo,School,N/A,,cação
P1890 Paraná State School (name uncertain),Paraná,Santa Cruz de Monte Castelo,School,N/A,,cação
P1891 Paraná State School (name uncertain),Paraná,Santa Cruz de Monte Castelo,School,N/A,,cação
P1892 Paraná State School (name uncertain),Paraná,Santa Mariana,School,N/A,,cação
P1893 Paraná State School (name uncertain),Paraná,Santa Mariana,School,N/A,,cação
P1894 Paraná State School (name uncertain),Paraná,Santa Mariana,School,N/A,,cação
P1895 Paraná State School (name uncertain),Paraná,Santa Mariana,School,N/A,,cação
P1896 Paraná State School (name uncertain),Paraná,São Pedro do Ivaí,School,N/A,,cação
P1897 Paraná State School (name uncertain),Paraná,São Pedro do Ivaí,School,N/A,,cação
P1898 Paraná State School (name uncertain),Paraná,São Pedro do Ivaí,School,N/A,,cação
P1899 Paraná State School (name uncertain),Paraná,São Pedro do Ivaí,School,N/A,,cação
P1900 Paraná State School (name uncertain),Paraná,Sapopema,School,N/A,,cação
P1901 Paraná State School (name uncertain),Paraná,Sapopema,School,N/A,,cação
P1902 Paraná State School (name uncertain),Paraná,Sapopema,School,N/A,,cação
P1903 Paraná State School (name uncertain),Paraná,Sapopema,School,N/A,,cação
P1904 Paraná State School (name uncertain),Paraná,Tamarana,School,N/A,,cação
P1905 Paraná State School (name uncertain),Paraná,Tamarana,School,N/A,,cação
P1906 Paraná State School (name uncertain),Paraná,Tamarana,School,N/A,,cação
P1907 Paraná State School (name uncertain),Paraná,Tamarana,School,N/A,,cação
P1908 Paraná State School (name uncertain),Paraná,Terra Boa,School,N/A,,cação
P1909 Paraná State School (name uncertain),Paraná,Terra Boa,School,N/A,,cação
P1910 Paraná State School (name uncertain),Paraná,Terra Boa,School,N/A,,cação
P1911 Paraná State School (name uncertain),Paraná,Terra Boa,School,N/A,,cação
P1912 Paraná State School (name uncertain),Paraná,Tuneiras do Oeste,School,N/A,,cação
P1913 Paraná State School (name uncertain),Paraná,Tuneiras do Oeste,School,N/A,,cação
P1914 Paraná State School (name uncertain),Paraná,Tuneiras do Oeste,School,N/A,,cação
P1915 Paraná State School (name uncertain),Paraná,Tuneiras do Oeste,School,N/A,,cação
P1916 Paraná State School (name uncertain),Paraná,Abatiá,School,N/A,,cação
P1917 Paraná State School (name uncertain),Paraná,Abatiá,School,N/A,,cação
P1918 Paraná State School (name uncertain),Paraná,Abatiá,School,N/A,,cação
P1919 Paraná State School (name uncertain),Paraná,Arapuã,School,N/A,,cação
P1920 Paraná State School (name uncertain),Paraná,Arapuã,School,N/A,,cação
P1921 Paraná State School (name uncertain),Paraná,Arapuã,School,N/A,,cação
P1922 Paraná State School (name uncertain),Paraná,Araruna,School,N/A,,cação
P1923 Paraná State School (name uncertain),Paraná,Araruna,School,N/A,,cação
P1924 Paraná State School (name uncertain),Paraná,Araruna,School,N/A,,cação
P1925 Paraná State School (name uncertain),Paraná,Bela Vista do Paraíso,School,N/A,,cação
P1926 Paraná State School (name uncertain),Paraná,Bela Vista do Paraíso,School,N/A,,cação
P1927 Paraná State School (name uncertain),Paraná,Bela Vista do Paraíso,School,N/A,,cação
P1928 Paraná State School (name uncertain),Paraná,Boa Ventura de São Roque,School,N/A,,cação
P1929 Paraná State School (name uncertain),Paraná,Boa Ventura de São Roque,School,N/A,,cação
P1930 Paraná State School (name uncertain),Paraná,Boa Ventura de São Roque,School,N/A,,cação
P1931 Paraná State School (name uncertain),Paraná,Cafezal do Sul,School,N/A,,cação
P1932 Paraná State School (name uncertain),Paraná,Cafezal do Sul,School,N/A,,cação
P1933 Paraná State School (name uncertain),Paraná,Cafezal do Sul,School,N/A,,cação
P1934 Paraná State School (name uncertain),Paraná,Congonhinhas,School,N/A,,cação
P1935 Paraná State School (name uncertain),Paraná,Congonhinhas,School,N/A,,cação
P1936 Paraná State School (name uncertain),Paraná,Congonhinhas,School,N/A,,cação
P1937 Paraná State School (name uncertain),Paraná,Diamante d'Oeste,School,N/A,,cação
P1938 Paraná State School (name uncertain),Paraná,Diamante d'Oeste,School,N/A,,cação
P1939 Paraná State School (name uncertain),Paraná,Diamante d'Oeste,School,N/A,,cação
P1940 Paraná State School (name uncertain),Paraná,Douradina,School,N/A,,cação
P1941 Paraná State School (name uncertain),Paraná,Douradina,School,N/A,,cação
P1942 Paraná State School (name uncertain),Paraná,Douradina,School,N/A,,cação
P1943 Paraná State School (name uncertain),Paraná,Figueira,School,N/A,,cação
P1944 Paraná State School (name uncertain),Paraná,Figueira,School,N/A,,cação
P1945 Paraná State School (name uncertain),Paraná,Figueira,School,N/A,,cação
P1946 Paraná State School (name uncertain),Paraná,Floresta,School,N/A,,cação
P1947 Paraná State School (name uncertain),Paraná,Floresta,School,N/A,,cação
P1948 Paraná State School (name uncertain),Paraná,Floresta,School,N/A,,cação
P1949 Paraná State School (name uncertain),Paraná,Florestópolis,School,N/A,,cação
P1950 Paraná State School (name uncertain),Paraná,Florestópolis,School,N/A,,cação
P1951 Paraná State School (name uncertain),Paraná,Florestópolis,School,N/A,,cação
P1952 Paraná State School (name uncertain),Paraná,Francisco Alves,School,N/A,,cação
P1953 Paraná State School (name uncertain),Paraná,Francisco Alves,School,N/A,,cação
P1954 Paraná State School (name uncertain),Paraná,Francisco Alves,School,N/A,,cação
P1955 Paraná State School (name uncertain),Paraná,Grandes Rios,School,N/A,,cação
P1956 Paraná State School (name uncertain),Paraná,Grandes Rios,School,N/A,,cação
P1957 Paraná State School (name uncertain),Paraná,Grandes Rios,School,N/A,,cação
P1958 Paraná State School (name uncertain),Paraná,Guaraci,School,N/A,,cação
P1959 Paraná State School (name uncertain),Paraná,Guaraci,School,N/A,,cação
P1960 Paraná State School (name uncertain),Paraná,Guaraci,School,N/A,,cação
P1961 Paraná State School (name uncertain),Paraná,Icaraíma,School,N/A,,cação
P1962 Paraná State School (name uncertain),Paraná,Icaraíma,School,N/A,,cação
P1963 Paraná State School (name uncertain),Paraná,Icaraíma,School,N/A,,cação
P1964 Paraná State School (name uncertain),Paraná,Imbaú,School,N/A,,cação
P1965 Paraná State School (name uncertain),Paraná,Imbaú,School,N/A,,cação
P1966 Paraná State School (name uncertain),Paraná,Imbaú,School,N/A,,cação
P1967 Paraná State School (name uncertain),Paraná,Itambaracá,School,N/A,,cação
P1968 Paraná State School (name uncertain),Paraná,Itambaracá,School,N/A,,cação
P1969 Paraná State School (name uncertain),Paraná,Itambaracá,School,N/A,,cação
P1970 Paraná State School (name uncertain),Paraná,Ivaté,School,N/A,,cação
P1971 Paraná State School (name uncertain),Paraná,Ivaté,School,N/A,,cação
P1972 Paraná State School (name uncertain),Paraná,Ivaté,School,N/A,,cação
P1973 Paraná State School (name uncertain),Paraná,Janiópolis,School,N/A,,cação
P1974 Paraná State School (name uncertain),Paraná,Janiópolis,School,N/A,,cação
P1975 Paraná State School (name uncertain),Paraná,Janiópolis,School,N/A,,cação
P1976 Paraná State School (name uncertain),Paraná,Juranda,School,N/A,,cação
P1977 Paraná State School (name uncertain),Paraná,Juranda,School,N/A,,cação
P1978 Paraná State School (name uncertain),Paraná,Juranda,School,N/A,,cação
P1979 Paraná State School (name uncertain),Paraná,Laranjal,School,N/A,,cação
P1980 Paraná State School (name uncertain),Paraná,Laranjal,School,N/A,,cação
P1981 Paraná State School (name uncertain),Paraná,Laranjal,School,N/A,,cação
P1982 Paraná State School (name uncertain),Paraná,Leópolis,School,N/A,,cação
P1983 Paraná State School (name uncertain),Paraná,Leópolis,School,N/A,,cação
P1984 Paraná State School (name uncertain),Paraná,Leópolis,School,N/A,,cação
P1985 Paraná State School (name uncertain),Paraná,Lidianópolis,School,N/A,,cação
P1986 Paraná State School (name uncertain),Paraná,Lidianópolis,School,N/A,,cação
P1987 Paraná State School (name uncertain),Paraná,Lidianópolis,School,N/A,,cação
P1988 Paraná State School (name uncertain),Paraná,Loanda,School,N/A,,cação
P1989 Paraná State School (name uncertain),Paraná,Loanda,School,N/A,,cação
P1990 Paraná State School (name uncertain),Paraná,Loanda,School,N/A,,cação
P1991 Paraná State School (name uncertain),Paraná,Loanda,School,N/A,,cação
P1992 Paraná State School (name uncertain),Paraná,Mamborê,School,N/A,,cação
P1993 Paraná State School (name uncertain),Paraná,Mamborê,School,N/A,,cação
P1994 Paraná State School (name uncertain),Paraná,Mamborê,School,N/A,,cação
P1995 Paraná State School (name uncertain),Paraná,Moreira Sales,School,N/A,,cação
P1996 Paraná State School (name uncertain),Paraná,Moreira Sales,School,N/A,,cação
P1997 Paraná State School (name uncertain),Paraná,Moreira Sales,School,N/A,,cação
P1998 Paraná State School (name uncertain),Paraná,Nova Cantu,School,N/A,,cação
P1999 Paraná State School (name uncertain),Paraná,Nova Cantu,School,N/A,,cação
P2000 Paraná State School (name uncertain),Paraná,Nova Cantu,School,N/A,,cação
P2001 Paraná State School (name uncertain),Paraná,Nova Londrina,School,N/A,,cação
P2002 Paraná State School (name uncertain),Paraná,Nova Londrina,School,N/A,,cação
P2003 Paraná State School (name uncertain),Paraná,Nova Londrina,School,N/A,,cação
P2004 Paraná State School (name uncertain),Paraná,Nova Santa Rosa,School,N/A,,cação
P2005 Paraná State School (name uncertain),Paraná,Nova Santa Rosa,School,N/A,,cação
P2006 Paraná State School (name uncertain),Paraná,Nova Santa Rosa,School,N/A,,cação
P2007 Paraná State School (name uncertain),Paraná,Pinhalão,School,N/A,,cação
P2008 Paraná State School (name uncertain),Paraná,Pinhalão,School,N/A,,cação
P2009 Paraná State School (name uncertain),Paraná,Pinhalão,School,N/A,,cação
P2010 Paraná State School (name uncertain),Paraná,Porecatu,School,N/A,,cação
P2011 Paraná State School (name uncertain),Paraná,Porecatu,School,N/A,,cação
P2012 Paraná State School (name uncertain),Paraná,Porecatu,School,N/A,,cação
P2013 Paraná State School (name uncertain),Paraná,Querência do Norte,School,N/A,,cação
P2014 Paraná State School (name uncertain),Paraná,Querência do Norte,School,N/A,,cação
P2015 Paraná State School (name uncertain),Paraná,Querência do Norte,School,N/A,,cação
P2016 Paraná State School (name uncertain),Paraná,Santa Amélia,School,N/A,,cação
P2017 Paraná State School (name uncertain),Paraná,Santa Amélia,School,N/A,,cação
P2018 Paraná State School (name uncertain),Paraná,Santa Amélia,School,N/A,,cação
P2019 Paraná State School (name uncertain),Paraná,Santa Isabel do Ivaí,School,N/A,,cação
P2020 Paraná State School (name uncertain),Paraná,Santa Isabel do Ivaí,School,N/A,,cação
P2021 Paraná State School (name uncertain),Paraná,Santa Isabel do Ivaí,School,N/A,,cação
P2022 Paraná State School (name uncertain),Paraná,Sertaneja,School,N/A,,cação
P2023 Paraná State School (name uncertain),Paraná,Sertaneja,School,N/A,,cação
P2024 Paraná State School (name uncertain),Paraná,Sertaneja,School,N/A,,cação
P2025 Paraná State School (name uncertain),Paraná,Tapira,School,N/A,,cação
P2026 Paraná State School (name uncertain),Paraná,Tapira,School,N/A,,cação
P2027 Paraná State School (name uncertain),Paraná,Tapira,School,N/A,,cação
P2028 Paraná State School (name uncertain),Paraná,Terra Rica,School,N/A,,cação
P2029 Paraná State School (name uncertain),Paraná,Terra Rica,School,N/A,,cação
P2030 Paraná State School (name uncertain),Paraná,Terra Rica,School,N/A,,cação
P2031 Paraná State School (name uncertain),Paraná,Tupãssi,School,N/A,,cação
P2032 Paraná State School (name uncertain),Paraná,Tupãssi,School,N/A,,cação
P2033 Paraná State School (name uncertain),Paraná,Tupãssi,School,N/A,,cação
P2034 Paraná State School (name uncertain),Paraná,Uraí,School,N/A,,cação
P2035 Paraná State School (name uncertain),Paraná,Uraí,School,N/A,,cação
P2036 Paraná State School (name uncertain),Paraná,Uraí,School,N/A,,cação
P2037 Paraná State School (name uncertain),Paraná,Xambrê,School,N/A,,cação
P2038 Paraná State School (name uncertain),Paraná,Xambrê,School,N/A,,cação
P2039 Paraná State School (name uncertain),Paraná,Xambrê,School,N/A,,cação
P2040 Paraná State School (name uncertain),Paraná,Alvorada do Sul,School,N/A,,cação
P2041 Paraná State School (name uncertain),Paraná,Alvorada do Sul,School,N/A,,cação
P2042 Paraná State School (name uncertain),Paraná,Barra do Jacaré,School,N/A,,cação
P2043 Paraná State School (name uncertain),Paraná,Barra do Jacaré,School,N/A,,cação
P2044 Paraná State School (name uncertain),Paraná,Boa Esperança,School,N/A,,cação
P2045 Paraná State School (name uncertain),Paraná,Boa Esperança,School,N/A,,cação
P2046 Paraná State School (name uncertain),Paraná,Borrazópolis,School,N/A,,cação
P2047 Paraná State School (name uncertain),Paraná,Borrazópolis,School,N/A,,cação
P2048 Paraná State School (name uncertain),Paraná,Cambira,School,N/A,,cação
P2049 Paraná State School (name uncertain),Paraná,Cambira,School,N/A,,cação
P2050 Paraná State School (name uncertain),Paraná,Conselheiro Mairinck,School,N/A,,cação
P2051 Paraná State School (name uncertain),Paraná,Conselheiro Mairinck,School,N/A,,cação
P2052 Paraná State School (name uncertain),Paraná,Cruzeiro do Sul,School,N/A,,cação
P2053 Paraná State School (name uncertain),Paraná,Cruzeiro do Sul,School,N/A,,cação
P2054 Paraná State School (name uncertain),Paraná,Cruzmaltina,School,N/A,,cação
P2055 Paraná State School (name uncertain),Paraná,Cruzmaltina,School,N/A,,cação
P2056 Paraná State School (name uncertain),Paraná,Diamante do Norte,School,N/A,,cação
P2057 Paraná State School (name uncertain),Paraná,Diamante do Norte,School,N/A,,cação
P2058 Paraná State School (name uncertain),Paraná,Doutor Camargo,School,N/A,,cação
P2059 Paraná State School (name uncertain),Paraná,Doutor Camargo,School,N/A,,cação
P2060 Paraná State School (name uncertain),Paraná,Floraí,School,N/A,,cação
P2061 Paraná State School (name uncertain),Paraná,Floraí,School,N/A,,cação
P2062 Paraná State School (name uncertain),Paraná,Inajá,School,N/A,,cação
P2063 Paraná State School (name uncertain),Paraná,Inajá,School,N/A,,cação
P2064 Paraná State School (name uncertain),Paraná,Itambé,School,N/A,,cação
P2065 Paraná State School (name uncertain),Paraná,Itambé,School,N/A,,cação
P2066 Paraná State School (name uncertain),Paraná,Itaúna do Sul,School,N/A,,cação
P2067 Paraná State School (name uncertain),Paraná,Itaúna do Sul,School,N/A,,cação
P2068 Paraná State School (name uncertain),Paraná,Jaguapitã,School,N/A,,cação
P2069 Paraná State School (name uncertain),Paraná,Jaguapitã,School,N/A,,cação
P2070 Paraná State School (name uncertain),Paraná,Japurá,School,N/A,,cação
P2071 Paraná State School (name uncertain),Paraná,Japurá,School,N/A,,cação
P2072 Paraná State School (name uncertain),Paraná,Jataizinho,School,N/A,,cação
P2073 Paraná State School (name uncertain),Paraná,Jataizinho,School,N/A,,cação
P2074 Paraná State School (name uncertain),Paraná,Jesuítas,School,N/A,,cação
P2075 Paraná State School (name uncertain),Paraná,Jesuítas,School,N/A,,cação
P2076 Paraná State School (name uncertain),Paraná,Jundiaí do Sul,School,N/A,,cação
P2077 Paraná State School (name uncertain),Paraná,Jundiaí do Sul,School,N/A,,cação
P2078 Paraná State School (name uncertain),Paraná,Kaloré,School,N/A,,cação
P2079 Paraná State School (name uncertain),Paraná,Kaloré,School,N/A,,cação
P2080 Paraná State School (name uncertain),Paraná,Lobato,School,N/A,,cação
P2081 Paraná State School (name uncertain),Paraná,Lobato,School,N/A,,cação
P2082 Paraná State School (name uncertain),Paraná,Lunardelli,School,N/A,,cação
P2083 Paraná State School (name uncertain),Paraná,Lunardelli,School,N/A,,cação
P2084 Paraná State School (name uncertain),Paraná,Maria Helena,School,N/A,,cação
P2085 Paraná State School (name uncertain),Paraná,Maria Helena,School,N/A,,cação
P2086 Paraná State School (name uncertain),Paraná,Marilândia do Sul,School,N/A,,cação
P2087 Paraná State School (name uncertain),Paraná,Marilândia do Sul,School,N/A,,cação
P2088 Paraná State School (name uncertain),Paraná,Mariluz,School,N/A,,cação
P2089 Paraná State School (name uncertain),Paraná,Mariluz,School,N/A,,cação
P2090 Paraná State School (name uncertain),Paraná,Maripá,School,N/A,,cação
P2091 Paraná State School (name uncertain),Paraná,Maripá,School,N/A,,cação
P2092 Paraná State School (name uncertain),Paraná,Mato Rico,School,N/A,,cação
P2093 Paraná State School (name uncertain),Paraná,Mato Rico,School,N/A,,cação
P2094 Paraná State School (name uncertain),Paraná,Mercedes,School,N/A,,cação
P2095 Paraná State School (name uncertain),Paraná,Mercedes,School,N/A,,cação
P2096 Paraná State School (name uncertain),Paraná,Nova Fátima,School,N/A,,cação
P2097 Paraná State School (name uncertain),Paraná,Nova Fátima,School,N/A,,cação
P2098 Paraná State School (name uncertain),Paraná,Ouro Verde do Oeste,School,N/A,,cação
P2099 Paraná State School (name uncertain),Paraná,Ouro Verde do Oeste,School,N/A,,cação
P2100 Paraná State School (name uncertain),Paraná,Paranácity,School,N/A,,cação
P2101 Paraná State School (name uncertain),Paraná,Paranácity,School,N/A,,cação
P2102 Paraná State School (name uncertain),Paraná,Peabiru,School,N/A,,cação
P2103 Paraná State School (name uncertain),Paraná,Peabiru,School,N/A,,cação
P2104 Paraná State School (name uncertain),Paraná,Pérola,School,N/A,,cação
P2105 Paraná State School (name uncertain),Paraná,Pérola,School,N/A,,cação
P2106 Paraná State School (name uncertain),Paraná,Primeiro de Maio,School,N/A,,cação
P2107 Paraná State School (name uncertain),Paraná,Primeiro de Maio,School,N/A,,cação
P2108 Paraná State School (name uncertain),Paraná,Quarto Centenário,School,N/A,,cação
P2109 Paraná State School (name uncertain),Paraná,Quarto Centenário,School,N/A,,cação
P2110 Paraná State School (name uncertain),Paraná,Quatiguá,School,N/A,,cação
P2111 Paraná State School (name uncertain),Paraná,Quatiguá,School,N/A,,cação
P2112 Paraná State School (name uncertain),Paraná,Rio Branco do Ivaí,School,N/A,,cação
P2113 Paraná State School (name uncertain),Paraná,Rio Branco do Ivaí,School,N/A,,cação
P2114 Paraná State School (name uncertain),Paraná,Rondon,School,N/A,,cação
P2115 Paraná State School (name uncertain),Paraná,Rondon,School,N/A,,cação
P2116 Paraná State School (name uncertain),Paraná,Sabáudia,School,N/A,,cação
P2117 Paraná State School (name uncertain),Paraná,Sabáudia,School,N/A,,cação
P2118 Paraná State School (name uncertain),Paraná,Santa Fé,School,N/A,,cação
P2119 Paraná State School (name uncertain),Paraná,Santa Fé,School,N/A,,cação
P2120 Paraná State School (name uncertain),Paraná,Santo Inácio,School,N/A,,cação
P2121 Paraná State School (name uncertain),Paraná,Santo Inácio,School,N/A,,cação
P2122 Paraná State School (name uncertain),Paraná,São Jorge do Patrocínio,School,N/A,,cação
P2123 Paraná State School (name uncertain),Paraná,São Jorge do Patrocínio,School,N/A,,cação
P2124 Paraná State School (name uncertain),Paraná,São José da Boa Vista,School,N/A,,cação
P2125 Paraná State School (name uncertain),Paraná,São José da Boa Vista,School,N/A,,cação
P2126 Paraná State School (name uncertain),Paraná,São Pedro do Iguaçu,School,N/A,,cação
P2127 Paraná State School (name uncertain),Paraná,São Pedro do Iguaçu,School,N/A,,cação
P2128 Paraná State School (name uncertain),Paraná,São Pedro do Paraná,School,N/A,,cação
P2129 Paraná State School (name uncertain),Paraná,São Pedro do Paraná,School,N/A,,cação
P2130 Paraná State School (name uncertain),Paraná,São Sebastião da Amoreira,School,N/A,,cação
P2131 Paraná State School (name uncertain),Paraná,São Sebastião da Amoreira,School,N/A,,cação
P2132 Paraná State School (name uncertain),Paraná,São Tomé,School,N/A,,cação
P2133 Paraná State School (name uncertain),Paraná,São Tomé,School,N/A,,cação
P2134 Paraná State School (name uncertain),Paraná,Sertanópolis,School,N/A,,cação
P2135 Paraná State School (name uncertain),Paraná,Sertanópolis,School,N/A,,cação
P2136 Paraná State School (name uncertain),Paraná,Tapejara,School,N/A,,cação
P2137 Paraná State School (name uncertain),Paraná,Tapejara,School,N/A,,cação
P2138 Paraná State School (name uncertain),Paraná,Ventania,School,N/A,,cação
P2139 Paraná State School (name uncertain),Paraná,Ventania,School,N/A,,cação
P2140 Paraná State School (name uncertain),Paraná,Altamira do Paraná,School,N/A,,cação
P2141 Paraná State School (name uncertain),Paraná,Alto Paraíso,School,N/A,,cação
P2142 Paraná State School (name uncertain),Paraná,Amaporã,School,N/A,,cação
P2143 Paraná State School (name uncertain),Paraná,Ângulo,School,N/A,,cação
P2144 Paraná State School (name uncertain),Paraná,Ariranha do Ivaí,School,N/A,,cação
P2145 Paraná State School (name uncertain),Paraná,Atalaia,School,N/A,,cação
P2146 Paraná State School (name uncertain),Paraná,Bom Sucesso,School,N/A,,cação
P2147 Paraná State School (name uncertain),Paraná,Brasilândia do Sul,School,N/A,,cação
P2148 Paraná State School (name uncertain),Paraná,Cafeara,School,N/A,,cação
P2149 Paraná State School (name uncertain),Paraná,Califórnia,School,N/A,,cação
P2150 Paraná State School (name uncertain),Paraná,Centenário do Sul,School,N/A,,cação
P2151 Paraná State School (name uncertain),Paraná,Cidade Gaúcha,School,N/A,,cação
P2152 Paraná State School (name uncertain),Paraná,Corumbataí do Sul,School,N/A,,cação
P2153 Paraná State School (name uncertain),Paraná,Entre Rios do Oeste,School,N/A,,cação
P2154 Paraná State School (name uncertain),Paraná,Esperança Nova,School,N/A,,cação
P2155 Paraná State School (name uncertain),Paraná,Farol,School,N/A,,cação
P2156 Paraná State School (name uncertain),Paraná,Fênix,School,N/A,,cação
P2157 Paraná State School (name uncertain),Paraná,Flórida,School,N/A,,cação
P2158 Paraná State School (name uncertain),Paraná,Godoy Moreira,School,N/A,,cação
P2159 Paraná State School (name uncertain),Paraná,Guairaçá,School,N/A,,cação
P2160 Paraná State School (name uncertain),Paraná,Guapirama,School,N/A,,cação
P2161 Paraná State School (name uncertain),Paraná,Guaporema,School,N/A,,cação
P2162 Paraná State School (name uncertain),Paraná,Indianópolis,School,N/A,,cação
P2163 Paraná State School (name uncertain),Paraná,Iracema do Oeste,School,N/A,,cação
P2164 Paraná State School (name uncertain),Paraná,Itaguajé,School,N/A,,cação
P2165 Paraná State School (name uncertain),Paraná,Ivatuba,School,N/A,,cação
P2166 Paraná State School (name uncertain),Paraná,Jaboti,School,N/A,,cação
P2167 Paraná State School (name uncertain),Paraná,Japira,School,N/A,,cação
P2168 Paraná State School (name uncertain),Paraná,Jardim Olinda,School,N/A,,cação
P2169 Paraná State School (name uncertain),Paraná,Jussara,School,N/A,,cação
P2170 Paraná State School (name uncertain),Paraná,Luiziana,School,N/A,,cação
P2171 Paraná State School (name uncertain),Paraná,Lupionópolis,School,N/A,,cação
P2172 Paraná State School (name uncertain),Paraná,Marilena,School,N/A,,cação
P2173 Paraná State School (name uncertain),Paraná,Marumbi,School,N/A,,cação
P2174 Paraná State School (name uncertain),Paraná,Mauá da Serra,School,N/A,,cação
P2175 Paraná State School (name uncertain),Paraná,Mirador,School,N/A,,cação
P2176 Paraná State School (name uncertain),Paraná,Miraselva,School,N/A,,cação
P2177 Paraná State School (name uncertain),Paraná,Munhoz de Melo,School,N/A,,cação
P2178 Paraná State School (name uncertain),Paraná,Nossa Senhora das Graças,School,N/A,,cação
P2179 Paraná State School (name uncertain),Paraná,Nova Aliança do Ivaí,School,N/A,,cação
P2180 Paraná State School (name uncertain),Paraná,Nova América da Colina,School,N/A,,cação
P2181 Paraná State School (name uncertain),Paraná,Nova Olímpia,School,N/A,,cação
P2182 Paraná State School (name uncertain),Paraná,Nova Santa Bárbara,School,N/A,,cação
P2183 Paraná State School (name uncertain),Paraná,Novo Itacolomi,School,N/A,,cação
P2184 Paraná State School (name uncertain),Paraná,Ourizona,School,N/A,,cação
P2185 Paraná State School (name uncertain),Paraná,Paraíso do Norte,School,N/A,,cação
P2186 Paraná State School (name uncertain),Paraná,Paranápoema,School,N/A,,cação
P2187 Paraná State School (name uncertain),Paraná,Pato Bragado,School,N/A,,cação
P2188 Paraná State School (name uncertain),Paraná,Perobal,School,N/A,,cação
P2189 Paraná State School (name uncertain),Paraná,Pitangueiras,School,N/A,,cação
P2190 Paraná State School (name uncertain),Paraná,Planaltina do Paraná,School,N/A,,cação
P2191 Paraná State School (name uncertain),Paraná,Porto Rico,School,N/A,,cação
P2192 Paraná State School (name uncertain),Paraná,Prado Ferreira,School,N/A,,cação
P2193 Paraná State School (name uncertain),Paraná,Presidente Castelo Branco,School,N/A,,cação
P2194 Paraná State School (name uncertain),Paraná,Quatro Pontes,School,N/A,,cação
P2195 Paraná State School (name uncertain),Paraná,Quinta do Sol,School,N/A,,cação
P2196 Paraná State School (name uncertain),Paraná,Rancho Alegre,School,N/A,,cação
P2197 Paraná State School (name uncertain),Paraná,Rancho Alegre d'Oeste,School,N/A,,cação
P2198 Paraná State School (name uncertain),Paraná,Rio Bom,School,N/A,,cação
P2199 Paraná State School (name uncertain),Paraná,Salto do Itararé,School,N/A,,cação
P2200 Paraná State School (name uncertain),Paraná,Santa Inês,School,N/A,,cação
P2201 Paraná State School (name uncertain),Paraná,Santa Mônica,School,N/A,,cação
P2202 Paraná State School (name uncertain),Paraná,Santana do Itararé,School,N/A,,cação
P2203 Paraná State School (name uncertain),Paraná,Santo Antônio do Caiuá,School,N/A,,cação
P2204 Paraná State School (name uncertain),Paraná,Santo Antônio do Paraíso,School,N/A,,cação
P2205 Paraná State School (name uncertain),Paraná,São Carlos do Ivaí,School,N/A,,cação
P2206 Paraná State School (name uncertain),Paraná,São João do Caiuá,School,N/A,,cação
P2207 Paraná State School (name uncertain),Paraná,São Jorge do Ivaí,School,N/A,,cação
P2208 Paraná State School (name uncertain),Paraná,São José das Palmeiras,School,N/A,,cação
P2209 Paraná State School (name uncertain),Paraná,São Manoel do Paraná,School,N/A,,cação
P2210 Paraná State School (name uncertain),Paraná,Tamboara,School,N/A,,cação
P2211 Paraná State School (name uncertain),Paraná,Uniflor,School,N/A,,cação
Xadrez Grupo de Operações Especiais,Rio Grande do Sul,Porto Alegre,Military,"Rua Professor Freitas e Castro, s/n, Azenha",,anjo
Creche Tio Chico da Brigada Militar,Rio Grande do Sul,Porto Alegre,Military,"R. Silvado, 456 - Partenon, Porto Alegre - RS, 91510-100, Brazil",,anjo
Hospital Colônia Itapuã,Rio Grande do Sul,Viamão,Healthcare,"Rodovia Frei Pacífico, s/n - Viamão/RS",,anjo
Brigada Militar - Departamento de Ensino,Rio Grande do Sul,Porto Alegre,Military,"Avenida Coronel Aparício Borges, 2001 – Glória, Porto Alegre – RS",,anjo
Hospital da Brigada Militar de Santa Maria,Rio Grande do Sul,Santa Maria,Healthcare,"Rua Euclides da Cunha, 1800 – Bairro Presidente João Goulart, Santa Maria – RS",,anjo
CASE Santa Maria - Centro de Atendimento Socioeducativo,Rio Grande do Sul,Santa Maria,Other,"BR-158, nº 11.105, Km 3 – Santa Maria, RS",,anjo
Hospital Sanatório Partenon,Rio Grande do Sul,Porto Alegre,Healthcare,"Avenida Bento Gonçalves, 3722 – Bairro Santo Antônio, Porto Alegre – RS",,anjo